2025-05-09 16:09:54,008 [Worker-8: Loading available Gradle versions] INFO  o.e.b.c.i.u.g.PublishedGradleVersions - Gradle version information cache is not available. Remote download required.
2025-05-09 16:10:33,447 [Worker-14: Importing Maven projects] INFO  o.e.m.c.i.l.LifecycleMappingFactory - Using org.eclipse.m2e.jdt.JarLifecycleMapping lifecycle mapping for MavenProject: com.example:facturacion:0.0.1-SNAPSHOT @ C:\Users\vespe\OneDrive\Escritorio\ProyectosPersonales\Curso-Coder-Java\Proyecto\facturacion\pom.xml.
2025-05-09 16:10:34,414 [Worker-14: Importing Maven projects] WARN  o.e.m.c.i.embedder.EclipseLogger - The artifact org.hibernate:hibernate-core:jar:6.4.4.Final has been relocated to org.hibernate.orm:hibernate-core:jar:6.4.4.Final
2025-05-09 16:10:35,876 [Worker-14: Importing Maven projects] INFO  o.e.m.j.i.AbstractJavaProjectConfigurator - Adding source folder /facturacion/src/main/java
2025-05-09 16:10:35,879 [Worker-14: Importing Maven projects] INFO  o.e.m.j.i.AbstractJavaProjectConfigurator - Adding resource folder /facturacion/src/main/resources
2025-05-09 16:10:35,881 [Worker-14: Importing Maven projects] INFO  o.e.m.j.i.AbstractJavaProjectConfigurator - Adding resource folder /facturacion/src/main/resources
2025-05-09 16:10:35,883 [Worker-14: Importing Maven projects] INFO  o.e.m.j.i.AbstractJavaProjectConfigurator - Adding source folder /facturacion/src/test/java
2025-05-09 16:10:35,884 [Worker-14: Importing Maven projects] INFO  o.e.m.j.i.AbstractJavaProjectConfigurator - Adding resource folder /facturacion/src/test/resources
2025-05-09 16:10:36,525 [Worker-14: Importing Maven projects] INFO  o.e.m.c.i.p.ProjectConfigurationManager - Imported and configured 1 project(s) in 4 sec
2025-05-09 16:10:36,867 [Worker-32: Updating Maven Project] INFO  o.e.m.c.i.p.ProjectConfigurationManager - Update started
2025-05-09 16:10:38,110 [Worker-32: Updating Maven Project] INFO  o.e.m.c.i.l.LifecycleMappingFactory - Using org.eclipse.m2e.jdt.JarLifecycleMapping lifecycle mapping for MavenProject: com.example:facturacion:0.0.1-SNAPSHOT @ C:\Users\vespe\OneDrive\Escritorio\ProyectosPersonales\Curso-Coder-Java\Proyecto\facturacion\pom.xml.
2025-05-09 16:10:38,793 [Worker-32: Updating Maven Project] WARN  o.e.m.c.i.embedder.EclipseLogger - The artifact org.hibernate:hibernate-core:jar:6.4.4.Final has been relocated to org.hibernate.orm:hibernate-core:jar:6.4.4.Final
2025-05-09 16:10:39,286 [Worker-32: Updating Maven Project] INFO  o.e.m.j.i.AbstractJavaProjectConfigurator - Adding source folder /facturacion/src/main/java
2025-05-09 16:10:39,287 [Worker-32: Updating Maven Project] INFO  o.e.m.j.i.AbstractJavaProjectConfigurator - Adding resource folder /facturacion/src/main/resources
2025-05-09 16:10:39,287 [Worker-32: Updating Maven Project] INFO  o.e.m.j.i.AbstractJavaProjectConfigurator - Adding resource folder /facturacion/src/main/resources
2025-05-09 16:10:39,288 [Worker-32: Updating Maven Project] INFO  o.e.m.j.i.AbstractJavaProjectConfigurator - Adding source folder /facturacion/src/test/java
2025-05-09 16:10:39,289 [Worker-32: Updating Maven Project] INFO  o.e.m.j.i.AbstractJavaProjectConfigurator - Adding resource folder /facturacion/src/test/resources
2025-05-09 16:10:39,844 [Worker-32: Updating Maven Project] INFO  o.e.m.c.i.p.ProjectConfigurationManager - Update completed for 1 poms: local refresh takes 0.00 sec, refresh facades takes 2.00 sec, update config takes 0.00 sec 
2025-05-09 16:10:42,208 [Worker-21: Building] INFO  o.a.m.s.f.DefaultMavenResourcesFiltering - Copying 1 resource from src\main\resources to target\classes
2025-05-09 16:10:42,225 [Worker-21: Building] INFO  o.a.m.s.f.DefaultMavenResourcesFiltering - Copying 4 resources from src\main\resources to target\classes
2025-05-09 16:10:42,237 [Worker-21: Building] INFO  o.a.m.s.f.DefaultMavenResourcesFiltering - skip non existing resourceDirectory C:\Users\vespe\OneDrive\Escritorio\ProyectosPersonales\Curso-Coder-Java\Proyecto\facturacion\src\test\resources
2025-05-09 16:11:39,252 [Worker-0: Loading available Gradle versions] INFO  o.e.b.c.i.u.g.PublishedGradleVersions - Gradle version information cache is up-to-date. Trying to read.
2025-05-09 16:12:30,990 [Worker-38: Importing Maven projects] INFO  o.e.m.c.i.l.LifecycleMappingFactory - Using org.eclipse.m2e.jdt.JarLifecycleMapping lifecycle mapping for MavenProject: com.coderhouse:crud_proyecto:0.0.1-SNAPSHOT @ C:\Users\vespe\OneDrive\Escritorio\ProyectosPersonales\Curso-Coder-Java\proyecto-main\crud_proyecto\pom.xml.
2025-05-09 16:12:32,638 [Worker-38: Importing Maven projects] INFO  o.e.m.j.i.AbstractJavaProjectConfigurator - Adding source folder /crud_proyecto/src/main/java
2025-05-09 16:12:32,640 [Worker-38: Importing Maven projects] INFO  o.e.m.j.i.AbstractJavaProjectConfigurator - Adding resource folder /crud_proyecto/src/main/resources
2025-05-09 16:12:32,653 [Worker-38: Importing Maven projects] INFO  o.e.m.j.i.AbstractJavaProjectConfigurator - Adding resource folder /crud_proyecto/src/main/resources
2025-05-09 16:12:32,656 [Worker-38: Importing Maven projects] INFO  o.e.m.j.i.AbstractJavaProjectConfigurator - Adding source folder /crud_proyecto/src/test/java
2025-05-09 16:12:32,657 [Worker-38: Importing Maven projects] INFO  o.e.m.j.i.AbstractJavaProjectConfigurator - Adding resource folder /crud_proyecto/src/test/resources
2025-05-09 16:12:33,025 [Worker-38: Importing Maven projects] INFO  o.e.m.c.i.p.ProjectConfigurationManager - Imported and configured 1 project(s) in 3 sec
2025-05-09 16:12:34,565 [Worker-37: Building] INFO  o.a.m.s.f.DefaultMavenResourcesFiltering - Copying 1 resource from src\main\resources to target\classes
2025-05-09 16:12:34,606 [Worker-37: Building] INFO  o.a.m.s.f.DefaultMavenResourcesFiltering - Copying 5 resources from src\main\resources to target\classes
2025-05-09 16:12:34,625 [Worker-37: Building] INFO  o.a.m.s.f.DefaultMavenResourcesFiltering - skip non existing resourceDirectory C:\Users\vespe\OneDrive\Escritorio\ProyectosPersonales\Curso-Coder-Java\proyecto-main\crud_proyecto\src\test\resources
2025-05-09 16:12:36,969 [Worker-16: Check for devtools] WARN  o.e.m.c.i.embedder.EclipseLogger - The artifact org.hibernate:hibernate-core:jar:6.4.4.Final has been relocated to org.hibernate.orm:hibernate-core:jar:6.4.4.Final
2025-05-09 16:37:36,088 [Worker-39: Building] INFO  o.a.m.s.f.DefaultMavenResourcesFiltering - Copying 1 resource from src\main\resources to target\classes
2025-05-09 16:37:36,097 [Worker-39: Building] INFO  o.a.m.s.f.DefaultMavenResourcesFiltering - Copying 5 resources from src\main\resources to target\classes
2025-05-09 16:37:36,102 [Worker-39: Building] INFO  o.a.m.s.f.DefaultMavenResourcesFiltering - skip non existing resourceDirectory C:\Users\vespe\OneDrive\Escritorio\ProyectosPersonales\Curso-Coder-Java\proyecto-main\crud_proyecto\src\test\resources
2025-05-09 16:48:00,641 [Worker-41: Building] INFO  o.a.m.s.f.DefaultMavenResourcesFiltering - Copying 1 resource from src\main\resources to target\classes
2025-05-09 16:48:00,651 [Worker-41: Building] INFO  o.a.m.s.f.DefaultMavenResourcesFiltering - Copying 5 resources from src\main\resources to target\classes
2025-05-09 16:48:00,657 [Worker-41: Building] INFO  o.a.m.s.f.DefaultMavenResourcesFiltering - skip non existing resourceDirectory C:\Users\vespe\OneDrive\Escritorio\ProyectosPersonales\Curso-Coder-Java\proyecto-main\crud_proyecto\src\test\resources
2025-05-09 17:04:19,778 [Worker-47: Building] INFO  o.a.m.s.f.DefaultMavenResourcesFiltering - Copying 1 resource from src\main\resources to target\classes
2025-05-09 17:04:19,788 [Worker-47: Building] INFO  o.a.m.s.f.DefaultMavenResourcesFiltering - Copying 5 resources from src\main\resources to target\classes
2025-05-09 17:04:19,791 [Worker-47: Building] INFO  o.a.m.s.f.DefaultMavenResourcesFiltering - skip non existing resourceDirectory C:\Users\vespe\OneDrive\Escritorio\ProyectosPersonales\Curso-Coder-Java\proyecto-main\crud_proyecto\src\test\resources
2025-05-09 17:04:39,153 [Worker-10: Building] INFO  o.a.m.s.f.DefaultMavenResourcesFiltering - Copying 1 resource from src\main\resources to target\classes
2025-05-09 17:04:39,162 [Worker-10: Building] INFO  o.a.m.s.f.DefaultMavenResourcesFiltering - Copying 5 resources from src\main\resources to target\classes
2025-05-09 17:04:39,165 [Worker-10: Building] INFO  o.a.m.s.f.DefaultMavenResourcesFiltering - skip non existing resourceDirectory C:\Users\vespe\OneDrive\Escritorio\ProyectosPersonales\Curso-Coder-Java\proyecto-main\crud_proyecto\src\test\resources
2025-05-14 20:38:01,515 [Worker-4: Loading available Gradle versions] INFO  o.e.b.c.i.u.g.PublishedGradleVersions - Gradle version information cache is out-of-date. Trying to update.
2025-05-19 15:11:32,387 [Worker-4: Loading available Gradle versions] INFO  o.e.b.c.i.u.g.PublishedGradleVersions - Gradle version information cache is out-of-date. Trying to update.
2025-05-19 16:41:23,956 [Worker-49: Building] INFO  o.a.m.s.f.DefaultMavenResourcesFiltering - Copying 1 resource from src\main\resources to target\classes
2025-05-19 16:41:23,997 [Worker-49: Building] INFO  o.a.m.s.f.DefaultMavenResourcesFiltering - Copying 5 resources from src\main\resources to target\classes
2025-05-19 16:41:24,007 [Worker-49: Building] INFO  o.a.m.s.f.DefaultMavenResourcesFiltering - skip non existing resourceDirectory C:\Users\vespe\OneDrive\Escritorio\ProyectosPersonales\Curso-Coder-Java\proyecto-main\crud_proyecto\src\test\resources
2025-05-19 20:58:05,686 [Worker-49: Building] INFO  o.a.m.s.f.DefaultMavenResourcesFiltering - Copying 1 resource from src\main\resources to target\classes
2025-05-19 20:58:05,696 [Worker-49: Building] INFO  o.a.m.s.f.DefaultMavenResourcesFiltering - Copying 5 resources from src\main\resources to target\classes
2025-05-19 20:58:05,701 [Worker-49: Building] INFO  o.a.m.s.f.DefaultMavenResourcesFiltering - skip non existing resourceDirectory C:\Users\vespe\OneDrive\Escritorio\ProyectosPersonales\Curso-Coder-Java\proyecto-main\crud_proyecto\src\test\resources
2025-05-19 20:58:26,524 [Worker-49: Building] INFO  o.a.m.s.f.DefaultMavenResourcesFiltering - Copying 1 resource from src\main\resources to target\classes
2025-05-19 20:58:26,532 [Worker-49: Building] INFO  o.a.m.s.f.DefaultMavenResourcesFiltering - Copying 5 resources from src\main\resources to target\classes
2025-05-19 20:58:26,536 [Worker-49: Building] INFO  o.a.m.s.f.DefaultMavenResourcesFiltering - skip non existing resourceDirectory C:\Users\vespe\OneDrive\Escritorio\ProyectosPersonales\Curso-Coder-Java\proyecto-main\crud_proyecto\src\test\resources
2025-05-19 20:59:43,317 [Worker-53: Building] INFO  o.a.m.s.f.DefaultMavenResourcesFiltering - Copying 1 resource from src\main\resources to target\classes
2025-05-19 20:59:43,326 [Worker-53: Building] INFO  o.a.m.s.f.DefaultMavenResourcesFiltering - Copying 5 resources from src\main\resources to target\classes
2025-05-19 20:59:43,333 [Worker-53: Building] INFO  o.a.m.s.f.DefaultMavenResourcesFiltering - skip non existing resourceDirectory C:\Users\vespe\OneDrive\Escritorio\ProyectosPersonales\Curso-Coder-Java\proyecto-main\crud_proyecto\src\test\resources
2025-05-19 21:11:45,048 [Worker-4: Loading available Gradle versions] INFO  o.e.b.c.i.u.g.PublishedGradleVersions - Gradle version information cache is up-to-date. Trying to read.
2025-05-19 21:12:52,657 [Worker-32: Importing Maven projects] INFO  o.e.m.c.i.l.LifecycleMappingFactory - Using org.eclipse.m2e.jdt.JarLifecycleMapping lifecycle mapping for MavenProject: com.example:facturacion:0.0.1-SNAPSHOT @ C:\Users\vespe\Documents\proyecto-main (1)\proyecto-main\facturacion\pom.xml.
2025-05-19 21:12:53,231 [Worker-32: Importing Maven projects] WARN  o.e.m.c.i.embedder.EclipseLogger - The artifact org.hibernate:hibernate-core:jar:6.4.4.Final has been relocated to org.hibernate.orm:hibernate-core:jar:6.4.4.Final
2025-05-19 21:12:54,155 [Worker-32: Importing Maven projects] INFO  o.e.m.j.i.AbstractJavaProjectConfigurator - Adding source folder /facturacion/src/main/java
2025-05-19 21:12:54,157 [Worker-32: Importing Maven projects] INFO  o.e.m.j.i.AbstractJavaProjectConfigurator - Adding resource folder /facturacion/src/main/resources
2025-05-19 21:12:54,173 [Worker-32: Importing Maven projects] INFO  o.e.m.j.i.AbstractJavaProjectConfigurator - Adding resource folder /facturacion/src/main/resources
2025-05-19 21:12:54,179 [Worker-32: Importing Maven projects] INFO  o.e.m.j.i.AbstractJavaProjectConfigurator - Adding source folder /facturacion/src/test/java
2025-05-19 21:12:54,180 [Worker-32: Importing Maven projects] INFO  o.e.m.j.i.AbstractJavaProjectConfigurator - Adding resource folder /facturacion/src/test/resources
2025-05-19 21:12:54,612 [Worker-32: Importing Maven projects] INFO  o.e.m.c.i.p.ProjectConfigurationManager - Imported and configured 1 project(s) in 3 sec
2025-05-19 21:12:56,262 [Worker-22: Building] INFO  o.a.m.s.f.DefaultMavenResourcesFiltering - Copying 1 resource from src\main\resources to target\classes
2025-05-19 21:12:56,313 [Worker-22: Building] INFO  o.a.m.s.f.DefaultMavenResourcesFiltering - Copying 4 resources from src\main\resources to target\classes
2025-05-19 21:12:56,335 [Worker-22: Building] INFO  o.a.m.s.f.DefaultMavenResourcesFiltering - skip non existing resourceDirectory C:\Users\vespe\Documents\proyecto-main (1)\proyecto-main\facturacion\src\test\resources
2025-05-19 21:15:13,187 [Worker-0: Importing Maven projects] INFO  o.e.m.c.i.l.LifecycleMappingFactory - Using org.eclipse.m2e.jdt.JarLifecycleMapping lifecycle mapping for MavenProject: com.example:facturacion:0.0.1-SNAPSHOT @ C:\Users\vespe\OneDrive\Escritorio\ProyectosPersonales\Curso-Coder-Java\Proyecto\facturacion\pom.xml.
2025-05-19 21:15:13,554 [Worker-0: Importing Maven projects] WARN  o.e.m.c.i.embedder.EclipseLogger - The artifact org.hibernate:hibernate-core:jar:6.4.4.Final has been relocated to org.hibernate.orm:hibernate-core:jar:6.4.4.Final
2025-05-19 21:15:13,961 [Worker-0: Importing Maven projects] INFO  o.e.m.j.i.AbstractJavaProjectConfigurator - Adding source folder /facturacion/src/main/java
2025-05-19 21:15:13,962 [Worker-0: Importing Maven projects] INFO  o.e.m.j.i.AbstractJavaProjectConfigurator - Adding resource folder /facturacion/src/main/resources
2025-05-19 21:15:13,963 [Worker-0: Importing Maven projects] INFO  o.e.m.j.i.AbstractJavaProjectConfigurator - Adding resource folder /facturacion/src/main/resources
2025-05-19 21:15:13,963 [Worker-0: Importing Maven projects] INFO  o.e.m.j.i.AbstractJavaProjectConfigurator - Adding source folder /facturacion/src/test/java
2025-05-19 21:15:13,964 [Worker-0: Importing Maven projects] INFO  o.e.m.j.i.AbstractJavaProjectConfigurator - Adding resource folder /facturacion/src/test/resources
2025-05-19 21:15:14,194 [Worker-0: Importing Maven projects] INFO  o.e.m.c.i.p.ProjectConfigurationManager - Imported and configured 1 project(s) in 1 sec
2025-05-19 21:15:15,152 [Worker-41: Building] INFO  o.a.m.s.f.DefaultMavenResourcesFiltering - Copying 1 resource from src\main\resources to target\classes
2025-05-19 21:15:15,166 [Worker-41: Building] INFO  o.a.m.s.f.DefaultMavenResourcesFiltering - Copying 4 resources from src\main\resources to target\classes
2025-05-19 21:15:15,179 [Worker-41: Building] INFO  o.a.m.s.f.DefaultMavenResourcesFiltering - skip non existing resourceDirectory C:\Users\vespe\OneDrive\Escritorio\ProyectosPersonales\Curso-Coder-Java\Proyecto\facturacion\src\test\resources
2025-05-19 21:17:16,286 [Worker-42: Updating Maven Project] INFO  o.e.m.c.i.p.ProjectConfigurationManager - Update started
2025-05-19 21:17:16,784 [Worker-42: Updating Maven Project] INFO  o.e.m.c.i.l.LifecycleMappingFactory - Using org.eclipse.m2e.jdt.JarLifecycleMapping lifecycle mapping for MavenProject: com.coderhouse:crud_proyecto:0.0.1-SNAPSHOT @ C:\Users\vespe\OneDrive\Escritorio\ProyectosPersonales\Curso-Coder-Java\proyecto-main\crud_proyecto\pom.xml.
2025-05-19 21:17:17,636 [Worker-42: Updating Maven Project] INFO  o.e.m.j.i.AbstractJavaProjectConfigurator - Adding source folder /crud_proyecto/src/main/java
2025-05-19 21:17:17,636 [Worker-42: Updating Maven Project] INFO  o.e.m.j.i.AbstractJavaProjectConfigurator - Adding resource folder /crud_proyecto/src/main/resources
2025-05-19 21:17:17,637 [Worker-42: Updating Maven Project] INFO  o.e.m.j.i.AbstractJavaProjectConfigurator - Adding resource folder /crud_proyecto/src/main/resources
2025-05-19 21:17:17,638 [Worker-42: Updating Maven Project] INFO  o.e.m.j.i.AbstractJavaProjectConfigurator - Adding source folder /crud_proyecto/src/test/java
2025-05-19 21:17:17,638 [Worker-42: Updating Maven Project] INFO  o.e.m.j.i.AbstractJavaProjectConfigurator - Adding resource folder /crud_proyecto/src/test/resources
2025-05-19 21:17:18,230 [Worker-42: Updating Maven Project] INFO  o.e.m.c.i.p.ProjectConfigurationManager - Update completed for 1 poms: local refresh takes 0.00 sec, refresh facades takes 1.00 sec, update config takes 0.00 sec 
2025-05-19 21:17:19,183 [Worker-45: Building] INFO  o.a.m.s.f.DefaultMavenResourcesFiltering - Copying 1 resource from src\main\resources to target\classes
2025-05-19 21:17:19,203 [Worker-45: Building] INFO  o.a.m.s.f.DefaultMavenResourcesFiltering - Copying 5 resources from src\main\resources to target\classes
2025-05-19 21:17:19,226 [Worker-45: Building] INFO  o.a.m.s.f.DefaultMavenResourcesFiltering - skip non existing resourceDirectory C:\Users\vespe\OneDrive\Escritorio\ProyectosPersonales\Curso-Coder-Java\proyecto-main\crud_proyecto\src\test\resources
2025-05-19 21:26:00,065 [Worker-46: Building] INFO  o.a.m.s.f.DefaultMavenResourcesFiltering - Copying 1 resource from src\main\resources to target\classes
2025-05-19 21:26:00,072 [Worker-46: Building] INFO  o.a.m.s.f.DefaultMavenResourcesFiltering - Copying 5 resources from src\main\resources to target\classes
2025-05-19 21:26:00,079 [Worker-46: Building] INFO  o.a.m.s.f.DefaultMavenResourcesFiltering - skip non existing resourceDirectory C:\Users\vespe\OneDrive\Escritorio\ProyectosPersonales\Curso-Coder-Java\proyecto-main\crud_proyecto\src\test\resources
2025-05-19 21:45:26,445 [Worker-0: Launching crud_proyecto - CrudProyectoApplication] INFO  o.a.m.s.f.DefaultMavenResourcesFiltering - Copying 1 resource from src\main\resources to target\classes
2025-05-19 21:45:26,454 [Worker-0: Launching crud_proyecto - CrudProyectoApplication] INFO  o.a.m.s.f.DefaultMavenResourcesFiltering - Copying 5 resources from src\main\resources to target\classes
2025-05-19 21:45:26,460 [Worker-0: Launching crud_proyecto - CrudProyectoApplication] INFO  o.a.m.s.f.DefaultMavenResourcesFiltering - skip non existing resourceDirectory C:\Users\vespe\OneDrive\Escritorio\ProyectosPersonales\Curso-Coder-Java\proyecto-main\crud_proyecto\src\test\resources
2025-05-19 22:06:31,119 [Worker-56: Building] INFO  o.a.m.s.f.DefaultMavenResourcesFiltering - Copying 1 resource from src\main\resources to target\classes
2025-05-19 22:06:31,129 [Worker-56: Building] INFO  o.a.m.s.f.DefaultMavenResourcesFiltering - Copying 5 resources from src\main\resources to target\classes
2025-05-19 22:06:31,137 [Worker-56: Building] INFO  o.a.m.s.f.DefaultMavenResourcesFiltering - skip non existing resourceDirectory C:\Users\vespe\OneDrive\Escritorio\ProyectosPersonales\Curso-Coder-Java\proyecto-main\crud_proyecto\src\test\resources
2025-05-19 22:13:43,584 [Worker-7: Loading available Gradle versions] INFO  o.e.b.c.i.u.g.PublishedGradleVersions - Gradle version information cache is up-to-date. Trying to read.
2025-05-19 22:25:03,634 [Worker-5: Loading available Gradle versions] INFO  o.e.b.c.i.u.g.PublishedGradleVersions - Gradle version information cache is up-to-date. Trying to read.
2025-05-20 00:04:14,399 [Worker-6: Building] INFO  o.a.m.s.f.DefaultMavenResourcesFiltering - Copying 1 resource from src\main\resources to target\classes
2025-05-20 00:04:14,444 [Worker-6: Building] INFO  o.a.m.s.f.DefaultMavenResourcesFiltering - Copying 5 resources from src\main\resources to target\classes
2025-05-20 00:04:14,451 [Worker-6: Building] INFO  o.a.m.s.f.DefaultMavenResourcesFiltering - skip non existing resourceDirectory C:\Users\vespe\OneDrive\Escritorio\ProyectosPersonales\Curso-Coder-Java\proyecto-main\crud_proyecto\src\test\resources
2025-05-20 18:55:42,094 [Worker-6: Loading available Gradle versions] INFO  o.e.b.c.i.u.g.PublishedGradleVersions - Gradle version information cache is out-of-date. Trying to update.
2025-05-22 10:18:26,766 [Worker-5: Loading available Gradle versions] INFO  o.e.b.c.i.u.g.PublishedGradleVersions - Gradle version information cache is out-of-date. Trying to update.
2025-05-22 15:08:55,820 [Worker-5: Loading available Gradle versions] INFO  o.e.b.c.i.u.g.PublishedGradleVersions - Gradle version information cache is up-to-date. Trying to read.
2025-05-22 16:02:23,422 [Worker-32: Building] INFO  o.a.m.s.f.DefaultMavenResourcesFiltering - Copying 1 resource from src\main\resources to target\classes
2025-05-22 16:02:23,478 [Worker-32: Building] INFO  o.a.m.s.f.DefaultMavenResourcesFiltering - Copying 5 resources from src\main\resources to target\classes
2025-05-22 16:02:23,493 [Worker-32: Building] INFO  o.a.m.s.f.DefaultMavenResourcesFiltering - skip non existing resourceDirectory C:\Users\vespe\OneDrive\Escritorio\ProyectosPersonales\Curso-Coder-Java\proyecto-main\crud_proyecto\src\test\resources
2025-05-26 20:06:26,490 [Worker-5: Loading available Gradle versions] INFO  o.e.b.c.i.u.g.PublishedGradleVersions - Gradle version information cache is out-of-date. Trying to update.
2025-05-26 20:10:20,439 [Worker-39: Launching crud_proyecto - CrudProyectoApplication] INFO  o.a.m.s.f.DefaultMavenResourcesFiltering - Copying 1 resource from src\main\resources to target\classes
2025-05-26 20:10:20,505 [Worker-39: Launching crud_proyecto - CrudProyectoApplication] INFO  o.a.m.s.f.DefaultMavenResourcesFiltering - Copying 5 resources from src\main\resources to target\classes
2025-05-26 20:10:20,533 [Worker-39: Launching crud_proyecto - CrudProyectoApplication] INFO  o.a.m.s.f.DefaultMavenResourcesFiltering - skip non existing resourceDirectory C:\Users\vespe\OneDrive\Escritorio\ProyectosPersonales\Curso-Coder-Java\proyecto-main\crud_proyecto\src\test\resources
2025-05-26 21:06:25,402 [Worker-40: Building] INFO  o.a.m.s.f.DefaultMavenResourcesFiltering - Copying 1 resource from src\main\resources to target\classes
2025-05-26 21:06:25,413 [Worker-40: Building] INFO  o.a.m.s.f.DefaultMavenResourcesFiltering - Copying 5 resources from src\main\resources to target\classes
2025-05-26 21:06:25,419 [Worker-40: Building] INFO  o.a.m.s.f.DefaultMavenResourcesFiltering - skip non existing resourceDirectory C:\Users\vespe\OneDrive\Escritorio\ProyectosPersonales\Curso-Coder-Java\proyecto-main\crud_proyecto\src\test\resources
2025-05-26 21:14:57,508 [Worker-40: Building] INFO  o.a.m.s.f.DefaultMavenResourcesFiltering - Copying 1 resource from src\main\resources to target\classes
2025-05-26 21:14:57,514 [Worker-40: Building] INFO  o.a.m.s.f.DefaultMavenResourcesFiltering - Copying 5 resources from src\main\resources to target\classes
2025-05-26 21:14:57,519 [Worker-40: Building] INFO  o.a.m.s.f.DefaultMavenResourcesFiltering - skip non existing resourceDirectory C:\Users\vespe\OneDrive\Escritorio\ProyectosPersonales\Curso-Coder-Java\proyecto-main\crud_proyecto\src\test\resources
2025-05-27 00:26:15,137 [Worker-47: Building] INFO  o.a.m.s.f.DefaultMavenResourcesFiltering - Copying 1 resource from src\main\resources to target\classes
2025-05-27 00:26:15,157 [Worker-47: Building] INFO  o.a.m.s.f.DefaultMavenResourcesFiltering - Copying 5 resources from src\main\resources to target\classes
2025-05-27 00:26:15,188 [Worker-47: Building] INFO  o.a.m.s.f.DefaultMavenResourcesFiltering - skip non existing resourceDirectory C:\Users\vespe\OneDrive\Escritorio\ProyectosPersonales\Curso-Coder-Java\proyecto-main\crud_proyecto\src\test\resources
2025-05-27 00:28:19,100 [Worker-47: Building] INFO  o.a.m.s.f.DefaultMavenResourcesFiltering - Copying 1 resource from src\main\resources to target\classes
2025-05-27 00:28:19,111 [Worker-47: Building] INFO  o.a.m.s.f.DefaultMavenResourcesFiltering - Copying 5 resources from src\main\resources to target\classes
2025-05-27 00:28:19,117 [Worker-47: Building] INFO  o.a.m.s.f.DefaultMavenResourcesFiltering - skip non existing resourceDirectory C:\Users\vespe\OneDrive\Escritorio\ProyectosPersonales\Curso-Coder-Java\proyecto-main\crud_proyecto\src\test\resources
2025-05-27 00:33:35,493 [Worker-53: Building] INFO  o.a.m.s.f.DefaultMavenResourcesFiltering - Copying 1 resource from src\main\resources to target\classes
2025-05-27 00:33:35,500 [Worker-53: Building] INFO  o.a.m.s.f.DefaultMavenResourcesFiltering - Copying 5 resources from src\main\resources to target\classes
2025-05-27 00:33:35,507 [Worker-53: Building] INFO  o.a.m.s.f.DefaultMavenResourcesFiltering - skip non existing resourceDirectory C:\Users\vespe\OneDrive\Escritorio\ProyectosPersonales\Curso-Coder-Java\proyecto-main\crud_proyecto\src\test\resources
2025-05-27 00:37:50,409 [Worker-45: Building] INFO  o.a.m.s.f.DefaultMavenResourcesFiltering - Copying 1 resource from src\main\resources to target\classes
2025-05-27 00:37:50,411 [Worker-45: Building] INFO  o.a.m.s.f.DefaultMavenResourcesFiltering - Copying 5 resources from src\main\resources to target\classes
2025-05-27 00:37:50,426 [Worker-45: Building] INFO  o.a.m.s.f.DefaultMavenResourcesFiltering - skip non existing resourceDirectory C:\Users\vespe\OneDrive\Escritorio\ProyectosPersonales\Curso-Coder-Java\proyecto-main\crud_proyecto\src\test\resources
2025-05-27 00:38:38,084 [Worker-55: Updating Maven Project] INFO  o.e.m.c.i.p.ProjectConfigurationManager - Update started
2025-05-27 00:38:39,335 [Worker-55: Updating Maven Project] INFO  o.e.m.c.i.l.LifecycleMappingFactory - Using org.eclipse.m2e.jdt.JarLifecycleMapping lifecycle mapping for MavenProject: com.coderhouse:crud_proyecto:0.0.1-SNAPSHOT @ C:\Users\vespe\OneDrive\Escritorio\ProyectosPersonales\Curso-Coder-Java\proyecto-main\crud_proyecto\pom.xml.
2025-05-27 00:38:40,347 [Worker-55: Updating Maven Project] INFO  o.e.m.j.i.AbstractJavaProjectConfigurator - Adding source folder /crud_proyecto/src/main/java
2025-05-27 00:38:40,349 [Worker-55: Updating Maven Project] INFO  o.e.m.j.i.AbstractJavaProjectConfigurator - Adding resource folder /crud_proyecto/src/main/resources
2025-05-27 00:38:40,350 [Worker-55: Updating Maven Project] INFO  o.e.m.j.i.AbstractJavaProjectConfigurator - Adding resource folder /crud_proyecto/src/main/resources
2025-05-27 00:38:40,350 [Worker-55: Updating Maven Project] INFO  o.e.m.j.i.AbstractJavaProjectConfigurator - Adding source folder /crud_proyecto/src/test/java
2025-05-27 00:38:40,351 [Worker-55: Updating Maven Project] INFO  o.e.m.j.i.AbstractJavaProjectConfigurator - Adding resource folder /crud_proyecto/src/test/resources
2025-05-27 00:38:40,769 [Worker-55: Updating Maven Project] INFO  o.e.m.c.i.p.ProjectConfigurationManager - Update completed for 1 poms: local refresh takes 0.00 sec, refresh facades takes 2.00 sec, update config takes 0.00 sec 
2025-05-27 00:38:41,318 [Worker-47: Building] INFO  o.a.m.s.f.DefaultMavenResourcesFiltering - Copying 1 resource from src\main\resources to target\classes
2025-05-27 00:38:41,333 [Worker-47: Building] INFO  o.a.m.s.f.DefaultMavenResourcesFiltering - Copying 5 resources from src\main\resources to target\classes
2025-05-27 00:38:41,352 [Worker-47: Building] INFO  o.a.m.s.f.DefaultMavenResourcesFiltering - skip non existing resourceDirectory C:\Users\vespe\OneDrive\Escritorio\ProyectosPersonales\Curso-Coder-Java\proyecto-main\crud_proyecto\src\test\resources
2025-05-27 00:42:27,252 [Worker-5: Loading available Gradle versions] INFO  o.e.b.c.i.u.g.PublishedGradleVersions - Gradle version information cache is up-to-date. Trying to read.
2025-05-27 01:09:15,651 [Worker-9: Building] INFO  o.a.m.s.f.DefaultMavenResourcesFiltering - Copying 1 resource from src\main\resources to target\classes
2025-05-27 01:09:15,685 [Worker-9: Building] INFO  o.a.m.s.f.DefaultMavenResourcesFiltering - Copying 5 resources from src\main\resources to target\classes
2025-05-27 01:09:15,700 [Worker-9: Building] INFO  o.a.m.s.f.DefaultMavenResourcesFiltering - skip non existing resourceDirectory C:\Users\vespe\OneDrive\Escritorio\ProyectosPersonales\Curso-Coder-Java\proyecto-main\crud_proyecto\src\test\resources
2025-05-27 01:09:32,644 [Worker-27: Building] INFO  o.a.m.s.f.DefaultMavenResourcesFiltering - Copying 1 resource from src\main\resources to target\classes
2025-05-27 01:09:32,651 [Worker-27: Building] INFO  o.a.m.s.f.DefaultMavenResourcesFiltering - Copying 5 resources from src\main\resources to target\classes
2025-05-27 01:09:32,657 [Worker-27: Building] INFO  o.a.m.s.f.DefaultMavenResourcesFiltering - skip non existing resourceDirectory C:\Users\vespe\OneDrive\Escritorio\ProyectosPersonales\Curso-Coder-Java\proyecto-main\crud_proyecto\src\test\resources
2025-05-27 01:11:16,100 [Worker-27: Building] INFO  o.a.m.s.f.DefaultMavenResourcesFiltering - Copying 1 resource from src\main\resources to target\classes
2025-05-27 01:11:16,108 [Worker-27: Building] INFO  o.a.m.s.f.DefaultMavenResourcesFiltering - Copying 5 resources from src\main\resources to target\classes
2025-05-27 01:11:16,113 [Worker-27: Building] INFO  o.a.m.s.f.DefaultMavenResourcesFiltering - skip non existing resourceDirectory C:\Users\vespe\OneDrive\Escritorio\ProyectosPersonales\Curso-Coder-Java\proyecto-main\crud_proyecto\src\test\resources
2025-05-27 01:11:21,397 [Worker-38: Building] INFO  o.a.m.s.f.DefaultMavenResourcesFiltering - Copying 1 resource from src\main\resources to target\classes
2025-05-27 01:11:21,404 [Worker-38: Building] INFO  o.a.m.s.f.DefaultMavenResourcesFiltering - Copying 5 resources from src\main\resources to target\classes
2025-05-27 01:11:21,410 [Worker-38: Building] INFO  o.a.m.s.f.DefaultMavenResourcesFiltering - skip non existing resourceDirectory C:\Users\vespe\OneDrive\Escritorio\ProyectosPersonales\Curso-Coder-Java\proyecto-main\crud_proyecto\src\test\resources
2025-05-27 01:15:07,181 [Worker-33: Building] INFO  o.a.m.s.f.DefaultMavenResourcesFiltering - Copying 1 resource from src\main\resources to target\classes
2025-05-27 01:15:07,187 [Worker-33: Building] INFO  o.a.m.s.f.DefaultMavenResourcesFiltering - Copying 5 resources from src\main\resources to target\classes
2025-05-27 01:15:07,190 [Worker-33: Building] INFO  o.a.m.s.f.DefaultMavenResourcesFiltering - skip non existing resourceDirectory C:\Users\vespe\OneDrive\Escritorio\ProyectosPersonales\Curso-Coder-Java\proyecto-main\crud_proyecto\src\test\resources
2025-05-27 01:18:43,015 [Worker-42: Building] INFO  o.a.m.s.f.DefaultMavenResourcesFiltering - Copying 1 resource from src\main\resources to target\classes
2025-05-27 01:18:43,023 [Worker-42: Building] INFO  o.a.m.s.f.DefaultMavenResourcesFiltering - Copying 5 resources from src\main\resources to target\classes
2025-05-27 01:18:43,030 [Worker-42: Building] INFO  o.a.m.s.f.DefaultMavenResourcesFiltering - skip non existing resourceDirectory C:\Users\vespe\OneDrive\Escritorio\ProyectosPersonales\Curso-Coder-Java\proyecto-main\crud_proyecto\src\test\resources
2025-05-27 01:18:59,045 [Worker-42: Building] INFO  o.a.m.s.f.DefaultMavenResourcesFiltering - Copying 1 resource from src\main\resources to target\classes
2025-05-27 01:18:59,056 [Worker-42: Building] INFO  o.a.m.s.f.DefaultMavenResourcesFiltering - Copying 5 resources from src\main\resources to target\classes
2025-05-27 01:18:59,079 [Worker-42: Building] INFO  o.a.m.s.f.DefaultMavenResourcesFiltering - skip non existing resourceDirectory C:\Users\vespe\OneDrive\Escritorio\ProyectosPersonales\Curso-Coder-Java\proyecto-main\crud_proyecto\src\test\resources
2025-05-27 01:19:14,086 [Worker-33: Updating Maven Project] INFO  o.e.m.c.i.p.ProjectConfigurationManager - Update started
2025-05-27 01:19:15,171 [Worker-33: Updating Maven Project] INFO  o.e.m.c.i.l.LifecycleMappingFactory - Using org.eclipse.m2e.jdt.JarLifecycleMapping lifecycle mapping for MavenProject: com.coderhouse:crud_proyecto:0.0.1-SNAPSHOT @ C:\Users\vespe\OneDrive\Escritorio\ProyectosPersonales\Curso-Coder-Java\proyecto-main\crud_proyecto\pom.xml.
2025-05-27 01:19:16,199 [Worker-33: Updating Maven Project] INFO  o.e.m.j.i.AbstractJavaProjectConfigurator - Adding source folder /crud_proyecto/src/main/java
2025-05-27 01:19:16,201 [Worker-33: Updating Maven Project] INFO  o.e.m.j.i.AbstractJavaProjectConfigurator - Adding resource folder /crud_proyecto/src/main/resources
2025-05-27 01:19:16,202 [Worker-33: Updating Maven Project] INFO  o.e.m.j.i.AbstractJavaProjectConfigurator - Adding resource folder /crud_proyecto/src/main/resources
2025-05-27 01:19:16,202 [Worker-33: Updating Maven Project] INFO  o.e.m.j.i.AbstractJavaProjectConfigurator - Adding source folder /crud_proyecto/src/test/java
2025-05-27 01:19:16,204 [Worker-33: Updating Maven Project] INFO  o.e.m.j.i.AbstractJavaProjectConfigurator - Adding resource folder /crud_proyecto/src/test/resources
2025-05-27 01:19:16,631 [Worker-33: Updating Maven Project] INFO  o.e.m.c.i.p.ProjectConfigurationManager - Update completed for 1 poms: local refresh takes 0.00 sec, refresh facades takes 1.00 sec, update config takes 0.00 sec 
2025-05-27 01:19:17,240 [Worker-43: Building] INFO  o.a.m.s.f.DefaultMavenResourcesFiltering - Copying 1 resource from src\main\resources to target\classes
2025-05-27 01:19:17,262 [Worker-43: Building] INFO  o.a.m.s.f.DefaultMavenResourcesFiltering - Copying 5 resources from src\main\resources to target\classes
2025-05-27 01:19:17,289 [Worker-43: Building] INFO  o.a.m.s.f.DefaultMavenResourcesFiltering - skip non existing resourceDirectory C:\Users\vespe\OneDrive\Escritorio\ProyectosPersonales\Curso-Coder-Java\proyecto-main\crud_proyecto\src\test\resources
2025-05-27 01:27:07,339 [Worker-44: Building] INFO  o.a.m.s.f.DefaultMavenResourcesFiltering - Copying 1 resource from src\main\resources to target\classes
2025-05-27 01:27:07,349 [Worker-44: Building] INFO  o.a.m.s.f.DefaultMavenResourcesFiltering - Copying 5 resources from src\main\resources to target\classes
2025-05-27 01:27:07,352 [Worker-44: Building] INFO  o.a.m.s.f.DefaultMavenResourcesFiltering - skip non existing resourceDirectory C:\Users\vespe\OneDrive\Escritorio\ProyectosPersonales\Curso-Coder-Java\proyecto-main\crud_proyecto\src\test\resources
2025-05-27 01:31:04,594 [Worker-45: Building] INFO  o.a.m.s.f.DefaultMavenResourcesFiltering - Copying 1 resource from src\main\resources to target\classes
2025-05-27 01:31:04,601 [Worker-45: Building] INFO  o.a.m.s.f.DefaultMavenResourcesFiltering - Copying 5 resources from src\main\resources to target\classes
2025-05-27 01:31:04,605 [Worker-45: Building] INFO  o.a.m.s.f.DefaultMavenResourcesFiltering - skip non existing resourceDirectory C:\Users\vespe\OneDrive\Escritorio\ProyectosPersonales\Curso-Coder-Java\proyecto-main\crud_proyecto\src\test\resources
2025-05-27 01:33:48,380 [Worker-33: Building] INFO  o.a.m.s.f.DefaultMavenResourcesFiltering - Copying 1 resource from src\main\resources to target\classes
2025-05-27 01:33:48,386 [Worker-33: Building] INFO  o.a.m.s.f.DefaultMavenResourcesFiltering - Copying 5 resources from src\main\resources to target\classes
2025-05-27 01:33:48,390 [Worker-33: Building] INFO  o.a.m.s.f.DefaultMavenResourcesFiltering - skip non existing resourceDirectory C:\Users\vespe\OneDrive\Escritorio\ProyectosPersonales\Curso-Coder-Java\proyecto-main\crud_proyecto\src\test\resources
2025-05-27 01:36:29,773 [Worker-33: Building] INFO  o.a.m.s.f.DefaultMavenResourcesFiltering - Copying 1 resource from src\main\resources to target\classes
2025-05-27 01:36:29,780 [Worker-33: Building] INFO  o.a.m.s.f.DefaultMavenResourcesFiltering - Copying 5 resources from src\main\resources to target\classes
2025-05-27 01:36:29,785 [Worker-33: Building] INFO  o.a.m.s.f.DefaultMavenResourcesFiltering - skip non existing resourceDirectory C:\Users\vespe\OneDrive\Escritorio\ProyectosPersonales\Curso-Coder-Java\proyecto-main\crud_proyecto\src\test\resources
2025-05-27 01:36:46,150 [Worker-45: Updating Maven Project] INFO  o.e.m.c.i.p.ProjectConfigurationManager - Update started
2025-05-27 01:36:47,048 [Worker-45: Updating Maven Project] INFO  o.e.m.c.i.l.LifecycleMappingFactory - Using org.eclipse.m2e.jdt.JarLifecycleMapping lifecycle mapping for MavenProject: com.coderhouse:crud_proyecto:0.0.1-SNAPSHOT @ C:\Users\vespe\OneDrive\Escritorio\ProyectosPersonales\Curso-Coder-Java\proyecto-main\crud_proyecto\pom.xml.
2025-05-27 01:36:48,002 [Worker-45: Updating Maven Project] INFO  o.e.m.j.i.AbstractJavaProjectConfigurator - Adding source folder /crud_proyecto/src/main/java
2025-05-27 01:36:48,004 [Worker-45: Updating Maven Project] INFO  o.e.m.j.i.AbstractJavaProjectConfigurator - Adding resource folder /crud_proyecto/src/main/resources
2025-05-27 01:36:48,005 [Worker-45: Updating Maven Project] INFO  o.e.m.j.i.AbstractJavaProjectConfigurator - Adding resource folder /crud_proyecto/src/main/resources
2025-05-27 01:36:48,005 [Worker-45: Updating Maven Project] INFO  o.e.m.j.i.AbstractJavaProjectConfigurator - Adding source folder /crud_proyecto/src/test/java
2025-05-27 01:36:48,006 [Worker-45: Updating Maven Project] INFO  o.e.m.j.i.AbstractJavaProjectConfigurator - Adding resource folder /crud_proyecto/src/test/resources
2025-05-27 01:36:48,373 [Worker-45: Updating Maven Project] INFO  o.e.m.c.i.p.ProjectConfigurationManager - Update completed for 1 poms: local refresh takes 0.00 sec, refresh facades takes 1.00 sec, update config takes 0.00 sec 
2025-05-27 01:36:49,060 [Worker-33: Building] INFO  o.a.m.s.f.DefaultMavenResourcesFiltering - Copying 1 resource from src\main\resources to target\classes
2025-05-27 01:36:49,074 [Worker-33: Building] INFO  o.a.m.s.f.DefaultMavenResourcesFiltering - Copying 5 resources from src\main\resources to target\classes
2025-05-27 01:36:49,089 [Worker-33: Building] INFO  o.a.m.s.f.DefaultMavenResourcesFiltering - skip non existing resourceDirectory C:\Users\vespe\OneDrive\Escritorio\ProyectosPersonales\Curso-Coder-Java\proyecto-main\crud_proyecto\src\test\resources
2025-05-27 01:38:52,132 [Worker-45: Building] INFO  o.a.m.s.f.DefaultMavenResourcesFiltering - Copying 1 resource from src\main\resources to target\classes
2025-05-27 01:38:52,134 [Worker-45: Building] INFO  o.a.m.s.f.DefaultMavenResourcesFiltering - Copying 5 resources from src\main\resources to target\classes
2025-05-27 01:38:52,144 [Worker-45: Building] INFO  o.a.m.s.f.DefaultMavenResourcesFiltering - skip non existing resourceDirectory C:\Users\vespe\OneDrive\Escritorio\ProyectosPersonales\Curso-Coder-Java\proyecto-main\crud_proyecto\src\test\resources
2025-05-27 01:39:17,343 [Worker-44: Updating Maven Project] INFO  o.e.m.c.i.p.ProjectConfigurationManager - Update started
2025-05-27 01:39:17,777 [Worker-44: Updating Maven Project] INFO  o.e.m.c.i.l.LifecycleMappingFactory - Using org.eclipse.m2e.jdt.JarLifecycleMapping lifecycle mapping for MavenProject: com.coderhouse:crud_proyecto:0.0.1-SNAPSHOT @ C:\Users\vespe\OneDrive\Escritorio\ProyectosPersonales\Curso-Coder-Java\proyecto-main\crud_proyecto\pom.xml.
2025-05-27 01:39:18,501 [Worker-44: Updating Maven Project] INFO  o.e.m.j.i.AbstractJavaProjectConfigurator - Adding source folder /crud_proyecto/src/main/java
2025-05-27 01:39:18,502 [Worker-44: Updating Maven Project] INFO  o.e.m.j.i.AbstractJavaProjectConfigurator - Adding resource folder /crud_proyecto/src/main/resources
2025-05-27 01:39:18,502 [Worker-44: Updating Maven Project] INFO  o.e.m.j.i.AbstractJavaProjectConfigurator - Adding resource folder /crud_proyecto/src/main/resources
2025-05-27 01:39:18,503 [Worker-44: Updating Maven Project] INFO  o.e.m.j.i.AbstractJavaProjectConfigurator - Adding source folder /crud_proyecto/src/test/java
2025-05-27 01:39:18,505 [Worker-44: Updating Maven Project] INFO  o.e.m.j.i.AbstractJavaProjectConfigurator - Adding resource folder /crud_proyecto/src/test/resources
2025-05-27 01:39:18,801 [Worker-44: Updating Maven Project] INFO  o.e.m.c.i.p.ProjectConfigurationManager - Update completed for 1 poms: local refresh takes 0.00 sec, refresh facades takes 1.00 sec, update config takes 0.00 sec 
2025-05-27 01:39:19,266 [Worker-45: Building] INFO  o.a.m.s.f.DefaultMavenResourcesFiltering - Copying 1 resource from src\main\resources to target\classes
2025-05-27 01:39:19,281 [Worker-45: Building] INFO  o.a.m.s.f.DefaultMavenResourcesFiltering - Copying 5 resources from src\main\resources to target\classes
2025-05-27 01:39:19,300 [Worker-45: Building] INFO  o.a.m.s.f.DefaultMavenResourcesFiltering - skip non existing resourceDirectory C:\Users\vespe\OneDrive\Escritorio\ProyectosPersonales\Curso-Coder-Java\proyecto-main\crud_proyecto\src\test\resources
2025-05-27 18:48:33,991 [Worker-6: Loading available Gradle versions] INFO  o.e.b.c.i.u.g.PublishedGradleVersions - Gradle version information cache is up-to-date. Trying to read.
2025-05-27 19:07:10,478 [Worker-15: Building] INFO  o.a.m.s.f.DefaultMavenResourcesFiltering - Copying 1 resource from src\main\resources to target\classes
2025-05-27 19:07:10,515 [Worker-15: Building] INFO  o.a.m.s.f.DefaultMavenResourcesFiltering - Copying 5 resources from src\main\resources to target\classes
2025-05-27 19:07:10,532 [Worker-15: Building] INFO  o.a.m.s.f.DefaultMavenResourcesFiltering - skip non existing resourceDirectory C:\Users\vespe\OneDrive\Escritorio\ProyectosPersonales\Curso-Coder-Java\proyecto-main\crud_proyecto\src\test\resources
2025-05-27 19:07:38,221 [Worker-7: Building] INFO  o.a.m.s.f.DefaultMavenResourcesFiltering - Copying 1 resource from src\main\resources to target\classes
2025-05-27 19:07:38,268 [Worker-7: Building] INFO  o.a.m.s.f.DefaultMavenResourcesFiltering - Copying 5 resources from src\main\resources to target\classes
2025-05-27 19:07:38,285 [Worker-7: Building] INFO  o.a.m.s.f.DefaultMavenResourcesFiltering - skip non existing resourceDirectory C:\Users\vespe\OneDrive\Escritorio\ProyectosPersonales\Curso-Coder-Java\proyecto-main\crud_proyecto\src\test\resources
2025-05-27 19:08:10,431 [Worker-27: Updating Maven Project] INFO  o.e.m.c.i.p.ProjectConfigurationManager - Update started
2025-05-27 19:08:11,408 [Worker-27: Updating Maven Project] INFO  o.e.m.c.i.l.LifecycleMappingFactory - Using org.eclipse.m2e.jdt.JarLifecycleMapping lifecycle mapping for MavenProject: com.coderhouse:crud_proyecto:0.0.1-SNAPSHOT @ C:\Users\vespe\OneDrive\Escritorio\ProyectosPersonales\Curso-Coder-Java\proyecto-main\crud_proyecto\pom.xml.
2025-05-27 19:08:12,591 [Worker-27: Updating Maven Project] INFO  o.e.m.j.i.AbstractJavaProjectConfigurator - Adding source folder /crud_proyecto/src/main/java
2025-05-27 19:08:12,593 [Worker-27: Updating Maven Project] INFO  o.e.m.j.i.AbstractJavaProjectConfigurator - Adding resource folder /crud_proyecto/src/main/resources
2025-05-27 19:08:12,595 [Worker-27: Updating Maven Project] INFO  o.e.m.j.i.AbstractJavaProjectConfigurator - Adding resource folder /crud_proyecto/src/main/resources
2025-05-27 19:08:12,596 [Worker-27: Updating Maven Project] INFO  o.e.m.j.i.AbstractJavaProjectConfigurator - Adding source folder /crud_proyecto/src/test/java
2025-05-27 19:08:12,597 [Worker-27: Updating Maven Project] INFO  o.e.m.j.i.AbstractJavaProjectConfigurator - Adding resource folder /crud_proyecto/src/test/resources
2025-05-27 19:08:13,184 [Worker-27: Updating Maven Project] INFO  o.e.m.c.i.p.ProjectConfigurationManager - Update completed for 1 poms: local refresh takes 0.00 sec, refresh facades takes 1.00 sec, update config takes 0.00 sec 
2025-05-27 19:08:14,203 [Worker-1: Building] INFO  o.a.m.s.f.DefaultMavenResourcesFiltering - Copying 1 resource from src\main\resources to target\classes
2025-05-27 19:08:14,225 [Worker-1: Building] INFO  o.a.m.s.f.DefaultMavenResourcesFiltering - Copying 5 resources from src\main\resources to target\classes
2025-05-27 19:08:14,251 [Worker-1: Building] INFO  o.a.m.s.f.DefaultMavenResourcesFiltering - skip non existing resourceDirectory C:\Users\vespe\OneDrive\Escritorio\ProyectosPersonales\Curso-Coder-Java\proyecto-main\crud_proyecto\src\test\resources
2025-05-27 19:14:01,716 [Worker-15: Building] INFO  o.a.m.s.f.DefaultMavenResourcesFiltering - Copying 1 resource from src\main\resources to target\classes
2025-05-27 19:14:01,736 [Worker-15: Building] INFO  o.a.m.s.f.DefaultMavenResourcesFiltering - Copying 5 resources from src\main\resources to target\classes
2025-05-27 19:14:01,748 [Worker-15: Building] INFO  o.a.m.s.f.DefaultMavenResourcesFiltering - skip non existing resourceDirectory C:\Users\vespe\OneDrive\Escritorio\ProyectosPersonales\Curso-Coder-Java\proyecto-main\crud_proyecto\src\test\resources
2025-05-27 19:14:26,988 [Worker-15: Building] INFO  o.a.m.s.f.DefaultMavenResourcesFiltering - Copying 1 resource from src\main\resources to target\classes
2025-05-27 19:14:26,996 [Worker-15: Building] INFO  o.a.m.s.f.DefaultMavenResourcesFiltering - Copying 5 resources from src\main\resources to target\classes
2025-05-27 19:14:27,002 [Worker-15: Building] INFO  o.a.m.s.f.DefaultMavenResourcesFiltering - skip non existing resourceDirectory C:\Users\vespe\OneDrive\Escritorio\ProyectosPersonales\Curso-Coder-Java\proyecto-main\crud_proyecto\src\test\resources
2025-05-27 19:33:08,330 [Worker-39: Building] INFO  o.a.m.s.f.DefaultMavenResourcesFiltering - Copying 1 resource from src\main\resources to target\classes
2025-05-27 19:33:08,349 [Worker-39: Building] INFO  o.a.m.s.f.DefaultMavenResourcesFiltering - Copying 5 resources from src\main\resources to target\classes
2025-05-27 19:33:08,361 [Worker-39: Building] INFO  o.a.m.s.f.DefaultMavenResourcesFiltering - skip non existing resourceDirectory C:\Users\vespe\OneDrive\Escritorio\ProyectosPersonales\Curso-Coder-Java\proyecto-main\crud_proyecto\src\test\resources
2025-05-27 19:44:50,090 [Worker-38: Building] INFO  o.a.m.s.f.DefaultMavenResourcesFiltering - Copying 1 resource from src\main\resources to target\classes
2025-05-27 19:44:50,110 [Worker-38: Building] INFO  o.a.m.s.f.DefaultMavenResourcesFiltering - Copying 5 resources from src\main\resources to target\classes
2025-05-27 19:44:50,125 [Worker-38: Building] INFO  o.a.m.s.f.DefaultMavenResourcesFiltering - skip non existing resourceDirectory C:\Users\vespe\OneDrive\Escritorio\ProyectosPersonales\Curso-Coder-Java\proyecto-main\crud_proyecto\src\test\resources
2025-05-27 19:57:16,653 [Worker-0: Building] INFO  o.a.m.s.f.DefaultMavenResourcesFiltering - Copying 1 resource from src\main\resources to target\classes
2025-05-27 19:57:16,672 [Worker-0: Building] INFO  o.a.m.s.f.DefaultMavenResourcesFiltering - Copying 5 resources from src\main\resources to target\classes
2025-05-27 19:57:16,680 [Worker-0: Building] INFO  o.a.m.s.f.DefaultMavenResourcesFiltering - skip non existing resourceDirectory C:\Users\vespe\OneDrive\Escritorio\ProyectosPersonales\Curso-Coder-Java\proyecto-main\crud_proyecto\src\test\resources
2025-05-27 21:14:32,526 [Worker-43: Building] INFO  o.a.m.s.f.DefaultMavenResourcesFiltering - Copying 1 resource from src\main\resources to target\classes
2025-05-27 21:14:32,528 [Worker-43: Building] INFO  o.a.m.s.f.DefaultMavenResourcesFiltering - Copying 5 resources from src\main\resources to target\classes
2025-05-27 21:14:32,540 [Worker-43: Building] INFO  o.a.m.s.f.DefaultMavenResourcesFiltering - skip non existing resourceDirectory C:\Users\vespe\OneDrive\Escritorio\ProyectosPersonales\Curso-Coder-Java\proyecto-main\crud_proyecto\src\test\resources
2025-05-27 21:14:39,524 [Worker-41: Updating Maven Project] INFO  o.e.m.c.i.p.ProjectConfigurationManager - Update started
2025-05-27 21:14:40,208 [Worker-41: Updating Maven Project] INFO  o.e.m.c.i.l.LifecycleMappingFactory - Using org.eclipse.m2e.jdt.JarLifecycleMapping lifecycle mapping for MavenProject: com.coderhouse:crud_proyecto:0.0.1-SNAPSHOT @ C:\Users\vespe\OneDrive\Escritorio\ProyectosPersonales\Curso-Coder-Java\proyecto-main\crud_proyecto\pom.xml.
2025-05-27 21:14:41,020 [Worker-41: Updating Maven Project] INFO  o.e.m.j.i.AbstractJavaProjectConfigurator - Adding source folder /crud_proyecto/src/main/java
2025-05-27 21:14:41,021 [Worker-41: Updating Maven Project] INFO  o.e.m.j.i.AbstractJavaProjectConfigurator - Adding resource folder /crud_proyecto/src/main/resources
2025-05-27 21:14:41,022 [Worker-41: Updating Maven Project] INFO  o.e.m.j.i.AbstractJavaProjectConfigurator - Adding resource folder /crud_proyecto/src/main/resources
2025-05-27 21:14:41,022 [Worker-41: Updating Maven Project] INFO  o.e.m.j.i.AbstractJavaProjectConfigurator - Adding source folder /crud_proyecto/src/test/java
2025-05-27 21:14:41,022 [Worker-41: Updating Maven Project] INFO  o.e.m.j.i.AbstractJavaProjectConfigurator - Adding resource folder /crud_proyecto/src/test/resources
2025-05-27 21:14:41,492 [Worker-41: Updating Maven Project] INFO  o.e.m.c.i.p.ProjectConfigurationManager - Update completed for 1 poms: local refresh takes 0.00 sec, refresh facades takes 1.00 sec, update config takes 0.00 sec 
2025-05-27 21:14:42,130 [Worker-48: Building] INFO  o.a.m.s.f.DefaultMavenResourcesFiltering - Copying 1 resource from src\main\resources to target\classes
2025-05-27 21:14:42,149 [Worker-48: Building] INFO  o.a.m.s.f.DefaultMavenResourcesFiltering - Copying 5 resources from src\main\resources to target\classes
2025-05-27 21:14:42,168 [Worker-48: Building] INFO  o.a.m.s.f.DefaultMavenResourcesFiltering - skip non existing resourceDirectory C:\Users\vespe\OneDrive\Escritorio\ProyectosPersonales\Curso-Coder-Java\proyecto-main\crud_proyecto\src\test\resources
2025-05-27 22:07:32,366 [Worker-52: Building] INFO  o.a.m.s.f.DefaultMavenResourcesFiltering - Copying 1 resource from src\main\resources to target\classes
2025-05-27 22:07:32,388 [Worker-52: Building] INFO  o.a.m.s.f.DefaultMavenResourcesFiltering - Copying 5 resources from src\main\resources to target\classes
2025-05-27 22:07:32,395 [Worker-52: Building] INFO  o.a.m.s.f.DefaultMavenResourcesFiltering - skip non existing resourceDirectory C:\Users\vespe\OneDrive\Escritorio\ProyectosPersonales\Curso-Coder-Java\proyecto-main\crud_proyecto\src\test\resources
2025-05-27 23:59:47,294 [Worker-51: Building] INFO  o.a.m.s.f.DefaultMavenResourcesFiltering - Copying 1 resource from src\main\resources to target\classes
2025-05-27 23:59:47,310 [Worker-51: Building] INFO  o.a.m.s.f.DefaultMavenResourcesFiltering - Copying 5 resources from src\main\resources to target\classes
2025-05-27 23:59:47,314 [Worker-51: Building] INFO  o.a.m.s.f.DefaultMavenResourcesFiltering - skip non existing resourceDirectory C:\Users\vespe\OneDrive\Escritorio\ProyectosPersonales\Curso-Coder-Java\proyecto-main\crud_proyecto\src\test\resources
2025-05-27 23:59:51,464 [Worker-49: Building] INFO  o.a.m.s.f.DefaultMavenResourcesFiltering - Copying 1 resource from src\main\resources to target\classes
2025-05-27 23:59:51,474 [Worker-49: Building] INFO  o.a.m.s.f.DefaultMavenResourcesFiltering - Copying 5 resources from src\main\resources to target\classes
2025-05-27 23:59:51,479 [Worker-49: Building] INFO  o.a.m.s.f.DefaultMavenResourcesFiltering - skip non existing resourceDirectory C:\Users\vespe\OneDrive\Escritorio\ProyectosPersonales\Curso-Coder-Java\proyecto-main\crud_proyecto\src\test\resources
2025-05-28 00:05:12,721 [Worker-50: Updating Maven Project] INFO  o.e.m.c.i.p.ProjectConfigurationManager - Update started
2025-05-28 00:05:13,185 [Worker-50: Updating Maven Project] INFO  o.e.m.c.i.l.LifecycleMappingFactory - Using org.eclipse.m2e.jdt.JarLifecycleMapping lifecycle mapping for MavenProject: com.coderhouse:crud_proyecto:0.0.1-SNAPSHOT @ C:\Users\vespe\OneDrive\Escritorio\ProyectosPersonales\Curso-Coder-Java\proyecto-main\crud_proyecto\pom.xml.
2025-05-28 00:05:14,055 [Worker-50: Updating Maven Project] INFO  o.e.m.j.i.AbstractJavaProjectConfigurator - Adding source folder /crud_proyecto/src/main/java
2025-05-28 00:05:14,056 [Worker-50: Updating Maven Project] INFO  o.e.m.j.i.AbstractJavaProjectConfigurator - Adding resource folder /crud_proyecto/src/main/resources
2025-05-28 00:05:14,056 [Worker-50: Updating Maven Project] INFO  o.e.m.j.i.AbstractJavaProjectConfigurator - Adding resource folder /crud_proyecto/src/main/resources
2025-05-28 00:05:14,057 [Worker-50: Updating Maven Project] INFO  o.e.m.j.i.AbstractJavaProjectConfigurator - Adding source folder /crud_proyecto/src/test/java
2025-05-28 00:05:14,058 [Worker-50: Updating Maven Project] INFO  o.e.m.j.i.AbstractJavaProjectConfigurator - Adding resource folder /crud_proyecto/src/test/resources
2025-05-28 00:05:14,534 [Worker-50: Updating Maven Project] INFO  o.e.m.c.i.p.ProjectConfigurationManager - Update completed for 1 poms: local refresh takes 0.00 sec, refresh facades takes 1.00 sec, update config takes 0.00 sec 
2025-05-28 00:05:15,527 [Worker-48: Building] INFO  o.a.m.s.f.DefaultMavenResourcesFiltering - Copying 1 resource from src\main\resources to target\classes
2025-05-28 00:05:15,558 [Worker-48: Building] INFO  o.a.m.s.f.DefaultMavenResourcesFiltering - Copying 5 resources from src\main\resources to target\classes
2025-05-28 00:05:15,613 [Worker-48: Building] INFO  o.a.m.s.f.DefaultMavenResourcesFiltering - skip non existing resourceDirectory C:\Users\vespe\OneDrive\Escritorio\ProyectosPersonales\Curso-Coder-Java\proyecto-main\crud_proyecto\src\test\resources
2025-05-28 02:05:08,283 [Worker-58: Updating Maven Project] INFO  o.e.m.c.i.p.ProjectConfigurationManager - Update started
2025-05-28 02:05:08,876 [Worker-58: Updating Maven Project] INFO  o.e.m.c.i.l.LifecycleMappingFactory - Using org.eclipse.m2e.jdt.JarLifecycleMapping lifecycle mapping for MavenProject: com.coderhouse:crud_proyecto:0.0.1-SNAPSHOT @ C:\Users\vespe\OneDrive\Escritorio\ProyectosPersonales\Curso-Coder-Java\proyecto-main\crud_proyecto\pom.xml.
2025-05-28 02:05:09,669 [Worker-58: Updating Maven Project] INFO  o.e.m.j.i.AbstractJavaProjectConfigurator - Adding source folder /crud_proyecto/src/main/java
2025-05-28 02:05:09,669 [Worker-58: Updating Maven Project] INFO  o.e.m.j.i.AbstractJavaProjectConfigurator - Adding resource folder /crud_proyecto/src/main/resources
2025-05-28 02:05:09,670 [Worker-58: Updating Maven Project] INFO  o.e.m.j.i.AbstractJavaProjectConfigurator - Adding resource folder /crud_proyecto/src/main/resources
2025-05-28 02:05:09,670 [Worker-58: Updating Maven Project] INFO  o.e.m.j.i.AbstractJavaProjectConfigurator - Adding source folder /crud_proyecto/src/test/java
2025-05-28 02:05:09,671 [Worker-58: Updating Maven Project] INFO  o.e.m.j.i.AbstractJavaProjectConfigurator - Adding resource folder /crud_proyecto/src/test/resources
2025-05-28 02:05:10,168 [Worker-58: Updating Maven Project] INFO  o.e.m.c.i.p.ProjectConfigurationManager - Update completed for 1 poms: local refresh takes 0.00 sec, refresh facades takes 1.00 sec, update config takes 0.00 sec 
2025-05-28 02:05:10,842 [Worker-54: Building] INFO  o.a.m.s.f.DefaultMavenResourcesFiltering - Copying 1 resource from src\main\resources to target\classes
2025-05-28 02:05:10,857 [Worker-54: Building] INFO  o.a.m.s.f.DefaultMavenResourcesFiltering - Copying 5 resources from src\main\resources to target\classes
2025-05-28 02:05:10,881 [Worker-54: Building] INFO  o.a.m.s.f.DefaultMavenResourcesFiltering - skip non existing resourceDirectory C:\Users\vespe\OneDrive\Escritorio\ProyectosPersonales\Curso-Coder-Java\proyecto-main\crud_proyecto\src\test\resources
2025-05-28 13:12:57,979 [Worker-88: Updating Maven Project] INFO  o.e.m.c.i.p.ProjectConfigurationManager - Update started
2025-05-28 13:12:58,911 [Worker-88: Updating Maven Project] INFO  o.e.m.c.i.l.LifecycleMappingFactory - Using org.eclipse.m2e.jdt.JarLifecycleMapping lifecycle mapping for MavenProject: com.coderhouse:crud_proyecto:0.0.1-SNAPSHOT @ C:\Users\vespe\OneDrive\Escritorio\ProyectosPersonales\Curso-Coder-Java\proyecto-main\crud_proyecto\pom.xml.
2025-05-28 13:13:00,158 [Worker-88: Updating Maven Project] INFO  o.e.m.j.i.AbstractJavaProjectConfigurator - Adding source folder /crud_proyecto/src/main/java
2025-05-28 13:13:00,159 [Worker-88: Updating Maven Project] INFO  o.e.m.j.i.AbstractJavaProjectConfigurator - Adding resource folder /crud_proyecto/src/main/resources
2025-05-28 13:13:00,160 [Worker-88: Updating Maven Project] INFO  o.e.m.j.i.AbstractJavaProjectConfigurator - Adding resource folder /crud_proyecto/src/main/resources
2025-05-28 13:13:00,161 [Worker-88: Updating Maven Project] INFO  o.e.m.j.i.AbstractJavaProjectConfigurator - Adding source folder /crud_proyecto/src/test/java
2025-05-28 13:13:00,162 [Worker-88: Updating Maven Project] INFO  o.e.m.j.i.AbstractJavaProjectConfigurator - Adding resource folder /crud_proyecto/src/test/resources
2025-05-28 13:13:00,648 [Worker-88: Updating Maven Project] INFO  o.e.m.c.i.p.ProjectConfigurationManager - Update completed for 1 poms: local refresh takes 0.00 sec, refresh facades takes 2.00 sec, update config takes 0.00 sec 
2025-05-28 13:13:01,356 [Worker-93: Building] INFO  o.a.m.s.f.DefaultMavenResourcesFiltering - Copying 1 resource from src\main\resources to target\classes
2025-05-28 13:13:01,380 [Worker-93: Building] INFO  o.a.m.s.f.DefaultMavenResourcesFiltering - Copying 5 resources from src\main\resources to target\classes
2025-05-28 13:13:01,406 [Worker-93: Building] INFO  o.a.m.s.f.DefaultMavenResourcesFiltering - skip non existing resourceDirectory C:\Users\vespe\OneDrive\Escritorio\ProyectosPersonales\Curso-Coder-Java\proyecto-main\crud_proyecto\src\test\resources
2025-05-28 14:18:20,951 [Worker-95: Building] INFO  o.a.m.s.f.DefaultMavenResourcesFiltering - Copying 1 resource from src\main\resources to target\classes
2025-05-28 14:18:20,971 [Worker-95: Building] INFO  o.a.m.s.f.DefaultMavenResourcesFiltering - Copying 5 resources from src\main\resources to target\classes
2025-05-28 14:18:20,999 [Worker-95: Building] INFO  o.a.m.s.f.DefaultMavenResourcesFiltering - skip non existing resourceDirectory C:\Users\vespe\OneDrive\Escritorio\ProyectosPersonales\Curso-Coder-Java\proyecto-main\crud_proyecto\src\test\resources
2025-05-28 19:08:16,828 [Worker-101: Building] INFO  o.a.m.s.f.DefaultMavenResourcesFiltering - Copying 1 resource from src\main\resources to target\classes
2025-05-28 19:08:16,840 [Worker-101: Building] INFO  o.a.m.s.f.DefaultMavenResourcesFiltering - Copying 5 resources from src\main\resources to target\classes
2025-05-28 19:08:16,848 [Worker-101: Building] INFO  o.a.m.s.f.DefaultMavenResourcesFiltering - skip non existing resourceDirectory C:\Users\vespe\OneDrive\Escritorio\ProyectosPersonales\Curso-Coder-Java\proyecto-main\crud_proyecto\src\test\resources
2025-05-28 19:33:03,982 [Git Repository Closer] WARN  org.eclipse.jgit.lib.Repository - close() called when useCnt is already zero for Repository[C:\Users\vespe\OneDrive\Escritorio\ProyectosPersonales\Curso-Coder-Java\Proyecto\.git]
2025-05-28 19:40:01,931 [Worker-113: Updating Maven Project] INFO  o.e.m.c.i.p.ProjectConfigurationManager - Update started
2025-05-28 19:40:03,233 [Worker-113: Updating Maven Project] INFO  o.e.m.c.i.l.LifecycleMappingFactory - Using org.eclipse.m2e.jdt.JarLifecycleMapping lifecycle mapping for MavenProject: com.coderhouse:crud_proyecto:0.0.1-SNAPSHOT @ C:\Users\vespe\OneDrive\Escritorio\ProyectosPersonales\Curso-Coder-Java\proyecto-main\crud_proyecto\pom.xml.
2025-05-28 19:40:04,620 [Worker-113: Updating Maven Project] INFO  o.e.m.j.i.AbstractJavaProjectConfigurator - Adding source folder /crud_proyecto/src/main/java
2025-05-28 19:40:04,621 [Worker-113: Updating Maven Project] INFO  o.e.m.j.i.AbstractJavaProjectConfigurator - Adding resource folder /crud_proyecto/src/main/resources
2025-05-28 19:40:04,622 [Worker-113: Updating Maven Project] INFO  o.e.m.j.i.AbstractJavaProjectConfigurator - Adding resource folder /crud_proyecto/src/main/resources
2025-05-28 19:40:04,622 [Worker-113: Updating Maven Project] INFO  o.e.m.j.i.AbstractJavaProjectConfigurator - Adding source folder /crud_proyecto/src/test/java
2025-05-28 19:40:04,623 [Worker-113: Updating Maven Project] INFO  o.e.m.j.i.AbstractJavaProjectConfigurator - Adding resource folder /crud_proyecto/src/test/resources
2025-05-28 19:40:05,056 [Worker-113: Updating Maven Project] INFO  o.e.m.c.i.p.ProjectConfigurationManager - Update completed for 1 poms: local refresh takes 0.00 sec, refresh facades takes 2.00 sec, update config takes 0.00 sec 
2025-05-28 19:40:05,397 [Git Repository Closer] WARN  org.eclipse.jgit.lib.Repository - close() called when useCnt is already zero for Repository[C:\Users\vespe\OneDrive\Escritorio\ProyectosPersonales\Curso-Coder-Java\Proyecto\proyecto\.git]
2025-05-28 19:40:06,098 [Worker-116: Building] INFO  o.a.m.s.f.DefaultMavenResourcesFiltering - Copying 1 resource from src\main\resources to target\classes
2025-05-28 19:40:06,120 [Worker-116: Building] INFO  o.a.m.s.f.DefaultMavenResourcesFiltering - Copying 5 resources from src\main\resources to target\classes
2025-05-28 19:40:06,144 [Worker-116: Building] INFO  o.a.m.s.f.DefaultMavenResourcesFiltering - skip non existing resourceDirectory C:\Users\vespe\OneDrive\Escritorio\ProyectosPersonales\Curso-Coder-Java\proyecto-main\crud_proyecto\src\test\resources
2025-05-28 19:43:15,356 [Worker-114: Remove Repositories] WARN  org.eclipse.jgit.lib.Repository - close() called when useCnt is already zero for [RepositoryHandle:Repository[C:\Users\vespe\OneDrive\Escritorio\ProyectosPersonales\Curso-Coder-Java\Workspace-Temp\BaseDatosProyect\.git]]
2025-05-28 19:59:54,395 [Worker-118: Git Repository Change Scanner] WARN  org.eclipse.jgit.lib.Repository - close() called when useCnt is already zero for Repository[C:\Users\vespe\OneDrive\Escritorio\ProyectosPersonales\Curso-Coder-Java\Workspace-Temp\BaseDatosProyect\.git]
2025-05-29 15:06:49,140 [Worker-170: Launching crud_proyecto - CrudProyectoApplication] INFO  o.a.m.s.f.DefaultMavenResourcesFiltering - Copying 1 resource from src\main\resources to target\classes
2025-05-29 15:06:49,243 [Worker-170: Launching crud_proyecto - CrudProyectoApplication] INFO  o.a.m.s.f.DefaultMavenResourcesFiltering - Copying 5 resources from src\main\resources to target\classes
2025-05-29 15:06:49,262 [Worker-170: Launching crud_proyecto - CrudProyectoApplication] INFO  o.a.m.s.f.DefaultMavenResourcesFiltering - skip non existing resourceDirectory C:\Users\vespe\OneDrive\Escritorio\ProyectosPersonales\Curso-Coder-Java\proyecto-main\crud_proyecto\src\test\resources
2025-05-30 18:00:29,759 [Worker-265: Updating Maven Project] INFO  o.e.m.c.i.p.ProjectConfigurationManager - Update started
2025-05-30 18:00:31,188 [Worker-265: Updating Maven Project] INFO  o.e.m.c.i.l.LifecycleMappingFactory - Using org.eclipse.m2e.jdt.JarLifecycleMapping lifecycle mapping for MavenProject: com.coderhouse:crud_proyecto:0.0.1-SNAPSHOT @ C:\Users\vespe\OneDrive\Escritorio\ProyectosPersonales\Curso-Coder-Java\proyecto-main\crud_proyecto\pom.xml.
2025-05-30 18:00:32,847 [Worker-265: Updating Maven Project] INFO  o.e.m.j.i.AbstractJavaProjectConfigurator - Adding source folder /crud_proyecto/src/main/java
2025-05-30 18:00:32,849 [Worker-265: Updating Maven Project] INFO  o.e.m.j.i.AbstractJavaProjectConfigurator - Adding resource folder /crud_proyecto/src/main/resources
2025-05-30 18:00:32,851 [Worker-265: Updating Maven Project] INFO  o.e.m.j.i.AbstractJavaProjectConfigurator - Adding resource folder /crud_proyecto/src/main/resources
2025-05-30 18:00:32,853 [Worker-265: Updating Maven Project] INFO  o.e.m.j.i.AbstractJavaProjectConfigurator - Adding source folder /crud_proyecto/src/test/java
2025-05-30 18:00:32,855 [Worker-265: Updating Maven Project] INFO  o.e.m.j.i.AbstractJavaProjectConfigurator - Adding resource folder /crud_proyecto/src/test/resources
2025-05-30 18:00:33,454 [Worker-265: Updating Maven Project] INFO  o.e.m.c.i.p.ProjectConfigurationManager - Update completed for 1 poms: local refresh takes 0.00 sec, refresh facades takes 2.00 sec, update config takes 0.00 sec 
2025-05-30 18:00:34,662 [Worker-264: Building] INFO  o.a.m.s.f.DefaultMavenResourcesFiltering - Copying 1 resource from src\main\resources to target\classes
2025-05-30 18:00:34,707 [Worker-264: Building] INFO  o.a.m.s.f.DefaultMavenResourcesFiltering - Copying 5 resources from src\main\resources to target\classes
2025-05-30 18:00:34,734 [Worker-264: Building] INFO  o.a.m.s.f.DefaultMavenResourcesFiltering - skip non existing resourceDirectory C:\Users\vespe\OneDrive\Escritorio\ProyectosPersonales\Curso-Coder-Java\proyecto-main\crud_proyecto\src\test\resources
2025-05-30 18:22:02,604 [Worker-271: Launching crud_proyecto - CrudProyectoApplication] INFO  o.a.m.s.f.DefaultMavenResourcesFiltering - Copying 1 resource from src\main\resources to target\classes
2025-05-30 18:22:02,647 [Worker-271: Launching crud_proyecto - CrudProyectoApplication] INFO  o.a.m.s.f.DefaultMavenResourcesFiltering - Copying 1 resource from src\main\resources to target\classes
2025-05-30 18:22:02,653 [Worker-271: Launching crud_proyecto - CrudProyectoApplication] INFO  o.a.m.s.f.DefaultMavenResourcesFiltering - skip non existing resourceDirectory C:\Users\vespe\OneDrive\Escritorio\ProyectosPersonales\Curso-Coder-Java\proyecto-main\crud_proyecto\src\test\resources
2025-05-30 20:17:36,161 [Worker-272: Building] INFO  o.a.m.s.f.DefaultMavenResourcesFiltering - Copying 1 resource from src\main\resources to target\classes
2025-05-30 20:17:36,225 [Worker-272: Building] INFO  o.a.m.s.f.DefaultMavenResourcesFiltering - Copying 5 resources from src\main\resources to target\classes
2025-05-30 20:17:36,234 [Worker-272: Building] INFO  o.a.m.s.f.DefaultMavenResourcesFiltering - skip non existing resourceDirectory C:\Users\vespe\OneDrive\Escritorio\ProyectosPersonales\Curso-Coder-Java\proyecto-main\crud_proyecto\src\test\resources
2025-05-30 20:31:35,243 [Worker-279: Building] INFO  o.a.m.s.f.DefaultMavenResourcesFiltering - Copying 1 resource from src\main\resources to target\classes
2025-05-30 20:31:35,262 [Worker-279: Building] INFO  o.a.m.s.f.DefaultMavenResourcesFiltering - Copying 5 resources from src\main\resources to target\classes
2025-05-30 20:31:35,267 [Worker-279: Building] INFO  o.a.m.s.f.DefaultMavenResourcesFiltering - skip non existing resourceDirectory C:\Users\vespe\OneDrive\Escritorio\ProyectosPersonales\Curso-Coder-Java\proyecto-main\crud_proyecto\src\test\resources
2025-05-30 22:02:36,529 [Worker-276: Building] INFO  o.a.m.s.f.DefaultMavenResourcesFiltering - Copying 1 resource from src\main\resources to target\classes
2025-05-30 22:02:36,615 [Worker-276: Building] INFO  o.a.m.s.f.DefaultMavenResourcesFiltering - Copying 5 resources from src\main\resources to target\classes
2025-05-30 22:02:36,632 [Worker-276: Building] INFO  o.a.m.s.f.DefaultMavenResourcesFiltering - skip non existing resourceDirectory C:\Users\vespe\OneDrive\Escritorio\ProyectosPersonales\Curso-Coder-Java\proyecto-main\crud_proyecto\src\test\resources
2025-05-30 22:28:53,082 [Worker-287: Launching crud_proyecto - CrudProyectoApplication] INFO  o.a.m.s.f.DefaultMavenResourcesFiltering - Copying 1 resource from src\main\resources to target\classes
2025-05-30 22:28:53,122 [Worker-287: Launching crud_proyecto - CrudProyectoApplication] INFO  o.a.m.s.f.DefaultMavenResourcesFiltering - Copying 5 resources from src\main\resources to target\classes
2025-05-30 22:28:53,131 [Worker-287: Launching crud_proyecto - CrudProyectoApplication] INFO  o.a.m.s.f.DefaultMavenResourcesFiltering - skip non existing resourceDirectory C:\Users\vespe\OneDrive\Escritorio\ProyectosPersonales\Curso-Coder-Java\proyecto-main\crud_proyecto\src\test\resources
2025-07-02 13:57:16,749 [Worker-2: Loading available Gradle versions] INFO  o.e.b.c.i.u.g.PublishedGradleVersions - Gradle version information cache is out-of-date. Trying to update.
2025-07-02 13:57:17,229 [Worker-2: Loading available Gradle versions] INFO  o.e.b.c.i.u.g.PublishedGradleVersions - Updating Gradle version information cache failed. Using outdated cache.
2025-07-02 13:57:23,429 [Worker-10: Deferred Early Start] INFO  o.a.h.c.h.i.c.HttpRequestRetryExec - Recoverable I/O exception (java.net.SocketException) caught when processing request to {s}->https://www.eclipse.org:443
2025-07-06 23:46:45,934 [Worker-1: Loading available Gradle versions] INFO  o.e.b.c.i.u.g.PublishedGradleVersions - Gradle version information cache is out-of-date. Trying to update.
2025-07-06 23:46:47,211 [Worker-1: Loading available Gradle versions] INFO  o.e.b.c.i.u.g.PublishedGradleVersions - Updating Gradle version information cache failed. Using outdated cache.
2025-07-06 23:46:55,824 [Worker-14: Deferred Early Start] INFO  o.a.h.c.h.i.c.HttpRequestRetryExec - Recoverable I/O exception (java.net.SocketException) caught when processing request to {s}->https://www.eclipse.org:443
2025-07-07 17:51:12,688 [Worker-5: Loading available Gradle versions] INFO  o.e.b.c.i.u.g.PublishedGradleVersions - Gradle version information cache is out-of-date. Trying to update.
2025-07-07 17:51:13,359 [Worker-5: Loading available Gradle versions] INFO  o.e.b.c.i.u.g.PublishedGradleVersions - Updating Gradle version information cache failed. Using outdated cache.
2025-07-07 17:51:19,338 [Worker-0: Deferred Early Start] INFO  o.a.h.c.h.i.c.HttpRequestRetryExec - Recoverable I/O exception (java.net.SocketException) caught when processing request to {s}->https://www.eclipse.org:443
2025-07-08 00:15:50,052 [Worker-5: Loading available Gradle versions] INFO  o.e.b.c.i.u.g.PublishedGradleVersions - Gradle version information cache is out-of-date. Trying to update.
2025-07-08 00:15:50,508 [Worker-5: Loading available Gradle versions] INFO  o.e.b.c.i.u.g.PublishedGradleVersions - Updating Gradle version information cache failed. Using outdated cache.
2025-07-08 00:15:55,997 [Worker-11: Deferred Early Start] INFO  o.a.h.c.h.i.c.HttpRequestRetryExec - Recoverable I/O exception (java.net.SocketException) caught when processing request to {s}->https://www.eclipse.org:443
2025-07-08 00:16:12,750 [Worker-12: Building] INFO  o.a.m.s.f.DefaultMavenResourcesFiltering - Copying 1 resource from src\main\resources to target\classes
2025-07-08 00:16:12,774 [Worker-12: Building] INFO  o.a.m.s.f.DefaultMavenResourcesFiltering - Copying 5 resources from src\main\resources to target\classes
2025-07-08 00:16:12,789 [Worker-12: Building] INFO  o.a.m.s.f.DefaultMavenResourcesFiltering - skip non existing resourceDirectory C:\Users\vespe\OneDrive\Escritorio\ProyectosPersonales\Curso-Coder-Java\proyecto-main\crud_proyecto\src\test\resources
2025-07-08 00:16:17,989 [Worker-30: Updating Maven Project] INFO  o.e.m.c.i.p.ProjectConfigurationManager - Update started
2025-07-08 00:16:19,670 [Worker-30: Updating Maven Project] INFO  o.e.m.c.i.l.LifecycleMappingFactory - Using org.eclipse.m2e.jdt.JarLifecycleMapping lifecycle mapping for MavenProject: com.coderhouse:crud_proyecto:0.0.1-SNAPSHOT @ C:\Users\vespe\OneDrive\Escritorio\ProyectosPersonales\Curso-Coder-Java\proyecto-main\crud_proyecto\pom.xml.
2025-07-08 00:16:20,292 [Worker-30: Updating Maven Project] INFO  o.e.m.j.i.AbstractJavaProjectConfigurator - Adding source folder /crud_proyecto/src/main/java
2025-07-08 00:16:20,295 [Worker-30: Updating Maven Project] INFO  o.e.m.j.i.AbstractJavaProjectConfigurator - Adding resource folder /crud_proyecto/src/main/resources
2025-07-08 00:16:20,297 [Worker-30: Updating Maven Project] INFO  o.e.m.j.i.AbstractJavaProjectConfigurator - Adding resource folder /crud_proyecto/src/main/resources
2025-07-08 00:16:20,297 [Worker-30: Updating Maven Project] INFO  o.e.m.j.i.AbstractJavaProjectConfigurator - Adding source folder /crud_proyecto/src/test/java
2025-07-08 00:16:20,298 [Worker-30: Updating Maven Project] INFO  o.e.m.j.i.AbstractJavaProjectConfigurator - Adding resource folder /crud_proyecto/src/test/resources
2025-07-08 00:16:20,690 [Worker-30: Updating Maven Project] INFO  o.e.m.c.i.p.ProjectConfigurationManager - Update completed for 1 poms: local refresh takes 0.00 sec, refresh facades takes 2.00 sec, update config takes 0.00 sec 
2025-07-08 00:16:21,484 [Worker-17: Building] INFO  o.a.m.s.f.DefaultMavenResourcesFiltering - Copying 1 resource from src\main\resources to target\classes
2025-07-08 00:16:21,496 [Worker-17: Building] INFO  o.a.m.s.f.DefaultMavenResourcesFiltering - Copying 5 resources from src\main\resources to target\classes
2025-07-08 00:16:21,511 [Worker-17: Building] INFO  o.a.m.s.f.DefaultMavenResourcesFiltering - skip non existing resourceDirectory C:\Users\vespe\OneDrive\Escritorio\ProyectosPersonales\Curso-Coder-Java\proyecto-main\crud_proyecto\src\test\resources
2025-07-08 00:19:15,759 [Worker-0: Building] INFO  o.a.m.s.f.DefaultMavenResourcesFiltering - Copying 0 resource from src\main\resources to target\classes
2025-07-08 00:19:15,763 [Worker-0: Building] INFO  o.a.m.s.f.DefaultMavenResourcesFiltering - Copying 1 resource from src\main\resources to target\classes
2025-07-08 00:19:15,767 [Worker-0: Building] INFO  o.a.m.s.f.DefaultMavenResourcesFiltering - skip non existing resourceDirectory C:\Users\vespe\OneDrive\Escritorio\ProyectosPersonales\Curso-Coder-Java\proyecto-main\crud_proyecto\src\test\resources
2025-07-08 00:19:39,342 [Worker-15: Updating Maven Project] INFO  o.e.m.c.i.p.ProjectConfigurationManager - Update started
2025-07-08 00:19:39,620 [Worker-15: Updating Maven Project] INFO  o.e.m.c.i.l.LifecycleMappingFactory - Using org.eclipse.m2e.jdt.JarLifecycleMapping lifecycle mapping for MavenProject: com.coderhouse:crud_proyecto:0.0.1-SNAPSHOT @ C:\Users\vespe\OneDrive\Escritorio\ProyectosPersonales\Curso-Coder-Java\proyecto-main\crud_proyecto\pom.xml.
2025-07-08 00:19:40,161 [Worker-15: Updating Maven Project] INFO  o.e.m.j.i.AbstractJavaProjectConfigurator - Adding source folder /crud_proyecto/src/main/java
2025-07-08 00:19:40,162 [Worker-15: Updating Maven Project] INFO  o.e.m.j.i.AbstractJavaProjectConfigurator - Adding resource folder /crud_proyecto/src/main/resources
2025-07-08 00:19:40,163 [Worker-15: Updating Maven Project] INFO  o.e.m.j.i.AbstractJavaProjectConfigurator - Adding resource folder /crud_proyecto/src/main/resources
2025-07-08 00:19:40,163 [Worker-15: Updating Maven Project] INFO  o.e.m.j.i.AbstractJavaProjectConfigurator - Adding source folder /crud_proyecto/src/test/java
2025-07-08 00:19:40,164 [Worker-15: Updating Maven Project] INFO  o.e.m.j.i.AbstractJavaProjectConfigurator - Adding resource folder /crud_proyecto/src/test/resources
2025-07-08 00:19:40,547 [Worker-15: Updating Maven Project] INFO  o.e.m.c.i.p.ProjectConfigurationManager - Update completed for 1 poms: local refresh takes 0.00 sec, refresh facades takes 0.00 sec, update config takes 0.00 sec 
2025-07-08 00:19:41,068 [Worker-5: Building] INFO  o.a.m.s.f.DefaultMavenResourcesFiltering - Copying 1 resource from src\main\resources to target\classes
2025-07-08 00:19:41,078 [Worker-5: Building] INFO  o.a.m.s.f.DefaultMavenResourcesFiltering - Copying 6 resources from src\main\resources to target\classes
2025-07-08 00:19:41,095 [Worker-5: Building] INFO  o.a.m.s.f.DefaultMavenResourcesFiltering - skip non existing resourceDirectory C:\Users\vespe\OneDrive\Escritorio\ProyectosPersonales\Curso-Coder-Java\proyecto-main\crud_proyecto\src\test\resources
2025-07-08 00:20:19,331 [Worker-4: Loading available Gradle versions] INFO  o.e.b.c.i.u.g.PublishedGradleVersions - Gradle version information cache is out-of-date. Trying to update.
2025-07-08 00:20:19,740 [Worker-4: Loading available Gradle versions] INFO  o.e.b.c.i.u.g.PublishedGradleVersions - Updating Gradle version information cache failed. Using outdated cache.
2025-07-08 00:20:25,316 [Worker-7: Deferred Early Start] INFO  o.a.h.c.h.i.c.HttpRequestRetryExec - Recoverable I/O exception (java.net.SocketException) caught when processing request to {s}->https://www.eclipse.org:443
2025-07-08 00:25:07,667 [Worker-25: Building] INFO  o.a.m.s.f.DefaultMavenResourcesFiltering - Copying 1 resource from src\main\resources to target\classes
2025-07-08 00:25:07,683 [Worker-25: Building] INFO  o.a.m.s.f.DefaultMavenResourcesFiltering - Copying 5 resources from src\main\resources to target\classes
2025-07-08 00:25:07,690 [Worker-25: Building] INFO  o.a.m.s.f.DefaultMavenResourcesFiltering - skip non existing resourceDirectory C:\Users\vespe\OneDrive\Escritorio\ProyectosPersonales\Curso-Coder-Java\proyecto-main\crud_proyecto\src\test\resources
2025-07-08 00:25:32,553 [Worker-38: Updating Maven Project] INFO  o.e.m.c.i.p.ProjectConfigurationManager - Update started
2025-07-08 00:25:33,053 [Worker-38: Updating Maven Project] INFO  o.e.m.c.i.l.LifecycleMappingFactory - Using org.eclipse.m2e.jdt.JarLifecycleMapping lifecycle mapping for MavenProject: com.coderhouse:crud_proyecto:0.0.1-SNAPSHOT @ C:\Users\vespe\OneDrive\Escritorio\ProyectosPersonales\Curso-Coder-Java\proyecto-main\crud_proyecto\pom.xml.
2025-07-08 00:25:33,701 [Worker-38: Updating Maven Project] INFO  o.e.m.j.i.AbstractJavaProjectConfigurator - Adding source folder /crud_proyecto/src/main/java
2025-07-08 00:25:33,703 [Worker-38: Updating Maven Project] INFO  o.e.m.j.i.AbstractJavaProjectConfigurator - Adding resource folder /crud_proyecto/src/main/resources
2025-07-08 00:25:33,704 [Worker-38: Updating Maven Project] INFO  o.e.m.j.i.AbstractJavaProjectConfigurator - Adding resource folder /crud_proyecto/src/main/resources
2025-07-08 00:25:33,704 [Worker-38: Updating Maven Project] INFO  o.e.m.j.i.AbstractJavaProjectConfigurator - Adding source folder /crud_proyecto/src/test/java
2025-07-08 00:25:33,706 [Worker-38: Updating Maven Project] INFO  o.e.m.j.i.AbstractJavaProjectConfigurator - Adding resource folder /crud_proyecto/src/test/resources
2025-07-08 00:25:34,090 [Worker-38: Updating Maven Project] INFO  o.e.m.c.i.p.ProjectConfigurationManager - Update completed for 1 poms: local refresh takes 0.00 sec, refresh facades takes 1.00 sec, update config takes 0.00 sec 
2025-07-08 00:25:35,304 [Worker-28: Building] INFO  o.a.m.s.f.DefaultMavenResourcesFiltering - Copying 1 resource from src\main\resources to target\classes
2025-07-08 00:25:35,315 [Worker-28: Building] INFO  o.a.m.s.f.DefaultMavenResourcesFiltering - Copying 5 resources from src\main\resources to target\classes
2025-07-08 00:25:35,334 [Worker-28: Building] INFO  o.a.m.s.f.DefaultMavenResourcesFiltering - skip non existing resourceDirectory C:\Users\vespe\OneDrive\Escritorio\ProyectosPersonales\Curso-Coder-Java\proyecto-main\crud_proyecto\src\test\resources
2025-07-08 00:26:19,345 [Worker-4: Loading available Gradle versions] INFO  o.e.b.c.i.u.g.PublishedGradleVersions - Gradle version information cache is out-of-date. Trying to update.
2025-07-08 00:26:19,815 [Worker-4: Loading available Gradle versions] INFO  o.e.b.c.i.u.g.PublishedGradleVersions - Updating Gradle version information cache failed. Using outdated cache.
2025-07-08 00:26:25,862 [Worker-4: Deferred Early Start] INFO  o.a.h.c.h.i.c.HttpRequestRetryExec - Recoverable I/O exception (java.net.SocketException) caught when processing request to {s}->https://www.eclipse.org:443
2025-07-08 00:28:40,084 [Worker-15: Building] INFO  o.a.m.s.f.DefaultMavenResourcesFiltering - Copying 1 resource from src\main\resources to target\classes
2025-07-08 00:28:40,098 [Worker-15: Building] INFO  o.a.m.s.f.DefaultMavenResourcesFiltering - Copying 5 resources from src\main\resources to target\classes
2025-07-08 00:28:40,105 [Worker-15: Building] INFO  o.a.m.s.f.DefaultMavenResourcesFiltering - skip non existing resourceDirectory C:\Users\vespe\OneDrive\Escritorio\ProyectosPersonales\Curso-Coder-Java\proyecto-main\crud_proyecto\src\test\resources
2025-07-08 00:30:16,856 [Worker-1: Building] INFO  o.a.m.s.f.DefaultMavenResourcesFiltering - Copying 0 resource from src\main\resources to target\classes
2025-07-08 00:30:16,860 [Worker-1: Building] INFO  o.a.m.s.f.DefaultMavenResourcesFiltering - Copying 1 resource from src\main\resources to target\classes
2025-07-08 00:30:16,865 [Worker-1: Building] INFO  o.a.m.s.f.DefaultMavenResourcesFiltering - skip non existing resourceDirectory C:\Users\vespe\OneDrive\Escritorio\ProyectosPersonales\Curso-Coder-Java\proyecto-main\crud_proyecto\src\test\resources
2025-07-08 00:30:33,834 [Worker-14: Building] INFO  o.a.m.s.f.DefaultMavenResourcesFiltering - Copying 0 resource from src\main\resources to target\classes
2025-07-08 00:30:33,835 [Worker-14: Building] INFO  o.a.m.s.f.DefaultMavenResourcesFiltering - Copying 1 resource from src\main\resources to target\classes
2025-07-08 00:30:33,840 [Worker-14: Building] INFO  o.a.m.s.f.DefaultMavenResourcesFiltering - skip non existing resourceDirectory C:\Users\vespe\OneDrive\Escritorio\ProyectosPersonales\Curso-Coder-Java\proyecto-main\crud_proyecto\src\test\resources
2025-07-08 00:38:00,673 [Worker-42: Building] INFO  o.a.m.s.f.DefaultMavenResourcesFiltering - Copying 1 resource from src\main\resources to target\classes
2025-07-08 00:38:00,683 [Worker-42: Building] INFO  o.a.m.s.f.DefaultMavenResourcesFiltering - Copying 6 resources from src\main\resources to target\classes
2025-07-08 00:38:00,691 [Worker-42: Building] INFO  o.a.m.s.f.DefaultMavenResourcesFiltering - skip non existing resourceDirectory C:\Users\vespe\OneDrive\Escritorio\ProyectosPersonales\Curso-Coder-Java\proyecto-main\crud_proyecto\src\test\resources
2025-07-08 00:41:22,829 [Worker-10: Building] INFO  o.a.m.s.f.DefaultMavenResourcesFiltering - Copying 1 resource from src\main\resources to target\classes
2025-07-08 00:41:22,845 [Worker-10: Building] INFO  o.a.m.s.f.DefaultMavenResourcesFiltering - Copying 6 resources from src\main\resources to target\classes
2025-07-08 00:41:22,851 [Worker-10: Building] INFO  o.a.m.s.f.DefaultMavenResourcesFiltering - skip non existing resourceDirectory C:\Users\vespe\OneDrive\Escritorio\ProyectosPersonales\Curso-Coder-Java\proyecto-main\crud_proyecto\src\test\resources
2025-07-08 00:44:28,720 [Worker-45: Building] INFO  o.a.m.s.f.DefaultMavenResourcesFiltering - Copying 1 resource from src\main\resources to target\classes
2025-07-08 00:44:28,731 [Worker-45: Building] INFO  o.a.m.s.f.DefaultMavenResourcesFiltering - Copying 6 resources from src\main\resources to target\classes
2025-07-08 00:44:28,736 [Worker-45: Building] INFO  o.a.m.s.f.DefaultMavenResourcesFiltering - skip non existing resourceDirectory C:\Users\vespe\OneDrive\Escritorio\ProyectosPersonales\Curso-Coder-Java\proyecto-main\crud_proyecto\src\test\resources
2025-07-08 00:47:05,176 [Worker-44: Building] INFO  o.a.m.s.f.DefaultMavenResourcesFiltering - Copying 1 resource from src\main\resources to target\classes
2025-07-08 00:47:05,185 [Worker-44: Building] INFO  o.a.m.s.f.DefaultMavenResourcesFiltering - Copying 6 resources from src\main\resources to target\classes
2025-07-08 00:47:05,189 [Worker-44: Building] INFO  o.a.m.s.f.DefaultMavenResourcesFiltering - skip non existing resourceDirectory C:\Users\vespe\OneDrive\Escritorio\ProyectosPersonales\Curso-Coder-Java\proyecto-main\crud_proyecto\src\test\resources
2025-07-08 00:47:15,272 [Worker-40: Building] INFO  o.a.m.s.f.DefaultMavenResourcesFiltering - Copying 1 resource from src\main\resources to target\classes
2025-07-08 00:47:15,277 [Worker-40: Building] INFO  o.a.m.s.f.DefaultMavenResourcesFiltering - Copying 6 resources from src\main\resources to target\classes
2025-07-08 00:47:15,282 [Worker-40: Building] INFO  o.a.m.s.f.DefaultMavenResourcesFiltering - skip non existing resourceDirectory C:\Users\vespe\OneDrive\Escritorio\ProyectosPersonales\Curso-Coder-Java\proyecto-main\crud_proyecto\src\test\resources
2025-07-08 00:49:41,963 [Worker-45: Building] INFO  o.a.m.s.f.DefaultMavenResourcesFiltering - Copying 0 resource from src\main\resources to target\classes
2025-07-08 00:49:41,966 [Worker-45: Building] INFO  o.a.m.s.f.DefaultMavenResourcesFiltering - Copying 1 resource from src\main\resources to target\classes
2025-07-08 00:49:41,970 [Worker-45: Building] INFO  o.a.m.s.f.DefaultMavenResourcesFiltering - skip non existing resourceDirectory C:\Users\vespe\OneDrive\Escritorio\ProyectosPersonales\Curso-Coder-Java\proyecto-main\crud_proyecto\src\test\resources
2025-07-08 00:52:54,919 [Worker-43: Building] INFO  o.a.m.s.f.DefaultMavenResourcesFiltering - Copying 1 resource from src\main\resources to target\classes
2025-07-08 00:52:54,926 [Worker-43: Building] INFO  o.a.m.s.f.DefaultMavenResourcesFiltering - Copying 6 resources from src\main\resources to target\classes
2025-07-08 00:52:54,933 [Worker-43: Building] INFO  o.a.m.s.f.DefaultMavenResourcesFiltering - skip non existing resourceDirectory C:\Users\vespe\OneDrive\Escritorio\ProyectosPersonales\Curso-Coder-Java\proyecto-main\crud_proyecto\src\test\resources
2025-07-08 00:53:17,485 [Worker-41: Building] INFO  o.a.m.s.f.DefaultMavenResourcesFiltering - Copying 1 resource from src\main\resources to target\classes
2025-07-08 00:53:17,491 [Worker-41: Building] INFO  o.a.m.s.f.DefaultMavenResourcesFiltering - Copying 6 resources from src\main\resources to target\classes
2025-07-08 00:53:17,494 [Worker-41: Building] INFO  o.a.m.s.f.DefaultMavenResourcesFiltering - skip non existing resourceDirectory C:\Users\vespe\OneDrive\Escritorio\ProyectosPersonales\Curso-Coder-Java\proyecto-main\crud_proyecto\src\test\resources
2025-07-08 00:55:10,492 [Worker-42: Building] INFO  o.a.m.s.f.DefaultMavenResourcesFiltering - Copying 1 resource from src\main\resources to target\classes
2025-07-08 00:55:10,501 [Worker-42: Building] INFO  o.a.m.s.f.DefaultMavenResourcesFiltering - Copying 6 resources from src\main\resources to target\classes
2025-07-08 00:55:10,507 [Worker-42: Building] INFO  o.a.m.s.f.DefaultMavenResourcesFiltering - skip non existing resourceDirectory C:\Users\vespe\OneDrive\Escritorio\ProyectosPersonales\Curso-Coder-Java\proyecto-main\crud_proyecto\src\test\resources
2025-07-08 00:56:12,094 [Worker-46: Building] INFO  o.a.m.s.f.DefaultMavenResourcesFiltering - Copying 1 resource from src\main\resources to target\classes
2025-07-08 00:56:12,100 [Worker-46: Building] INFO  o.a.m.s.f.DefaultMavenResourcesFiltering - Copying 6 resources from src\main\resources to target\classes
2025-07-08 00:56:12,104 [Worker-46: Building] INFO  o.a.m.s.f.DefaultMavenResourcesFiltering - skip non existing resourceDirectory C:\Users\vespe\OneDrive\Escritorio\ProyectosPersonales\Curso-Coder-Java\proyecto-main\crud_proyecto\src\test\resources
2025-07-08 00:58:46,078 [Worker-43: Building] INFO  o.a.m.s.f.DefaultMavenResourcesFiltering - Copying 1 resource from src\main\resources to target\classes
2025-07-08 00:58:46,085 [Worker-43: Building] INFO  o.a.m.s.f.DefaultMavenResourcesFiltering - Copying 6 resources from src\main\resources to target\classes
2025-07-08 00:58:46,091 [Worker-43: Building] INFO  o.a.m.s.f.DefaultMavenResourcesFiltering - skip non existing resourceDirectory C:\Users\vespe\OneDrive\Escritorio\ProyectosPersonales\Curso-Coder-Java\proyecto-main\crud_proyecto\src\test\resources
2025-07-08 00:58:48,859 [Worker-43: Building] INFO  o.a.m.s.f.DefaultMavenResourcesFiltering - Copying 1 resource from src\main\resources to target\classes
2025-07-08 00:58:48,863 [Worker-43: Building] INFO  o.a.m.s.f.DefaultMavenResourcesFiltering - Copying 6 resources from src\main\resources to target\classes
2025-07-08 00:58:48,868 [Worker-43: Building] INFO  o.a.m.s.f.DefaultMavenResourcesFiltering - skip non existing resourceDirectory C:\Users\vespe\OneDrive\Escritorio\ProyectosPersonales\Curso-Coder-Java\proyecto-main\crud_proyecto\src\test\resources
2025-07-08 00:58:52,525 [Worker-48: Building] INFO  o.a.m.s.f.DefaultMavenResourcesFiltering - Copying 1 resource from src\main\resources to target\classes
2025-07-08 00:58:52,530 [Worker-48: Building] INFO  o.a.m.s.f.DefaultMavenResourcesFiltering - Copying 6 resources from src\main\resources to target\classes
2025-07-08 00:58:52,536 [Worker-48: Building] INFO  o.a.m.s.f.DefaultMavenResourcesFiltering - skip non existing resourceDirectory C:\Users\vespe\OneDrive\Escritorio\ProyectosPersonales\Curso-Coder-Java\proyecto-main\crud_proyecto\src\test\resources
2025-07-08 00:58:55,821 [Worker-48: Building] INFO  o.a.m.s.f.DefaultMavenResourcesFiltering - Copying 1 resource from src\main\resources to target\classes
2025-07-08 00:58:55,825 [Worker-48: Building] INFO  o.a.m.s.f.DefaultMavenResourcesFiltering - Copying 6 resources from src\main\resources to target\classes
2025-07-08 00:58:55,831 [Worker-48: Building] INFO  o.a.m.s.f.DefaultMavenResourcesFiltering - skip non existing resourceDirectory C:\Users\vespe\OneDrive\Escritorio\ProyectosPersonales\Curso-Coder-Java\proyecto-main\crud_proyecto\src\test\resources
2025-07-08 01:09:33,806 [Worker-46: Building] INFO  o.a.m.s.f.DefaultMavenResourcesFiltering - Copying 1 resource from src\main\resources to target\classes
2025-07-08 01:09:33,820 [Worker-46: Building] INFO  o.a.m.s.f.DefaultMavenResourcesFiltering - Copying 6 resources from src\main\resources to target\classes
2025-07-08 01:09:33,832 [Worker-46: Building] INFO  o.a.m.s.f.DefaultMavenResourcesFiltering - skip non existing resourceDirectory C:\Users\vespe\OneDrive\Escritorio\ProyectosPersonales\Curso-Coder-Java\proyecto-main\crud_proyecto\src\test\resources
2025-07-08 01:09:48,202 [Worker-51: Building] INFO  o.a.m.s.f.DefaultMavenResourcesFiltering - Copying 1 resource from src\main\resources to target\classes
2025-07-08 01:09:48,212 [Worker-51: Building] INFO  o.a.m.s.f.DefaultMavenResourcesFiltering - Copying 6 resources from src\main\resources to target\classes
2025-07-08 01:09:48,220 [Worker-51: Building] INFO  o.a.m.s.f.DefaultMavenResourcesFiltering - skip non existing resourceDirectory C:\Users\vespe\OneDrive\Escritorio\ProyectosPersonales\Curso-Coder-Java\proyecto-main\crud_proyecto\src\test\resources
2025-07-08 01:10:03,521 [Worker-51: Building] INFO  o.a.m.s.f.DefaultMavenResourcesFiltering - Copying 1 resource from src\main\resources to target\classes
2025-07-08 01:10:03,530 [Worker-51: Building] INFO  o.a.m.s.f.DefaultMavenResourcesFiltering - Copying 6 resources from src\main\resources to target\classes
2025-07-08 01:10:03,539 [Worker-51: Building] INFO  o.a.m.s.f.DefaultMavenResourcesFiltering - skip non existing resourceDirectory C:\Users\vespe\OneDrive\Escritorio\ProyectosPersonales\Curso-Coder-Java\proyecto-main\crud_proyecto\src\test\resources
2025-07-08 01:10:05,481 [Worker-46: Building] INFO  o.a.m.s.f.DefaultMavenResourcesFiltering - Copying 1 resource from src\main\resources to target\classes
2025-07-08 01:10:05,489 [Worker-46: Building] INFO  o.a.m.s.f.DefaultMavenResourcesFiltering - Copying 6 resources from src\main\resources to target\classes
2025-07-08 01:10:05,498 [Worker-46: Building] INFO  o.a.m.s.f.DefaultMavenResourcesFiltering - skip non existing resourceDirectory C:\Users\vespe\OneDrive\Escritorio\ProyectosPersonales\Curso-Coder-Java\proyecto-main\crud_proyecto\src\test\resources
2025-07-08 01:10:10,528 [Worker-53: Building] INFO  o.a.m.s.f.DefaultMavenResourcesFiltering - Copying 1 resource from src\main\resources to target\classes
2025-07-08 01:10:10,537 [Worker-53: Building] INFO  o.a.m.s.f.DefaultMavenResourcesFiltering - Copying 0 resource from src\main\resources to target\classes
2025-07-08 01:10:10,542 [Worker-53: Building] INFO  o.a.m.s.f.DefaultMavenResourcesFiltering - skip non existing resourceDirectory C:\Users\vespe\OneDrive\Escritorio\ProyectosPersonales\Curso-Coder-Java\proyecto-main\crud_proyecto\src\test\resources
2025-07-08 01:10:43,193 [Worker-51: Building] INFO  o.a.m.s.f.DefaultMavenResourcesFiltering - Copying 1 resource from src\main\resources to target\classes
2025-07-08 01:10:43,202 [Worker-51: Building] INFO  o.a.m.s.f.DefaultMavenResourcesFiltering - Copying 6 resources from src\main\resources to target\classes
2025-07-08 01:10:43,208 [Worker-51: Building] INFO  o.a.m.s.f.DefaultMavenResourcesFiltering - skip non existing resourceDirectory C:\Users\vespe\OneDrive\Escritorio\ProyectosPersonales\Curso-Coder-Java\proyecto-main\crud_proyecto\src\test\resources
2025-07-08 01:10:55,749 [Worker-50: Building] INFO  o.a.m.s.f.DefaultMavenResourcesFiltering - Copying 1 resource from src\main\resources to target\classes
2025-07-08 01:10:55,757 [Worker-50: Building] INFO  o.a.m.s.f.DefaultMavenResourcesFiltering - Copying 6 resources from src\main\resources to target\classes
2025-07-08 01:10:55,765 [Worker-50: Building] INFO  o.a.m.s.f.DefaultMavenResourcesFiltering - skip non existing resourceDirectory C:\Users\vespe\OneDrive\Escritorio\ProyectosPersonales\Curso-Coder-Java\proyecto-main\crud_proyecto\src\test\resources
2025-07-08 01:11:13,463 [Worker-48: Building] INFO  o.a.m.s.f.DefaultMavenResourcesFiltering - Copying 1 resource from src\main\resources to target\classes
2025-07-08 01:11:13,479 [Worker-48: Building] INFO  o.a.m.s.f.DefaultMavenResourcesFiltering - Copying 6 resources from src\main\resources to target\classes
2025-07-08 01:11:13,493 [Worker-48: Building] INFO  o.a.m.s.f.DefaultMavenResourcesFiltering - skip non existing resourceDirectory C:\Users\vespe\OneDrive\Escritorio\ProyectosPersonales\Curso-Coder-Java\proyecto-main\crud_proyecto\src\test\resources
2025-07-08 01:11:40,093 [Worker-50: Building] INFO  o.a.m.s.f.DefaultMavenResourcesFiltering - Copying 1 resource from src\main\resources to target\classes
2025-07-08 01:11:40,106 [Worker-50: Building] INFO  o.a.m.s.f.DefaultMavenResourcesFiltering - Copying 6 resources from src\main\resources to target\classes
2025-07-08 01:11:40,112 [Worker-50: Building] INFO  o.a.m.s.f.DefaultMavenResourcesFiltering - skip non existing resourceDirectory C:\Users\vespe\OneDrive\Escritorio\ProyectosPersonales\Curso-Coder-Java\proyecto-main\crud_proyecto\src\test\resources
2025-07-08 01:11:55,073 [Worker-50: Building] INFO  o.a.m.s.f.DefaultMavenResourcesFiltering - Copying 1 resource from src\main\resources to target\classes
2025-07-08 01:11:55,081 [Worker-50: Building] INFO  o.a.m.s.f.DefaultMavenResourcesFiltering - Copying 6 resources from src\main\resources to target\classes
2025-07-08 01:11:55,089 [Worker-50: Building] INFO  o.a.m.s.f.DefaultMavenResourcesFiltering - skip non existing resourceDirectory C:\Users\vespe\OneDrive\Escritorio\ProyectosPersonales\Curso-Coder-Java\proyecto-main\crud_proyecto\src\test\resources
2025-07-08 01:12:11,922 [Worker-46: Building] INFO  o.a.m.s.f.DefaultMavenResourcesFiltering - Copying 0 resource from src\main\resources to target\classes
2025-07-08 01:12:11,927 [Worker-46: Building] INFO  o.a.m.s.f.DefaultMavenResourcesFiltering - Copying 1 resource from src\main\resources to target\classes
2025-07-08 01:12:11,934 [Worker-46: Building] INFO  o.a.m.s.f.DefaultMavenResourcesFiltering - skip non existing resourceDirectory C:\Users\vespe\OneDrive\Escritorio\ProyectosPersonales\Curso-Coder-Java\proyecto-main\crud_proyecto\src\test\resources
2025-07-08 01:12:36,020 [Worker-53: Building] INFO  o.a.m.s.f.DefaultMavenResourcesFiltering - Copying 0 resource from src\main\resources to target\classes
2025-07-08 01:12:36,022 [Worker-53: Building] INFO  o.a.m.s.f.DefaultMavenResourcesFiltering - Copying 1 resource from src\main\resources to target\classes
2025-07-08 01:12:36,028 [Worker-53: Building] INFO  o.a.m.s.f.DefaultMavenResourcesFiltering - skip non existing resourceDirectory C:\Users\vespe\OneDrive\Escritorio\ProyectosPersonales\Curso-Coder-Java\proyecto-main\crud_proyecto\src\test\resources
2025-07-08 01:12:55,770 [Worker-51: Building] INFO  o.a.m.s.f.DefaultMavenResourcesFiltering - Copying 0 resource from src\main\resources to target\classes
2025-07-08 01:12:55,776 [Worker-51: Building] INFO  o.a.m.s.f.DefaultMavenResourcesFiltering - Copying 1 resource from src\main\resources to target\classes
2025-07-08 01:12:55,783 [Worker-51: Building] INFO  o.a.m.s.f.DefaultMavenResourcesFiltering - skip non existing resourceDirectory C:\Users\vespe\OneDrive\Escritorio\ProyectosPersonales\Curso-Coder-Java\proyecto-main\crud_proyecto\src\test\resources
2025-07-08 01:13:48,250 [Worker-48: Building] INFO  o.a.m.s.f.DefaultMavenResourcesFiltering - Copying 1 resource from src\main\resources to target\classes
2025-07-08 01:13:48,258 [Worker-48: Building] INFO  o.a.m.s.f.DefaultMavenResourcesFiltering - Copying 9 resources from src\main\resources to target\classes
2025-07-08 01:13:48,265 [Worker-48: Building] INFO  o.a.m.s.f.DefaultMavenResourcesFiltering - skip non existing resourceDirectory C:\Users\vespe\OneDrive\Escritorio\ProyectosPersonales\Curso-Coder-Java\proyecto-main\crud_proyecto\src\test\resources
2025-07-08 01:14:11,479 [Worker-53: Building] INFO  o.a.m.s.f.DefaultMavenResourcesFiltering - Copying 1 resource from src\main\resources to target\classes
2025-07-08 01:14:11,483 [Worker-53: Building] INFO  o.a.m.s.f.DefaultMavenResourcesFiltering - Copying 9 resources from src\main\resources to target\classes
2025-07-08 01:14:11,489 [Worker-53: Building] INFO  o.a.m.s.f.DefaultMavenResourcesFiltering - skip non existing resourceDirectory C:\Users\vespe\OneDrive\Escritorio\ProyectosPersonales\Curso-Coder-Java\proyecto-main\crud_proyecto\src\test\resources
2025-07-08 01:16:36,711 [Worker-51: Building] INFO  o.a.m.s.f.DefaultMavenResourcesFiltering - Copying 1 resource from src\main\resources to target\classes
2025-07-08 01:16:36,723 [Worker-51: Building] INFO  o.a.m.s.f.DefaultMavenResourcesFiltering - Copying 9 resources from src\main\resources to target\classes
2025-07-08 01:16:36,730 [Worker-51: Building] INFO  o.a.m.s.f.DefaultMavenResourcesFiltering - skip non existing resourceDirectory C:\Users\vespe\OneDrive\Escritorio\ProyectosPersonales\Curso-Coder-Java\proyecto-main\crud_proyecto\src\test\resources
2025-07-08 01:16:39,189 [Worker-52: Building] INFO  o.a.m.s.f.DefaultMavenResourcesFiltering - Copying 1 resource from src\main\resources to target\classes
2025-07-08 01:16:39,200 [Worker-52: Building] INFO  o.a.m.s.f.DefaultMavenResourcesFiltering - Copying 9 resources from src\main\resources to target\classes
2025-07-08 01:16:39,211 [Worker-52: Building] INFO  o.a.m.s.f.DefaultMavenResourcesFiltering - skip non existing resourceDirectory C:\Users\vespe\OneDrive\Escritorio\ProyectosPersonales\Curso-Coder-Java\proyecto-main\crud_proyecto\src\test\resources
2025-07-08 13:23:51,848 [Worker-6: Loading available Gradle versions] INFO  o.e.b.c.i.u.g.PublishedGradleVersions - Gradle version information cache is out-of-date. Trying to update.
2025-07-08 13:23:52,242 [Worker-6: Loading available Gradle versions] INFO  o.e.b.c.i.u.g.PublishedGradleVersions - Updating Gradle version information cache failed. Using outdated cache.
2025-07-08 13:24:10,294 [Worker-1: Building] INFO  o.a.m.s.f.DefaultMavenResourcesFiltering - Copying 1 resource from src\main\resources to target\classes
2025-07-08 13:24:10,309 [Worker-1: Building] INFO  o.a.m.s.f.DefaultMavenResourcesFiltering - Copying 9 resources from src\main\resources to target\classes
2025-07-08 13:24:10,329 [Worker-1: Building] INFO  o.a.m.s.f.DefaultMavenResourcesFiltering - skip non existing resourceDirectory C:\Users\vespe\OneDrive\Escritorio\ProyectosPersonales\Curso-Coder-Java\proyecto-main\crud_proyecto\src\test\resources
2025-07-08 13:24:18,912 [Worker-1: Building] INFO  o.a.m.s.f.DefaultMavenResourcesFiltering - Copying 1 resource from src\main\resources to target\classes
2025-07-08 13:24:18,919 [Worker-1: Building] INFO  o.a.m.s.f.DefaultMavenResourcesFiltering - Copying 9 resources from src\main\resources to target\classes
2025-07-08 13:24:18,927 [Worker-1: Building] INFO  o.a.m.s.f.DefaultMavenResourcesFiltering - skip non existing resourceDirectory C:\Users\vespe\OneDrive\Escritorio\ProyectosPersonales\Curso-Coder-Java\proyecto-main\crud_proyecto\src\test\resources
2025-07-08 13:26:03,256 [Worker-8: Building] INFO  o.a.m.s.f.DefaultMavenResourcesFiltering - Copying 1 resource from src\main\resources to target\classes
2025-07-08 13:26:03,264 [Worker-8: Building] INFO  o.a.m.s.f.DefaultMavenResourcesFiltering - Copying 9 resources from src\main\resources to target\classes
2025-07-08 13:26:03,273 [Worker-8: Building] INFO  o.a.m.s.f.DefaultMavenResourcesFiltering - skip non existing resourceDirectory C:\Users\vespe\OneDrive\Escritorio\ProyectosPersonales\Curso-Coder-Java\proyecto-main\crud_proyecto\src\test\resources
2025-07-08 13:26:27,587 [Worker-25: Building] INFO  o.a.m.s.f.DefaultMavenResourcesFiltering - Copying 1 resource from src\main\resources to target\classes
2025-07-08 13:26:27,593 [Worker-25: Building] INFO  o.a.m.s.f.DefaultMavenResourcesFiltering - Copying 9 resources from src\main\resources to target\classes
2025-07-08 13:26:27,600 [Worker-25: Building] INFO  o.a.m.s.f.DefaultMavenResourcesFiltering - skip non existing resourceDirectory C:\Users\vespe\OneDrive\Escritorio\ProyectosPersonales\Curso-Coder-Java\proyecto-main\crud_proyecto\src\test\resources
2025-07-09 11:07:54,633 [Worker-7: Loading available Gradle versions] INFO  o.e.b.c.i.u.g.PublishedGradleVersions - Gradle version information cache is out-of-date. Trying to update.
2025-07-09 11:07:55,938 [Worker-7: Loading available Gradle versions] INFO  o.e.b.c.i.u.g.PublishedGradleVersions - Updating Gradle version information cache failed. Using outdated cache.
2025-07-10 00:01:43,989 [Worker-79: Building] INFO  o.a.m.s.f.DefaultMavenResourcesFiltering - Copying 1 resource from src\main\resources to target\classes
2025-07-10 00:01:44,046 [Worker-79: Building] INFO  o.a.m.s.f.DefaultMavenResourcesFiltering - Copying 9 resources from src\main\resources to target\classes
2025-07-10 00:01:44,055 [Worker-79: Building] INFO  o.a.m.s.f.DefaultMavenResourcesFiltering - skip non existing resourceDirectory C:\Users\vespe\OneDrive\Escritorio\ProyectosPersonales\Curso-Coder-Java\proyecto-main\crud_proyecto\src\test\resources
2025-07-10 00:02:18,574 [Worker-76: Building] INFO  o.a.m.s.f.DefaultMavenResourcesFiltering - Copying 1 resource from src\main\resources to target\classes
2025-07-10 00:02:18,579 [Worker-76: Building] INFO  o.a.m.s.f.DefaultMavenResourcesFiltering - Copying 9 resources from src\main\resources to target\classes
2025-07-10 00:02:18,589 [Worker-76: Building] INFO  o.a.m.s.f.DefaultMavenResourcesFiltering - skip non existing resourceDirectory C:\Users\vespe\OneDrive\Escritorio\ProyectosPersonales\Curso-Coder-Java\proyecto-main\crud_proyecto\src\test\resources
2025-07-11 14:02:43,918 [Worker-2: Loading available Gradle versions] INFO  o.e.b.c.i.u.g.PublishedGradleVersions - Gradle version information cache is out-of-date. Trying to update.
2025-07-11 14:02:44,355 [Worker-2: Loading available Gradle versions] INFO  o.e.b.c.i.u.g.PublishedGradleVersions - Updating Gradle version information cache failed. Using outdated cache.
2025-07-11 14:02:49,917 [Worker-0: Deferred Early Start] INFO  o.a.h.c.h.i.c.HttpRequestRetryExec - Recoverable I/O exception (java.net.SocketException) caught when processing request to {s}->https://www.eclipse.org:443
2025-07-11 14:32:21,054 [Worker-37: Building] INFO  o.a.m.s.f.DefaultMavenResourcesFiltering - Copying 1 resource from src\main\resources to target\classes
2025-07-11 14:32:21,078 [Worker-37: Building] INFO  o.a.m.s.f.DefaultMavenResourcesFiltering - Copying 5 resources from src\main\resources to target\classes
2025-07-11 14:32:21,088 [Worker-37: Building] INFO  o.a.m.s.f.DefaultMavenResourcesFiltering - skip non existing resourceDirectory C:\Users\vespe\OneDrive\Escritorio\ProyectosPersonales\Curso-Coder-Java\proyecto-main\crud_proyecto\src\test\resources
2025-07-11 14:33:06,590 [Worker-43: Building] INFO  o.a.m.s.f.DefaultMavenResourcesFiltering - Copying 1 resource from src\main\resources to target\classes
2025-07-11 14:33:06,594 [Worker-43: Building] INFO  o.a.m.s.f.DefaultMavenResourcesFiltering - Copying 5 resources from src\main\resources to target\classes
2025-07-11 14:33:06,599 [Worker-43: Building] INFO  o.a.m.s.f.DefaultMavenResourcesFiltering - skip non existing resourceDirectory C:\Users\vespe\OneDrive\Escritorio\ProyectosPersonales\Curso-Coder-Java\proyecto-main\crud_proyecto\src\test\resources
2025-07-11 14:33:12,797 [Worker-39: Building] INFO  o.a.m.s.f.DefaultMavenResourcesFiltering - Copying 1 resource from src\main\resources to target\classes
2025-07-11 14:33:12,804 [Worker-39: Building] INFO  o.a.m.s.f.DefaultMavenResourcesFiltering - Copying 5 resources from src\main\resources to target\classes
2025-07-11 14:33:12,811 [Worker-39: Building] INFO  o.a.m.s.f.DefaultMavenResourcesFiltering - skip non existing resourceDirectory C:\Users\vespe\OneDrive\Escritorio\ProyectosPersonales\Curso-Coder-Java\proyecto-main\crud_proyecto\src\test\resources
2025-07-11 14:33:24,053 [Worker-42: Building] INFO  o.a.m.s.f.DefaultMavenResourcesFiltering - Copying 1 resource from src\main\resources to target\classes
2025-07-11 14:33:24,058 [Worker-42: Building] INFO  o.a.m.s.f.DefaultMavenResourcesFiltering - Copying 5 resources from src\main\resources to target\classes
2025-07-11 14:33:24,062 [Worker-42: Building] INFO  o.a.m.s.f.DefaultMavenResourcesFiltering - skip non existing resourceDirectory C:\Users\vespe\OneDrive\Escritorio\ProyectosPersonales\Curso-Coder-Java\proyecto-main\crud_proyecto\src\test\resources
2025-07-11 14:33:35,063 [Worker-39: Building] INFO  o.a.m.s.f.DefaultMavenResourcesFiltering - Copying 1 resource from src\main\resources to target\classes
2025-07-11 14:33:35,070 [Worker-39: Building] INFO  o.a.m.s.f.DefaultMavenResourcesFiltering - Copying 5 resources from src\main\resources to target\classes
2025-07-11 14:33:35,079 [Worker-39: Building] INFO  o.a.m.s.f.DefaultMavenResourcesFiltering - skip non existing resourceDirectory C:\Users\vespe\OneDrive\Escritorio\ProyectosPersonales\Curso-Coder-Java\proyecto-main\crud_proyecto\src\test\resources
2025-07-11 14:33:43,478 [Worker-37: Building] INFO  o.a.m.s.f.DefaultMavenResourcesFiltering - Copying 1 resource from src\main\resources to target\classes
2025-07-11 14:33:43,483 [Worker-37: Building] INFO  o.a.m.s.f.DefaultMavenResourcesFiltering - Copying 5 resources from src\main\resources to target\classes
2025-07-11 14:33:43,488 [Worker-37: Building] INFO  o.a.m.s.f.DefaultMavenResourcesFiltering - skip non existing resourceDirectory C:\Users\vespe\OneDrive\Escritorio\ProyectosPersonales\Curso-Coder-Java\proyecto-main\crud_proyecto\src\test\resources
2025-07-11 14:33:53,856 [Worker-41: Updating Maven Project] INFO  o.e.m.c.i.p.ProjectConfigurationManager - Update started
2025-07-11 14:33:55,713 [Worker-41: Updating Maven Project] INFO  o.e.m.c.i.l.LifecycleMappingFactory - Using org.eclipse.m2e.jdt.JarLifecycleMapping lifecycle mapping for MavenProject: com.coderhouse:crud_proyecto:0.0.1-SNAPSHOT @ C:\Users\vespe\OneDrive\Escritorio\ProyectosPersonales\Curso-Coder-Java\proyecto-main\crud_proyecto\pom.xml.
2025-07-11 14:33:56,445 [Worker-41: Updating Maven Project] INFO  o.e.m.j.i.AbstractJavaProjectConfigurator - Adding source folder /crud_proyecto/src/main/java
2025-07-11 14:33:56,448 [Worker-41: Updating Maven Project] INFO  o.e.m.j.i.AbstractJavaProjectConfigurator - Adding resource folder /crud_proyecto/src/main/resources
2025-07-11 14:33:56,449 [Worker-41: Updating Maven Project] INFO  o.e.m.j.i.AbstractJavaProjectConfigurator - Adding resource folder /crud_proyecto/src/main/resources
2025-07-11 14:33:56,450 [Worker-41: Updating Maven Project] INFO  o.e.m.j.i.AbstractJavaProjectConfigurator - Adding source folder /crud_proyecto/src/test/java
2025-07-11 14:33:56,451 [Worker-41: Updating Maven Project] INFO  o.e.m.j.i.AbstractJavaProjectConfigurator - Adding resource folder /crud_proyecto/src/test/resources
2025-07-11 14:33:56,913 [Worker-41: Updating Maven Project] INFO  o.e.m.c.i.p.ProjectConfigurationManager - Update completed for 1 poms: local refresh takes 0.00 sec, refresh facades takes 2.00 sec, update config takes 0.00 sec 
2025-07-11 14:33:57,994 [Worker-39: Building] INFO  o.a.m.s.f.DefaultMavenResourcesFiltering - Copying 1 resource from src\main\resources to target\classes
2025-07-11 14:33:58,007 [Worker-39: Building] INFO  o.a.m.s.f.DefaultMavenResourcesFiltering - Copying 5 resources from src\main\resources to target\classes
2025-07-11 14:33:58,024 [Worker-39: Building] INFO  o.a.m.s.f.DefaultMavenResourcesFiltering - skip non existing resourceDirectory C:\Users\vespe\OneDrive\Escritorio\ProyectosPersonales\Curso-Coder-Java\proyecto-main\crud_proyecto\src\test\resources
2025-07-12 14:54:55,139 [Worker-4: Loading available Gradle versions] INFO  o.e.b.c.i.u.g.PublishedGradleVersions - Gradle version information cache is out-of-date. Trying to update.
2025-07-12 14:54:55,498 [Worker-4: Loading available Gradle versions] INFO  o.e.b.c.i.u.g.PublishedGradleVersions - Updating Gradle version information cache failed. Using outdated cache.
2025-07-12 14:55:01,209 [Worker-2: Deferred Early Start] INFO  o.a.h.c.h.i.c.HttpRequestRetryExec - Recoverable I/O exception (java.net.SocketException) caught when processing request to {s}->https://www.eclipse.org:443
2025-07-12 15:09:50,470 [Worker-11: Updating Maven Project] INFO  o.e.m.c.i.p.ProjectConfigurationManager - Update started
2025-07-12 15:09:52,619 [Worker-11: Updating Maven Project] INFO  o.e.m.c.i.l.LifecycleMappingFactory - Using org.eclipse.m2e.jdt.JarLifecycleMapping lifecycle mapping for MavenProject: com.coderhouse:crud_proyecto:0.0.1-SNAPSHOT @ C:\Users\vespe\OneDrive\Escritorio\ProyectosPersonales\Curso-Coder-Java\proyecto-main\crud_proyecto\pom.xml.
2025-07-12 15:09:53,523 [Worker-11: Updating Maven Project] INFO  o.e.m.j.i.AbstractJavaProjectConfigurator - Adding source folder /crud_proyecto/src/main/java
2025-07-12 15:09:53,525 [Worker-11: Updating Maven Project] INFO  o.e.m.j.i.AbstractJavaProjectConfigurator - Adding resource folder /crud_proyecto/src/main/resources
2025-07-12 15:09:53,525 [Worker-11: Updating Maven Project] INFO  o.e.m.j.i.AbstractJavaProjectConfigurator - Adding resource folder /crud_proyecto/src/main/resources
2025-07-12 15:09:53,527 [Worker-11: Updating Maven Project] INFO  o.e.m.j.i.AbstractJavaProjectConfigurator - Adding source folder /crud_proyecto/src/test/java
2025-07-12 15:09:53,527 [Worker-11: Updating Maven Project] INFO  o.e.m.j.i.AbstractJavaProjectConfigurator - Adding resource folder /crud_proyecto/src/test/resources
2025-07-12 15:09:53,955 [Worker-11: Updating Maven Project] INFO  o.e.m.c.i.p.ProjectConfigurationManager - Update completed for 1 poms: local refresh takes 0.00 sec, refresh facades takes 2.00 sec, update config takes 0.00 sec 
2025-07-12 15:09:55,328 [Worker-3: Building] INFO  o.a.m.s.f.DefaultMavenResourcesFiltering - Copying 1 resource from src\main\resources to target\classes
2025-07-12 15:09:55,357 [Worker-3: Building] INFO  o.a.m.s.f.DefaultMavenResourcesFiltering - Copying 5 resources from src\main\resources to target\classes
2025-07-12 15:09:55,380 [Worker-3: Building] INFO  o.a.m.s.f.DefaultMavenResourcesFiltering - skip non existing resourceDirectory C:\Users\vespe\OneDrive\Escritorio\ProyectosPersonales\Curso-Coder-Java\proyecto-main\crud_proyecto\src\test\resources
2025-07-13 01:25:30,358 [Worker-54: Building] INFO  o.e.m.c.i.l.LifecycleMappingFactory - Using org.eclipse.m2e.jdt.JarLifecycleMapping lifecycle mapping for MavenProject: com.coderhouse:crud_proyecto:0.0.1-SNAPSHOT @ C:\Users\vespe\OneDrive\Escritorio\ProyectosPersonales\Curso-Coder-Java\proyecto-main\crud_proyecto\pom.xml.
2025-07-13 01:25:33,668 [Worker-54: Building] INFO  o.a.http.impl.execchain.RetryExec - I/O exception (java.net.SocketException) caught when processing request to {s}->https://repo.maven.apache.org:443: java.security.NoSuchAlgorithmException: Error constructing implementation (algorithm: Default, provider: SunJSSE, class: sun.security.ssl.SSLContextImpl$DefaultSSLContext)
2025-07-13 01:25:33,669 [Worker-54: Building] INFO  o.a.http.impl.execchain.RetryExec - Retrying request to {s}->https://repo.maven.apache.org:443
2025-07-13 01:25:33,706 [Worker-54: Building] INFO  o.a.http.impl.execchain.RetryExec - I/O exception (java.net.SocketException) caught when processing request to {s}->https://repo.maven.apache.org:443: java.security.NoSuchAlgorithmException: Error constructing implementation (algorithm: Default, provider: SunJSSE, class: sun.security.ssl.SSLContextImpl$DefaultSSLContext)
2025-07-13 01:25:33,706 [Worker-54: Building] INFO  o.a.http.impl.execchain.RetryExec - Retrying request to {s}->https://repo.maven.apache.org:443
2025-07-13 01:25:33,746 [Worker-54: Building] INFO  o.a.http.impl.execchain.RetryExec - I/O exception (java.net.SocketException) caught when processing request to {s}->https://repo.maven.apache.org:443: java.security.NoSuchAlgorithmException: Error constructing implementation (algorithm: Default, provider: SunJSSE, class: sun.security.ssl.SSLContextImpl$DefaultSSLContext)
2025-07-13 01:25:33,747 [Worker-54: Building] INFO  o.a.http.impl.execchain.RetryExec - Retrying request to {s}->https://repo.maven.apache.org:443
2025-07-13 01:25:33,788 [Worker-54: Building] INFO  o.e.m.c.i.e.AbstractTransferListenerAdapter - Downloaded https://repo.maven.apache.org/maven2/org/springframework/security/spring-security-test/6.4.2/spring-security-test-6.4.2.pom
2025-07-13 01:25:34,555 [Worker-54: Building] INFO  o.a.m.s.f.DefaultMavenResourcesFiltering - Copying 0 resource from src\main\resources to target\classes
2025-07-13 01:25:34,559 [Worker-54: Building] INFO  o.a.m.s.f.DefaultMavenResourcesFiltering - Copying 0 resource from src\main\resources to target\classes
2025-07-13 01:25:34,564 [Worker-54: Building] INFO  o.a.m.s.f.DefaultMavenResourcesFiltering - skip non existing resourceDirectory C:\Users\vespe\OneDrive\Escritorio\ProyectosPersonales\Curso-Coder-Java\proyecto-main\crud_proyecto\src\test\resources
2025-07-13 01:25:35,136 [Worker-54: Download sources and javadoc] INFO  o.a.http.impl.execchain.RetryExec - I/O exception (java.net.SocketException) caught when processing request to {s}->https://repo.maven.apache.org:443: java.security.NoSuchAlgorithmException: Error constructing implementation (algorithm: Default, provider: SunJSSE, class: sun.security.ssl.SSLContextImpl$DefaultSSLContext)
2025-07-13 01:25:35,137 [Worker-54: Download sources and javadoc] INFO  o.a.http.impl.execchain.RetryExec - Retrying request to {s}->https://repo.maven.apache.org:443
2025-07-13 01:25:35,175 [Worker-54: Download sources and javadoc] INFO  o.a.http.impl.execchain.RetryExec - I/O exception (java.net.SocketException) caught when processing request to {s}->https://repo.maven.apache.org:443: java.security.NoSuchAlgorithmException: Error constructing implementation (algorithm: Default, provider: SunJSSE, class: sun.security.ssl.SSLContextImpl$DefaultSSLContext)
2025-07-13 01:25:35,175 [Worker-54: Download sources and javadoc] INFO  o.a.http.impl.execchain.RetryExec - Retrying request to {s}->https://repo.maven.apache.org:443
2025-07-13 01:25:35,217 [Worker-54: Download sources and javadoc] INFO  o.a.http.impl.execchain.RetryExec - I/O exception (java.net.SocketException) caught when processing request to {s}->https://repo.maven.apache.org:443: java.security.NoSuchAlgorithmException: Error constructing implementation (algorithm: Default, provider: SunJSSE, class: sun.security.ssl.SSLContextImpl$DefaultSSLContext)
2025-07-13 01:25:35,217 [Worker-54: Download sources and javadoc] INFO  o.a.http.impl.execchain.RetryExec - Retrying request to {s}->https://repo.maven.apache.org:443
2025-07-13 01:25:35,256 [Worker-54: Download sources and javadoc] INFO  o.e.m.c.i.e.AbstractTransferListenerAdapter - Downloaded https://repo.maven.apache.org/maven2/org/springframework/security/spring-security-test/6.4.2/spring-security-test-6.4.2-sources.jar
2025-07-13 01:25:35,260 [Worker-54: Download sources and javadoc] ERROR o.e.m.j.internal.DownloadSourcesJob - Could not download sources for org.springframework.security:spring-security-test:6.4.2
org.eclipse.core.runtime.CoreException: Could not resolve artifact org.springframework.security:spring-security-test:jar:sources:6.4.2
	at org.eclipse.m2e.core.internal.embedder.MavenImpl.lambda$7(MavenImpl.java:540)
	at org.eclipse.m2e.core.internal.embedder.MavenExecutionContext.executeBare(MavenExecutionContext.java:458)
	at org.eclipse.m2e.core.internal.embedder.MavenExecutionContext.execute(MavenExecutionContext.java:292)
	at org.eclipse.m2e.core.internal.embedder.MavenExecutionContext.execute(MavenExecutionContext.java:278)
	at org.eclipse.m2e.core.internal.embedder.MavenImpl.resolve(MavenImpl.java:509)
	at org.eclipse.m2e.core.internal.embedder.MavenImpl.resolve(MavenImpl.java:494)
	at org.eclipse.m2e.jdt.internal.DownloadSourcesJob.download(DownloadSourcesJob.java:308)
	at org.eclipse.m2e.jdt.internal.DownloadSourcesJob.downloadAttachments(DownloadSourcesJob.java:282)
	at org.eclipse.m2e.jdt.internal.DownloadSourcesJob.downloadMaven(DownloadSourcesJob.java:252)
	at org.eclipse.m2e.jdt.internal.DownloadSourcesJob.downloadFilesAndPopulateToUpdate(DownloadSourcesJob.java:220)
	at org.eclipse.m2e.jdt.internal.DownloadSourcesJob.lambda$0(DownloadSourcesJob.java:149)
	at org.eclipse.m2e.core.internal.embedder.MavenExecutionContext.executeBare(MavenExecutionContext.java:458)
	at org.eclipse.m2e.core.internal.embedder.MavenExecutionContext.execute(MavenExecutionContext.java:339)
	at org.eclipse.m2e.core.internal.embedder.MavenExecutionContext.execute(MavenExecutionContext.java:278)
	at org.eclipse.m2e.core.embedder.IMaven.execute(IMaven.java:300)
	at org.eclipse.m2e.jdt.internal.DownloadSourcesJob.run(DownloadSourcesJob.java:149)
	at org.eclipse.core.internal.jobs.Worker.run(Worker.java:63)
2025-07-13 01:27:16,846 [Worker-52: Building] INFO  o.e.m.c.i.l.LifecycleMappingFactory - Using org.eclipse.m2e.jdt.JarLifecycleMapping lifecycle mapping for MavenProject: com.coderhouse:crud_proyecto:0.0.1-SNAPSHOT @ C:\Users\vespe\OneDrive\Escritorio\ProyectosPersonales\Curso-Coder-Java\proyecto-main\crud_proyecto\pom.xml.
2025-07-13 01:27:20,487 [Worker-52: Building] INFO  o.a.http.impl.execchain.RetryExec - I/O exception (java.net.SocketException) caught when processing request to {s}->https://repo.maven.apache.org:443: java.security.NoSuchAlgorithmException: Error constructing implementation (algorithm: Default, provider: SunJSSE, class: sun.security.ssl.SSLContextImpl$DefaultSSLContext)
2025-07-13 01:27:20,487 [Worker-52: Building] INFO  o.a.http.impl.execchain.RetryExec - Retrying request to {s}->https://repo.maven.apache.org:443
2025-07-13 01:27:20,525 [Worker-52: Building] INFO  o.a.http.impl.execchain.RetryExec - I/O exception (java.net.SocketException) caught when processing request to {s}->https://repo.maven.apache.org:443: java.security.NoSuchAlgorithmException: Error constructing implementation (algorithm: Default, provider: SunJSSE, class: sun.security.ssl.SSLContextImpl$DefaultSSLContext)
2025-07-13 01:27:20,525 [Worker-52: Building] INFO  o.a.http.impl.execchain.RetryExec - Retrying request to {s}->https://repo.maven.apache.org:443
2025-07-13 01:27:20,561 [Worker-52: Building] INFO  o.a.http.impl.execchain.RetryExec - I/O exception (java.net.SocketException) caught when processing request to {s}->https://repo.maven.apache.org:443: java.security.NoSuchAlgorithmException: Error constructing implementation (algorithm: Default, provider: SunJSSE, class: sun.security.ssl.SSLContextImpl$DefaultSSLContext)
2025-07-13 01:27:20,561 [Worker-52: Building] INFO  o.a.http.impl.execchain.RetryExec - Retrying request to {s}->https://repo.maven.apache.org:443
2025-07-13 01:27:20,598 [Worker-52: Building] INFO  o.e.m.c.i.e.AbstractTransferListenerAdapter - Downloaded https://repo.maven.apache.org/maven2/org/springframework/boot/spring-boot-starter-security/3.4.1/spring-boot-starter-security-3.4.1.pom
2025-07-13 01:27:25,387 [Worker-52: Building] INFO  o.a.m.s.f.DefaultMavenResourcesFiltering - Copying 0 resource from src\main\resources to target\classes
2025-07-13 01:27:25,389 [Worker-52: Building] INFO  o.a.m.s.f.DefaultMavenResourcesFiltering - Copying 0 resource from src\main\resources to target\classes
2025-07-13 01:27:25,393 [Worker-52: Building] INFO  o.a.m.s.f.DefaultMavenResourcesFiltering - skip non existing resourceDirectory C:\Users\vespe\OneDrive\Escritorio\ProyectosPersonales\Curso-Coder-Java\proyecto-main\crud_proyecto\src\test\resources
2025-07-13 01:27:25,990 [Worker-5: Download sources and javadoc] INFO  o.a.http.impl.execchain.RetryExec - I/O exception (java.net.SocketException) caught when processing request to {s}->https://repo.maven.apache.org:443: java.security.NoSuchAlgorithmException: Error constructing implementation (algorithm: Default, provider: SunJSSE, class: sun.security.ssl.SSLContextImpl$DefaultSSLContext)
2025-07-13 01:27:25,990 [Worker-5: Download sources and javadoc] INFO  o.a.http.impl.execchain.RetryExec - Retrying request to {s}->https://repo.maven.apache.org:443
2025-07-13 01:27:26,032 [Worker-5: Download sources and javadoc] INFO  o.a.http.impl.execchain.RetryExec - I/O exception (java.net.SocketException) caught when processing request to {s}->https://repo.maven.apache.org:443: java.security.NoSuchAlgorithmException: Error constructing implementation (algorithm: Default, provider: SunJSSE, class: sun.security.ssl.SSLContextImpl$DefaultSSLContext)
2025-07-13 01:27:26,032 [Worker-5: Download sources and javadoc] INFO  o.a.http.impl.execchain.RetryExec - Retrying request to {s}->https://repo.maven.apache.org:443
2025-07-13 01:27:26,072 [Worker-5: Download sources and javadoc] INFO  o.a.http.impl.execchain.RetryExec - I/O exception (java.net.SocketException) caught when processing request to {s}->https://repo.maven.apache.org:443: java.security.NoSuchAlgorithmException: Error constructing implementation (algorithm: Default, provider: SunJSSE, class: sun.security.ssl.SSLContextImpl$DefaultSSLContext)
2025-07-13 01:27:26,072 [Worker-5: Download sources and javadoc] INFO  o.a.http.impl.execchain.RetryExec - Retrying request to {s}->https://repo.maven.apache.org:443
2025-07-13 01:27:26,109 [Worker-5: Download sources and javadoc] INFO  o.e.m.c.i.e.AbstractTransferListenerAdapter - Downloaded https://repo.maven.apache.org/maven2/org/springframework/security/spring-security-test/6.4.2/spring-security-test-6.4.2-javadoc.jar
2025-07-13 01:27:26,113 [Worker-5: Download sources and javadoc] ERROR o.e.m.j.internal.DownloadSourcesJob - Could not download javadoc for org.springframework.security:spring-security-test:6.4.2
org.eclipse.core.runtime.CoreException: Could not resolve artifact org.springframework.security:spring-security-test:jar:javadoc:6.4.2
	at org.eclipse.m2e.core.internal.embedder.MavenImpl.lambda$7(MavenImpl.java:540)
	at org.eclipse.m2e.core.internal.embedder.MavenExecutionContext.executeBare(MavenExecutionContext.java:458)
	at org.eclipse.m2e.core.internal.embedder.MavenExecutionContext.execute(MavenExecutionContext.java:292)
	at org.eclipse.m2e.core.internal.embedder.MavenExecutionContext.execute(MavenExecutionContext.java:278)
	at org.eclipse.m2e.core.internal.embedder.MavenImpl.resolve(MavenImpl.java:509)
	at org.eclipse.m2e.core.internal.embedder.MavenImpl.resolve(MavenImpl.java:494)
	at org.eclipse.m2e.jdt.internal.DownloadSourcesJob.download(DownloadSourcesJob.java:308)
	at org.eclipse.m2e.jdt.internal.DownloadSourcesJob.downloadAttachments(DownloadSourcesJob.java:294)
	at org.eclipse.m2e.jdt.internal.DownloadSourcesJob.downloadMaven(DownloadSourcesJob.java:252)
	at org.eclipse.m2e.jdt.internal.DownloadSourcesJob.downloadFilesAndPopulateToUpdate(DownloadSourcesJob.java:220)
	at org.eclipse.m2e.jdt.internal.DownloadSourcesJob.lambda$0(DownloadSourcesJob.java:149)
	at org.eclipse.m2e.core.internal.embedder.MavenExecutionContext.executeBare(MavenExecutionContext.java:458)
	at org.eclipse.m2e.core.internal.embedder.MavenExecutionContext.execute(MavenExecutionContext.java:339)
	at org.eclipse.m2e.core.internal.embedder.MavenExecutionContext.execute(MavenExecutionContext.java:278)
	at org.eclipse.m2e.core.embedder.IMaven.execute(IMaven.java:300)
	at org.eclipse.m2e.jdt.internal.DownloadSourcesJob.run(DownloadSourcesJob.java:149)
	at org.eclipse.core.internal.jobs.Worker.run(Worker.java:63)
2025-07-13 01:27:26,159 [Worker-5: Download sources and javadoc] INFO  o.a.http.impl.execchain.RetryExec - I/O exception (java.net.SocketException) caught when processing request to {s}->https://repo.maven.apache.org:443: java.security.NoSuchAlgorithmException: Error constructing implementation (algorithm: Default, provider: SunJSSE, class: sun.security.ssl.SSLContextImpl$DefaultSSLContext)
2025-07-13 01:27:26,159 [Worker-5: Download sources and javadoc] INFO  o.a.http.impl.execchain.RetryExec - Retrying request to {s}->https://repo.maven.apache.org:443
2025-07-13 01:27:26,195 [Worker-5: Download sources and javadoc] INFO  o.a.http.impl.execchain.RetryExec - I/O exception (java.net.SocketException) caught when processing request to {s}->https://repo.maven.apache.org:443: java.security.NoSuchAlgorithmException: Error constructing implementation (algorithm: Default, provider: SunJSSE, class: sun.security.ssl.SSLContextImpl$DefaultSSLContext)
2025-07-13 01:27:26,196 [Worker-5: Download sources and javadoc] INFO  o.a.http.impl.execchain.RetryExec - Retrying request to {s}->https://repo.maven.apache.org:443
2025-07-13 01:27:26,235 [Worker-5: Download sources and javadoc] INFO  o.a.http.impl.execchain.RetryExec - I/O exception (java.net.SocketException) caught when processing request to {s}->https://repo.maven.apache.org:443: java.security.NoSuchAlgorithmException: Error constructing implementation (algorithm: Default, provider: SunJSSE, class: sun.security.ssl.SSLContextImpl$DefaultSSLContext)
2025-07-13 01:27:26,236 [Worker-5: Download sources and javadoc] INFO  o.a.http.impl.execchain.RetryExec - Retrying request to {s}->https://repo.maven.apache.org:443
2025-07-13 01:27:26,275 [Worker-5: Download sources and javadoc] INFO  o.e.m.c.i.e.AbstractTransferListenerAdapter - Downloaded https://repo.maven.apache.org/maven2/org/springframework/boot/spring-boot-starter-security/3.4.1/spring-boot-starter-security-3.4.1-sources.jar
2025-07-13 01:27:26,279 [Worker-5: Download sources and javadoc] ERROR o.e.m.j.internal.DownloadSourcesJob - Could not download sources for org.springframework.boot:spring-boot-starter-security:3.4.1
org.eclipse.core.runtime.CoreException: Could not resolve artifact org.springframework.boot:spring-boot-starter-security:jar:sources:3.4.1
	at org.eclipse.m2e.core.internal.embedder.MavenImpl.lambda$7(MavenImpl.java:540)
	at org.eclipse.m2e.core.internal.embedder.MavenExecutionContext.executeBare(MavenExecutionContext.java:458)
	at org.eclipse.m2e.core.internal.embedder.MavenExecutionContext.execute(MavenExecutionContext.java:292)
	at org.eclipse.m2e.core.internal.embedder.MavenExecutionContext.execute(MavenExecutionContext.java:278)
	at org.eclipse.m2e.core.internal.embedder.MavenImpl.resolve(MavenImpl.java:509)
	at org.eclipse.m2e.core.internal.embedder.MavenImpl.resolve(MavenImpl.java:494)
	at org.eclipse.m2e.jdt.internal.DownloadSourcesJob.download(DownloadSourcesJob.java:308)
	at org.eclipse.m2e.jdt.internal.DownloadSourcesJob.downloadAttachments(DownloadSourcesJob.java:282)
	at org.eclipse.m2e.jdt.internal.DownloadSourcesJob.downloadMaven(DownloadSourcesJob.java:252)
	at org.eclipse.m2e.jdt.internal.DownloadSourcesJob.downloadFilesAndPopulateToUpdate(DownloadSourcesJob.java:220)
	at org.eclipse.m2e.jdt.internal.DownloadSourcesJob.lambda$0(DownloadSourcesJob.java:149)
	at org.eclipse.m2e.core.internal.embedder.MavenExecutionContext.executeBare(MavenExecutionContext.java:458)
	at org.eclipse.m2e.core.internal.embedder.MavenExecutionContext.execute(MavenExecutionContext.java:339)
	at org.eclipse.m2e.core.internal.embedder.MavenExecutionContext.execute(MavenExecutionContext.java:278)
	at org.eclipse.m2e.core.embedder.IMaven.execute(IMaven.java:300)
	at org.eclipse.m2e.jdt.internal.DownloadSourcesJob.run(DownloadSourcesJob.java:149)
	at org.eclipse.core.internal.jobs.Worker.run(Worker.java:63)
2025-07-13 01:27:53,537 [Worker-45: Launching Executing clean in C__Users_vespe_OneDrive_Escritorio_ProyectosPersonales_Curso-Coder-Java_proyecto-main_crud_proyecto] INFO  o.eclipse.m2e.core.internal.Bundles - getClasspathEntries(Bundle=org.eclipse.m2e.maven.runtime_3.9.900.20240824-1409 [638])
2025-07-13 01:27:53,538 [Worker-45: Launching Executing clean in C__Users_vespe_OneDrive_Escritorio_ProyectosPersonales_Curso-Coder-Java_proyecto-main_crud_proyecto] INFO  o.eclipse.m2e.core.internal.Bundles - 	Entry: C:\Users\vespe\.p2\pool\plugins\org.eclipse.m2e.maven.runtime_3.9.900.20240824-1409
2025-07-13 01:27:53,539 [Worker-45: Launching Executing clean in C__Users_vespe_OneDrive_Escritorio_ProyectosPersonales_Curso-Coder-Java_proyecto-main_crud_proyecto] INFO  o.eclipse.m2e.core.internal.Bundles - 	Entry: C:\Users\vespe\.p2\pool\plugins\org.eclipse.m2e.maven.runtime_3.9.900.20240824-1409\jars\aopalliance-1.0.jar
2025-07-13 01:27:53,539 [Worker-45: Launching Executing clean in C__Users_vespe_OneDrive_Escritorio_ProyectosPersonales_Curso-Coder-Java_proyecto-main_crud_proyecto] INFO  o.eclipse.m2e.core.internal.Bundles - 	Entry: C:\Users\vespe\.p2\pool\plugins\org.eclipse.m2e.maven.runtime_3.9.900.20240824-1409\jars\guice-5.1.0.jar
2025-07-13 01:27:53,539 [Worker-45: Launching Executing clean in C__Users_vespe_OneDrive_Escritorio_ProyectosPersonales_Curso-Coder-Java_proyecto-main_crud_proyecto] INFO  o.eclipse.m2e.core.internal.Bundles - 	Entry: C:\Users\vespe\.p2\pool\plugins\org.eclipse.m2e.maven.runtime_3.9.900.20240824-1409\jars\httpclient-4.5.14.jar
2025-07-13 01:27:53,539 [Worker-45: Launching Executing clean in C__Users_vespe_OneDrive_Escritorio_ProyectosPersonales_Curso-Coder-Java_proyecto-main_crud_proyecto] INFO  o.eclipse.m2e.core.internal.Bundles - 	Entry: C:\Users\vespe\.p2\pool\plugins\org.eclipse.m2e.maven.runtime_3.9.900.20240824-1409\jars\httpcore-4.4.16.jar
2025-07-13 01:27:53,539 [Worker-45: Launching Executing clean in C__Users_vespe_OneDrive_Escritorio_ProyectosPersonales_Curso-Coder-Java_proyecto-main_crud_proyecto] INFO  o.eclipse.m2e.core.internal.Bundles - 	Entry: C:\Users\vespe\.p2\pool\plugins\org.eclipse.m2e.maven.runtime_3.9.900.20240824-1409\jars\jansi-2.4.1.jar
2025-07-13 01:27:53,539 [Worker-45: Launching Executing clean in C__Users_vespe_OneDrive_Escritorio_ProyectosPersonales_Curso-Coder-Java_proyecto-main_crud_proyecto] INFO  o.eclipse.m2e.core.internal.Bundles - 	Entry: C:\Users\vespe\.p2\pool\plugins\org.eclipse.m2e.maven.runtime_3.9.900.20240824-1409\jars\jcl-over-slf4j-1.7.36.jar
2025-07-13 01:27:53,540 [Worker-45: Launching Executing clean in C__Users_vespe_OneDrive_Escritorio_ProyectosPersonales_Curso-Coder-Java_proyecto-main_crud_proyecto] INFO  o.eclipse.m2e.core.internal.Bundles - 	Entry: C:\Users\vespe\.p2\pool\plugins\org.eclipse.m2e.maven.runtime_3.9.900.20240824-1409\jars\maven-artifact-3.9.9.jar
2025-07-13 01:27:53,540 [Worker-45: Launching Executing clean in C__Users_vespe_OneDrive_Escritorio_ProyectosPersonales_Curso-Coder-Java_proyecto-main_crud_proyecto] INFO  o.eclipse.m2e.core.internal.Bundles - 	Entry: C:\Users\vespe\.p2\pool\plugins\org.eclipse.m2e.maven.runtime_3.9.900.20240824-1409\jars\maven-builder-support-3.9.9.jar
2025-07-13 01:27:53,540 [Worker-45: Launching Executing clean in C__Users_vespe_OneDrive_Escritorio_ProyectosPersonales_Curso-Coder-Java_proyecto-main_crud_proyecto] INFO  o.eclipse.m2e.core.internal.Bundles - 	Entry: C:\Users\vespe\.p2\pool\plugins\org.eclipse.m2e.maven.runtime_3.9.900.20240824-1409\jars\maven-compat-3.9.9.jar
2025-07-13 01:27:53,540 [Worker-45: Launching Executing clean in C__Users_vespe_OneDrive_Escritorio_ProyectosPersonales_Curso-Coder-Java_proyecto-main_crud_proyecto] INFO  o.eclipse.m2e.core.internal.Bundles - 	Entry: C:\Users\vespe\.p2\pool\plugins\org.eclipse.m2e.maven.runtime_3.9.900.20240824-1409\jars\maven-core-3.9.9.jar
2025-07-13 01:27:53,541 [Worker-45: Launching Executing clean in C__Users_vespe_OneDrive_Escritorio_ProyectosPersonales_Curso-Coder-Java_proyecto-main_crud_proyecto] INFO  o.eclipse.m2e.core.internal.Bundles - 	Entry: C:\Users\vespe\.p2\pool\plugins\org.eclipse.m2e.maven.runtime_3.9.900.20240824-1409\jars\maven-embedder-3.9.9.jar
2025-07-13 01:27:53,541 [Worker-45: Launching Executing clean in C__Users_vespe_OneDrive_Escritorio_ProyectosPersonales_Curso-Coder-Java_proyecto-main_crud_proyecto] INFO  o.eclipse.m2e.core.internal.Bundles - 	Entry: C:\Users\vespe\.p2\pool\plugins\org.eclipse.m2e.maven.runtime_3.9.900.20240824-1409\jars\maven-model-3.9.9.jar
2025-07-13 01:27:53,541 [Worker-45: Launching Executing clean in C__Users_vespe_OneDrive_Escritorio_ProyectosPersonales_Curso-Coder-Java_proyecto-main_crud_proyecto] INFO  o.eclipse.m2e.core.internal.Bundles - 	Entry: C:\Users\vespe\.p2\pool\plugins\org.eclipse.m2e.maven.runtime_3.9.900.20240824-1409\jars\maven-model-builder-3.9.9.jar
2025-07-13 01:27:53,541 [Worker-45: Launching Executing clean in C__Users_vespe_OneDrive_Escritorio_ProyectosPersonales_Curso-Coder-Java_proyecto-main_crud_proyecto] INFO  o.eclipse.m2e.core.internal.Bundles - 	Entry: C:\Users\vespe\.p2\pool\plugins\org.eclipse.m2e.maven.runtime_3.9.900.20240824-1409\jars\maven-plugin-api-3.9.9.jar
2025-07-13 01:27:53,541 [Worker-45: Launching Executing clean in C__Users_vespe_OneDrive_Escritorio_ProyectosPersonales_Curso-Coder-Java_proyecto-main_crud_proyecto] INFO  o.eclipse.m2e.core.internal.Bundles - 	Entry: C:\Users\vespe\.p2\pool\plugins\org.eclipse.m2e.maven.runtime_3.9.900.20240824-1409\jars\maven-repository-metadata-3.9.9.jar
2025-07-13 01:27:53,541 [Worker-45: Launching Executing clean in C__Users_vespe_OneDrive_Escritorio_ProyectosPersonales_Curso-Coder-Java_proyecto-main_crud_proyecto] INFO  o.eclipse.m2e.core.internal.Bundles - 	Entry: C:\Users\vespe\.p2\pool\plugins\org.eclipse.m2e.maven.runtime_3.9.900.20240824-1409\jars\maven-resolver-api-1.9.22.jar
2025-07-13 01:27:53,541 [Worker-45: Launching Executing clean in C__Users_vespe_OneDrive_Escritorio_ProyectosPersonales_Curso-Coder-Java_proyecto-main_crud_proyecto] INFO  o.eclipse.m2e.core.internal.Bundles - 	Entry: C:\Users\vespe\.p2\pool\plugins\org.eclipse.m2e.maven.runtime_3.9.900.20240824-1409\jars\maven-resolver-connector-basic-1.9.22.jar
2025-07-13 01:27:53,541 [Worker-45: Launching Executing clean in C__Users_vespe_OneDrive_Escritorio_ProyectosPersonales_Curso-Coder-Java_proyecto-main_crud_proyecto] INFO  o.eclipse.m2e.core.internal.Bundles - 	Entry: C:\Users\vespe\.p2\pool\plugins\org.eclipse.m2e.maven.runtime_3.9.900.20240824-1409\jars\maven-resolver-impl-1.9.22.jar
2025-07-13 01:27:53,541 [Worker-45: Launching Executing clean in C__Users_vespe_OneDrive_Escritorio_ProyectosPersonales_Curso-Coder-Java_proyecto-main_crud_proyecto] INFO  o.eclipse.m2e.core.internal.Bundles - 	Entry: C:\Users\vespe\.p2\pool\plugins\org.eclipse.m2e.maven.runtime_3.9.900.20240824-1409\jars\maven-resolver-named-locks-1.9.22.jar
2025-07-13 01:27:53,542 [Worker-45: Launching Executing clean in C__Users_vespe_OneDrive_Escritorio_ProyectosPersonales_Curso-Coder-Java_proyecto-main_crud_proyecto] INFO  o.eclipse.m2e.core.internal.Bundles - 	Entry: C:\Users\vespe\.p2\pool\plugins\org.eclipse.m2e.maven.runtime_3.9.900.20240824-1409\jars\maven-resolver-provider-3.9.9.jar
2025-07-13 01:27:53,542 [Worker-45: Launching Executing clean in C__Users_vespe_OneDrive_Escritorio_ProyectosPersonales_Curso-Coder-Java_proyecto-main_crud_proyecto] INFO  o.eclipse.m2e.core.internal.Bundles - 	Entry: C:\Users\vespe\.p2\pool\plugins\org.eclipse.m2e.maven.runtime_3.9.900.20240824-1409\jars\maven-resolver-spi-1.9.22.jar
2025-07-13 01:27:53,542 [Worker-45: Launching Executing clean in C__Users_vespe_OneDrive_Escritorio_ProyectosPersonales_Curso-Coder-Java_proyecto-main_crud_proyecto] INFO  o.eclipse.m2e.core.internal.Bundles - 	Entry: C:\Users\vespe\.p2\pool\plugins\org.eclipse.m2e.maven.runtime_3.9.900.20240824-1409\jars\maven-resolver-transport-file-1.9.22.jar
2025-07-13 01:27:53,542 [Worker-45: Launching Executing clean in C__Users_vespe_OneDrive_Escritorio_ProyectosPersonales_Curso-Coder-Java_proyecto-main_crud_proyecto] INFO  o.eclipse.m2e.core.internal.Bundles - 	Entry: C:\Users\vespe\.p2\pool\plugins\org.eclipse.m2e.maven.runtime_3.9.900.20240824-1409\jars\maven-resolver-transport-http-1.9.22.jar
2025-07-13 01:27:53,542 [Worker-45: Launching Executing clean in C__Users_vespe_OneDrive_Escritorio_ProyectosPersonales_Curso-Coder-Java_proyecto-main_crud_proyecto] INFO  o.eclipse.m2e.core.internal.Bundles - 	Entry: C:\Users\vespe\.p2\pool\plugins\org.eclipse.m2e.maven.runtime_3.9.900.20240824-1409\jars\maven-resolver-transport-wagon-1.9.22.jar
2025-07-13 01:27:53,542 [Worker-45: Launching Executing clean in C__Users_vespe_OneDrive_Escritorio_ProyectosPersonales_Curso-Coder-Java_proyecto-main_crud_proyecto] INFO  o.eclipse.m2e.core.internal.Bundles - 	Entry: C:\Users\vespe\.p2\pool\plugins\org.eclipse.m2e.maven.runtime_3.9.900.20240824-1409\jars\maven-resolver-util-1.9.22.jar
2025-07-13 01:27:53,542 [Worker-45: Launching Executing clean in C__Users_vespe_OneDrive_Escritorio_ProyectosPersonales_Curso-Coder-Java_proyecto-main_crud_proyecto] INFO  o.eclipse.m2e.core.internal.Bundles - 	Entry: C:\Users\vespe\.p2\pool\plugins\org.eclipse.m2e.maven.runtime_3.9.900.20240824-1409\jars\maven-settings-3.9.9.jar
2025-07-13 01:27:53,542 [Worker-45: Launching Executing clean in C__Users_vespe_OneDrive_Escritorio_ProyectosPersonales_Curso-Coder-Java_proyecto-main_crud_proyecto] INFO  o.eclipse.m2e.core.internal.Bundles - 	Entry: C:\Users\vespe\.p2\pool\plugins\org.eclipse.m2e.maven.runtime_3.9.900.20240824-1409\jars\maven-settings-builder-3.9.9.jar
2025-07-13 01:27:53,542 [Worker-45: Launching Executing clean in C__Users_vespe_OneDrive_Escritorio_ProyectosPersonales_Curso-Coder-Java_proyecto-main_crud_proyecto] INFO  o.eclipse.m2e.core.internal.Bundles - 	Entry: C:\Users\vespe\.p2\pool\plugins\org.eclipse.m2e.maven.runtime_3.9.900.20240824-1409\jars\maven-shared-utils-3.4.2.jar
2025-07-13 01:27:53,543 [Worker-45: Launching Executing clean in C__Users_vespe_OneDrive_Escritorio_ProyectosPersonales_Curso-Coder-Java_proyecto-main_crud_proyecto] INFO  o.eclipse.m2e.core.internal.Bundles - 	Entry: C:\Users\vespe\.p2\pool\plugins\org.eclipse.m2e.maven.runtime_3.9.900.20240824-1409\jars\org.eclipse.sisu.inject-0.9.0.M3.jar
2025-07-13 01:27:53,543 [Worker-45: Launching Executing clean in C__Users_vespe_OneDrive_Escritorio_ProyectosPersonales_Curso-Coder-Java_proyecto-main_crud_proyecto] INFO  o.eclipse.m2e.core.internal.Bundles - 	Entry: C:\Users\vespe\.p2\pool\plugins\org.eclipse.m2e.maven.runtime_3.9.900.20240824-1409\jars\org.eclipse.sisu.plexus-0.9.0.M3.jar
2025-07-13 01:27:53,543 [Worker-45: Launching Executing clean in C__Users_vespe_OneDrive_Escritorio_ProyectosPersonales_Curso-Coder-Java_proyecto-main_crud_proyecto] INFO  o.eclipse.m2e.core.internal.Bundles - 	Entry: C:\Users\vespe\.p2\pool\plugins\org.eclipse.m2e.maven.runtime_3.9.900.20240824-1409\jars\plexus-build-api-0.0.7.jar
2025-07-13 01:27:53,543 [Worker-45: Launching Executing clean in C__Users_vespe_OneDrive_Escritorio_ProyectosPersonales_Curso-Coder-Java_proyecto-main_crud_proyecto] INFO  o.eclipse.m2e.core.internal.Bundles - 	Entry: C:\Users\vespe\.p2\pool\plugins\org.eclipse.m2e.maven.runtime_3.9.900.20240824-1409\jars\plexus-build-api-1.2.0.jar
2025-07-13 01:27:53,543 [Worker-45: Launching Executing clean in C__Users_vespe_OneDrive_Escritorio_ProyectosPersonales_Curso-Coder-Java_proyecto-main_crud_proyecto] INFO  o.eclipse.m2e.core.internal.Bundles - 	Entry: C:\Users\vespe\.p2\pool\plugins\org.eclipse.m2e.maven.runtime_3.9.900.20240824-1409\jars\plexus-cipher-2.0.jar
2025-07-13 01:27:53,544 [Worker-45: Launching Executing clean in C__Users_vespe_OneDrive_Escritorio_ProyectosPersonales_Curso-Coder-Java_proyecto-main_crud_proyecto] INFO  o.eclipse.m2e.core.internal.Bundles - 	Entry: C:\Users\vespe\.p2\pool\plugins\org.eclipse.m2e.maven.runtime_3.9.900.20240824-1409\jars\plexus-classworlds-2.8.0.jar
2025-07-13 01:27:53,544 [Worker-45: Launching Executing clean in C__Users_vespe_OneDrive_Escritorio_ProyectosPersonales_Curso-Coder-Java_proyecto-main_crud_proyecto] INFO  o.eclipse.m2e.core.internal.Bundles - 	Entry: C:\Users\vespe\.p2\pool\plugins\org.eclipse.m2e.maven.runtime_3.9.900.20240824-1409\jars\plexus-component-annotations-2.1.0.jar
2025-07-13 01:27:53,544 [Worker-45: Launching Executing clean in C__Users_vespe_OneDrive_Escritorio_ProyectosPersonales_Curso-Coder-Java_proyecto-main_crud_proyecto] INFO  o.eclipse.m2e.core.internal.Bundles - 	Entry: C:\Users\vespe\.p2\pool\plugins\org.eclipse.m2e.maven.runtime_3.9.900.20240824-1409\jars\plexus-interpolation-1.27.jar
2025-07-13 01:27:53,544 [Worker-45: Launching Executing clean in C__Users_vespe_OneDrive_Escritorio_ProyectosPersonales_Curso-Coder-Java_proyecto-main_crud_proyecto] INFO  o.eclipse.m2e.core.internal.Bundles - 	Entry: C:\Users\vespe\.p2\pool\plugins\org.eclipse.m2e.maven.runtime_3.9.900.20240824-1409\jars\plexus-sec-dispatcher-2.0.jar
2025-07-13 01:27:53,544 [Worker-45: Launching Executing clean in C__Users_vespe_OneDrive_Escritorio_ProyectosPersonales_Curso-Coder-Java_proyecto-main_crud_proyecto] INFO  o.eclipse.m2e.core.internal.Bundles - 	Entry: C:\Users\vespe\.p2\pool\plugins\org.eclipse.m2e.maven.runtime_3.9.900.20240824-1409\jars\plexus-utils-3.5.1.jar
2025-07-13 01:27:53,544 [Worker-45: Launching Executing clean in C__Users_vespe_OneDrive_Escritorio_ProyectosPersonales_Curso-Coder-Java_proyecto-main_crud_proyecto] INFO  o.eclipse.m2e.core.internal.Bundles - 	Entry: C:\Users\vespe\.p2\pool\plugins\org.eclipse.m2e.maven.runtime_3.9.900.20240824-1409\jars\plexus-xml-3.0.1.jar
2025-07-13 01:27:53,544 [Worker-45: Launching Executing clean in C__Users_vespe_OneDrive_Escritorio_ProyectosPersonales_Curso-Coder-Java_proyecto-main_crud_proyecto] INFO  o.eclipse.m2e.core.internal.Bundles - 	Entry: C:\Users\vespe\.p2\pool\plugins\org.eclipse.m2e.maven.runtime_3.9.900.20240824-1409\jars\wagon-file-3.5.3.jar
2025-07-13 01:27:53,545 [Worker-45: Launching Executing clean in C__Users_vespe_OneDrive_Escritorio_ProyectosPersonales_Curso-Coder-Java_proyecto-main_crud_proyecto] INFO  o.eclipse.m2e.core.internal.Bundles - 	Entry: C:\Users\vespe\.p2\pool\plugins\org.eclipse.m2e.maven.runtime_3.9.900.20240824-1409\jars\wagon-http-3.5.3.jar
2025-07-13 01:27:53,545 [Worker-45: Launching Executing clean in C__Users_vespe_OneDrive_Escritorio_ProyectosPersonales_Curso-Coder-Java_proyecto-main_crud_proyecto] INFO  o.eclipse.m2e.core.internal.Bundles - 	Entry: C:\Users\vespe\.p2\pool\plugins\org.eclipse.m2e.maven.runtime_3.9.900.20240824-1409\jars\wagon-http-shared-3.5.3.jar
2025-07-13 01:27:53,545 [Worker-45: Launching Executing clean in C__Users_vespe_OneDrive_Escritorio_ProyectosPersonales_Curso-Coder-Java_proyecto-main_crud_proyecto] INFO  o.eclipse.m2e.core.internal.Bundles - 	Entry: C:\Users\vespe\.p2\pool\plugins\org.eclipse.m2e.maven.runtime_3.9.900.20240824-1409\jars\wagon-provider-api-3.5.3.jar
2025-07-13 01:27:53,546 [Worker-45: Launching Executing clean in C__Users_vespe_OneDrive_Escritorio_ProyectosPersonales_Curso-Coder-Java_proyecto-main_crud_proyecto] INFO  o.eclipse.m2e.core.internal.Bundles - getClasspathEntries(Bundle=com.google.guava_33.3.1.jre [16])
2025-07-13 01:27:53,547 [Worker-45: Launching Executing clean in C__Users_vespe_OneDrive_Escritorio_ProyectosPersonales_Curso-Coder-Java_proyecto-main_crud_proyecto] INFO  o.eclipse.m2e.core.internal.Bundles - 	Entry: C:\Users\vespe\.p2\pool\plugins\com.google.guava_33.3.1.jre.jar
2025-07-13 01:27:53,547 [Worker-45: Launching Executing clean in C__Users_vespe_OneDrive_Escritorio_ProyectosPersonales_Curso-Coder-Java_proyecto-main_crud_proyecto] INFO  o.eclipse.m2e.core.internal.Bundles - getClasspathEntries(Bundle=slf4j.api_2.0.16 [1005])
2025-07-13 01:27:53,547 [Worker-45: Launching Executing clean in C__Users_vespe_OneDrive_Escritorio_ProyectosPersonales_Curso-Coder-Java_proyecto-main_crud_proyecto] INFO  o.eclipse.m2e.core.internal.Bundles - 	Entry: C:\Users\vespe\.p2\pool\plugins\slf4j.api_2.0.16.jar
2025-07-13 01:27:53,547 [Worker-45: Launching Executing clean in C__Users_vespe_OneDrive_Escritorio_ProyectosPersonales_Curso-Coder-Java_proyecto-main_crud_proyecto] INFO  o.eclipse.m2e.core.internal.Bundles - getClasspathEntries(Bundle=jakarta.inject.jakarta.inject-api_1.0.5 [34])
2025-07-13 01:27:53,547 [Worker-45: Launching Executing clean in C__Users_vespe_OneDrive_Escritorio_ProyectosPersonales_Curso-Coder-Java_proyecto-main_crud_proyecto] INFO  o.eclipse.m2e.core.internal.Bundles - 	Entry: C:\Users\vespe\.p2\pool\plugins\jakarta.inject.jakarta.inject-api_1.0.5.jar
2025-07-13 01:27:53,547 [Worker-45: Launching Executing clean in C__Users_vespe_OneDrive_Escritorio_ProyectosPersonales_Curso-Coder-Java_proyecto-main_crud_proyecto] INFO  o.eclipse.m2e.core.internal.Bundles - getClasspathEntries(Bundle=jakarta.annotation-api_1.3.5 [29])
2025-07-13 01:27:53,548 [Worker-45: Launching Executing clean in C__Users_vespe_OneDrive_Escritorio_ProyectosPersonales_Curso-Coder-Java_proyecto-main_crud_proyecto] INFO  o.eclipse.m2e.core.internal.Bundles - 	Entry: C:\Users\vespe\.p2\pool\plugins\jakarta.annotation-api_1.3.5.jar
2025-07-13 01:27:53,548 [Worker-45: Launching Executing clean in C__Users_vespe_OneDrive_Escritorio_ProyectosPersonales_Curso-Coder-Java_proyecto-main_crud_proyecto] INFO  o.eclipse.m2e.core.internal.Bundles - getClasspathEntries(Bundle=org.apache.commons.cli_1.9.0 [75])
2025-07-13 01:27:53,548 [Worker-45: Launching Executing clean in C__Users_vespe_OneDrive_Escritorio_ProyectosPersonales_Curso-Coder-Java_proyecto-main_crud_proyecto] INFO  o.eclipse.m2e.core.internal.Bundles - 	Entry: C:\Users\vespe\.p2\pool\plugins\org.apache.commons.cli_1.9.0.jar
2025-07-13 01:27:53,548 [Worker-45: Launching Executing clean in C__Users_vespe_OneDrive_Escritorio_ProyectosPersonales_Curso-Coder-Java_proyecto-main_crud_proyecto] INFO  o.eclipse.m2e.core.internal.Bundles - getClasspathEntries(Bundle=org.apache.commons.commons-codec_1.16.0 [78])
2025-07-13 01:27:53,548 [Worker-45: Launching Executing clean in C__Users_vespe_OneDrive_Escritorio_ProyectosPersonales_Curso-Coder-Java_proyecto-main_crud_proyecto] INFO  o.eclipse.m2e.core.internal.Bundles - 	Entry: C:\Users\vespe\.p2\pool\plugins\org.apache.commons.commons-codec_1.16.0.jar
2025-07-13 01:27:53,548 [Worker-45: Launching Executing clean in C__Users_vespe_OneDrive_Escritorio_ProyectosPersonales_Curso-Coder-Java_proyecto-main_crud_proyecto] INFO  o.eclipse.m2e.core.internal.Bundles - getClasspathEntries(Bundle=com.google.guava.failureaccess_1.0.2 [17])
2025-07-13 01:27:53,549 [Worker-45: Launching Executing clean in C__Users_vespe_OneDrive_Escritorio_ProyectosPersonales_Curso-Coder-Java_proyecto-main_crud_proyecto] INFO  o.eclipse.m2e.core.internal.Bundles - 	Entry: C:\Users\vespe\.p2\pool\plugins\com.google.guava.failureaccess_1.0.2.jar
2025-07-13 01:27:53,553 [Worker-45: Launching Executing clean in C__Users_vespe_OneDrive_Escritorio_ProyectosPersonales_Curso-Coder-Java_proyecto-main_crud_proyecto] INFO  o.e.m.i.launch.MavenLaunchDelegate - Run build in "C:\Users\vespe\OneDrive\Escritorio\ProyectosPersonales\Curso-Coder-Java\proyecto-main\crud_proyecto":
2025-07-13 01:27:53,555 [Worker-45: Launching Executing clean in C__Users_vespe_OneDrive_Escritorio_ProyectosPersonales_Curso-Coder-Java_proyecto-main_crud_proyecto] INFO  o.e.m.i.launch.MavenLaunchDelegate -  mvn  -B -Dstyle.color=always clean
2025-07-13 01:27:55,749 [Worker-55: Building] INFO  o.a.m.s.f.DefaultMavenResourcesFiltering - Copying 1 resource from src\main\resources to target\classes
2025-07-13 01:27:55,763 [Worker-55: Building] INFO  o.a.m.s.f.DefaultMavenResourcesFiltering - Copying 5 resources from src\main\resources to target\classes
2025-07-13 01:27:55,775 [Worker-55: Building] INFO  o.a.m.s.f.DefaultMavenResourcesFiltering - skip non existing resourceDirectory C:\Users\vespe\OneDrive\Escritorio\ProyectosPersonales\Curso-Coder-Java\proyecto-main\crud_proyecto\src\test\resources
2025-07-13 01:28:03,205 [Worker-5: Launching Executing install in C__Users_vespe_OneDrive_Escritorio_ProyectosPersonales_Curso-Coder-Java_proyecto-main_crud_proyecto] INFO  o.eclipse.m2e.core.internal.Bundles - getClasspathEntries(Bundle=org.eclipse.m2e.maven.runtime_3.9.900.20240824-1409 [638])
2025-07-13 01:28:03,206 [Worker-5: Launching Executing install in C__Users_vespe_OneDrive_Escritorio_ProyectosPersonales_Curso-Coder-Java_proyecto-main_crud_proyecto] INFO  o.eclipse.m2e.core.internal.Bundles - 	Entry: C:\Users\vespe\.p2\pool\plugins\org.eclipse.m2e.maven.runtime_3.9.900.20240824-1409
2025-07-13 01:28:03,206 [Worker-5: Launching Executing install in C__Users_vespe_OneDrive_Escritorio_ProyectosPersonales_Curso-Coder-Java_proyecto-main_crud_proyecto] INFO  o.eclipse.m2e.core.internal.Bundles - 	Entry: C:\Users\vespe\.p2\pool\plugins\org.eclipse.m2e.maven.runtime_3.9.900.20240824-1409\jars\aopalliance-1.0.jar
2025-07-13 01:28:03,206 [Worker-5: Launching Executing install in C__Users_vespe_OneDrive_Escritorio_ProyectosPersonales_Curso-Coder-Java_proyecto-main_crud_proyecto] INFO  o.eclipse.m2e.core.internal.Bundles - 	Entry: C:\Users\vespe\.p2\pool\plugins\org.eclipse.m2e.maven.runtime_3.9.900.20240824-1409\jars\guice-5.1.0.jar
2025-07-13 01:28:03,206 [Worker-5: Launching Executing install in C__Users_vespe_OneDrive_Escritorio_ProyectosPersonales_Curso-Coder-Java_proyecto-main_crud_proyecto] INFO  o.eclipse.m2e.core.internal.Bundles - 	Entry: C:\Users\vespe\.p2\pool\plugins\org.eclipse.m2e.maven.runtime_3.9.900.20240824-1409\jars\httpclient-4.5.14.jar
2025-07-13 01:28:03,206 [Worker-5: Launching Executing install in C__Users_vespe_OneDrive_Escritorio_ProyectosPersonales_Curso-Coder-Java_proyecto-main_crud_proyecto] INFO  o.eclipse.m2e.core.internal.Bundles - 	Entry: C:\Users\vespe\.p2\pool\plugins\org.eclipse.m2e.maven.runtime_3.9.900.20240824-1409\jars\httpcore-4.4.16.jar
2025-07-13 01:28:03,206 [Worker-5: Launching Executing install in C__Users_vespe_OneDrive_Escritorio_ProyectosPersonales_Curso-Coder-Java_proyecto-main_crud_proyecto] INFO  o.eclipse.m2e.core.internal.Bundles - 	Entry: C:\Users\vespe\.p2\pool\plugins\org.eclipse.m2e.maven.runtime_3.9.900.20240824-1409\jars\jansi-2.4.1.jar
2025-07-13 01:28:03,206 [Worker-5: Launching Executing install in C__Users_vespe_OneDrive_Escritorio_ProyectosPersonales_Curso-Coder-Java_proyecto-main_crud_proyecto] INFO  o.eclipse.m2e.core.internal.Bundles - 	Entry: C:\Users\vespe\.p2\pool\plugins\org.eclipse.m2e.maven.runtime_3.9.900.20240824-1409\jars\jcl-over-slf4j-1.7.36.jar
2025-07-13 01:28:03,208 [Worker-5: Launching Executing install in C__Users_vespe_OneDrive_Escritorio_ProyectosPersonales_Curso-Coder-Java_proyecto-main_crud_proyecto] INFO  o.eclipse.m2e.core.internal.Bundles - 	Entry: C:\Users\vespe\.p2\pool\plugins\org.eclipse.m2e.maven.runtime_3.9.900.20240824-1409\jars\maven-artifact-3.9.9.jar
2025-07-13 01:28:03,208 [Worker-5: Launching Executing install in C__Users_vespe_OneDrive_Escritorio_ProyectosPersonales_Curso-Coder-Java_proyecto-main_crud_proyecto] INFO  o.eclipse.m2e.core.internal.Bundles - 	Entry: C:\Users\vespe\.p2\pool\plugins\org.eclipse.m2e.maven.runtime_3.9.900.20240824-1409\jars\maven-builder-support-3.9.9.jar
2025-07-13 01:28:03,208 [Worker-5: Launching Executing install in C__Users_vespe_OneDrive_Escritorio_ProyectosPersonales_Curso-Coder-Java_proyecto-main_crud_proyecto] INFO  o.eclipse.m2e.core.internal.Bundles - 	Entry: C:\Users\vespe\.p2\pool\plugins\org.eclipse.m2e.maven.runtime_3.9.900.20240824-1409\jars\maven-compat-3.9.9.jar
2025-07-13 01:28:03,208 [Worker-5: Launching Executing install in C__Users_vespe_OneDrive_Escritorio_ProyectosPersonales_Curso-Coder-Java_proyecto-main_crud_proyecto] INFO  o.eclipse.m2e.core.internal.Bundles - 	Entry: C:\Users\vespe\.p2\pool\plugins\org.eclipse.m2e.maven.runtime_3.9.900.20240824-1409\jars\maven-core-3.9.9.jar
2025-07-13 01:28:03,208 [Worker-5: Launching Executing install in C__Users_vespe_OneDrive_Escritorio_ProyectosPersonales_Curso-Coder-Java_proyecto-main_crud_proyecto] INFO  o.eclipse.m2e.core.internal.Bundles - 	Entry: C:\Users\vespe\.p2\pool\plugins\org.eclipse.m2e.maven.runtime_3.9.900.20240824-1409\jars\maven-embedder-3.9.9.jar
2025-07-13 01:28:03,208 [Worker-5: Launching Executing install in C__Users_vespe_OneDrive_Escritorio_ProyectosPersonales_Curso-Coder-Java_proyecto-main_crud_proyecto] INFO  o.eclipse.m2e.core.internal.Bundles - 	Entry: C:\Users\vespe\.p2\pool\plugins\org.eclipse.m2e.maven.runtime_3.9.900.20240824-1409\jars\maven-model-3.9.9.jar
2025-07-13 01:28:03,208 [Worker-5: Launching Executing install in C__Users_vespe_OneDrive_Escritorio_ProyectosPersonales_Curso-Coder-Java_proyecto-main_crud_proyecto] INFO  o.eclipse.m2e.core.internal.Bundles - 	Entry: C:\Users\vespe\.p2\pool\plugins\org.eclipse.m2e.maven.runtime_3.9.900.20240824-1409\jars\maven-model-builder-3.9.9.jar
2025-07-13 01:28:03,208 [Worker-5: Launching Executing install in C__Users_vespe_OneDrive_Escritorio_ProyectosPersonales_Curso-Coder-Java_proyecto-main_crud_proyecto] INFO  o.eclipse.m2e.core.internal.Bundles - 	Entry: C:\Users\vespe\.p2\pool\plugins\org.eclipse.m2e.maven.runtime_3.9.900.20240824-1409\jars\maven-plugin-api-3.9.9.jar
2025-07-13 01:28:03,208 [Worker-5: Launching Executing install in C__Users_vespe_OneDrive_Escritorio_ProyectosPersonales_Curso-Coder-Java_proyecto-main_crud_proyecto] INFO  o.eclipse.m2e.core.internal.Bundles - 	Entry: C:\Users\vespe\.p2\pool\plugins\org.eclipse.m2e.maven.runtime_3.9.900.20240824-1409\jars\maven-repository-metadata-3.9.9.jar
2025-07-13 01:28:03,208 [Worker-5: Launching Executing install in C__Users_vespe_OneDrive_Escritorio_ProyectosPersonales_Curso-Coder-Java_proyecto-main_crud_proyecto] INFO  o.eclipse.m2e.core.internal.Bundles - 	Entry: C:\Users\vespe\.p2\pool\plugins\org.eclipse.m2e.maven.runtime_3.9.900.20240824-1409\jars\maven-resolver-api-1.9.22.jar
2025-07-13 01:28:03,208 [Worker-5: Launching Executing install in C__Users_vespe_OneDrive_Escritorio_ProyectosPersonales_Curso-Coder-Java_proyecto-main_crud_proyecto] INFO  o.eclipse.m2e.core.internal.Bundles - 	Entry: C:\Users\vespe\.p2\pool\plugins\org.eclipse.m2e.maven.runtime_3.9.900.20240824-1409\jars\maven-resolver-connector-basic-1.9.22.jar
2025-07-13 01:28:03,208 [Worker-5: Launching Executing install in C__Users_vespe_OneDrive_Escritorio_ProyectosPersonales_Curso-Coder-Java_proyecto-main_crud_proyecto] INFO  o.eclipse.m2e.core.internal.Bundles - 	Entry: C:\Users\vespe\.p2\pool\plugins\org.eclipse.m2e.maven.runtime_3.9.900.20240824-1409\jars\maven-resolver-impl-1.9.22.jar
2025-07-13 01:28:03,208 [Worker-5: Launching Executing install in C__Users_vespe_OneDrive_Escritorio_ProyectosPersonales_Curso-Coder-Java_proyecto-main_crud_proyecto] INFO  o.eclipse.m2e.core.internal.Bundles - 	Entry: C:\Users\vespe\.p2\pool\plugins\org.eclipse.m2e.maven.runtime_3.9.900.20240824-1409\jars\maven-resolver-named-locks-1.9.22.jar
2025-07-13 01:28:03,208 [Worker-5: Launching Executing install in C__Users_vespe_OneDrive_Escritorio_ProyectosPersonales_Curso-Coder-Java_proyecto-main_crud_proyecto] INFO  o.eclipse.m2e.core.internal.Bundles - 	Entry: C:\Users\vespe\.p2\pool\plugins\org.eclipse.m2e.maven.runtime_3.9.900.20240824-1409\jars\maven-resolver-provider-3.9.9.jar
2025-07-13 01:28:03,208 [Worker-5: Launching Executing install in C__Users_vespe_OneDrive_Escritorio_ProyectosPersonales_Curso-Coder-Java_proyecto-main_crud_proyecto] INFO  o.eclipse.m2e.core.internal.Bundles - 	Entry: C:\Users\vespe\.p2\pool\plugins\org.eclipse.m2e.maven.runtime_3.9.900.20240824-1409\jars\maven-resolver-spi-1.9.22.jar
2025-07-13 01:28:03,208 [Worker-5: Launching Executing install in C__Users_vespe_OneDrive_Escritorio_ProyectosPersonales_Curso-Coder-Java_proyecto-main_crud_proyecto] INFO  o.eclipse.m2e.core.internal.Bundles - 	Entry: C:\Users\vespe\.p2\pool\plugins\org.eclipse.m2e.maven.runtime_3.9.900.20240824-1409\jars\maven-resolver-transport-file-1.9.22.jar
2025-07-13 01:28:03,209 [Worker-5: Launching Executing install in C__Users_vespe_OneDrive_Escritorio_ProyectosPersonales_Curso-Coder-Java_proyecto-main_crud_proyecto] INFO  o.eclipse.m2e.core.internal.Bundles - 	Entry: C:\Users\vespe\.p2\pool\plugins\org.eclipse.m2e.maven.runtime_3.9.900.20240824-1409\jars\maven-resolver-transport-http-1.9.22.jar
2025-07-13 01:28:03,209 [Worker-5: Launching Executing install in C__Users_vespe_OneDrive_Escritorio_ProyectosPersonales_Curso-Coder-Java_proyecto-main_crud_proyecto] INFO  o.eclipse.m2e.core.internal.Bundles - 	Entry: C:\Users\vespe\.p2\pool\plugins\org.eclipse.m2e.maven.runtime_3.9.900.20240824-1409\jars\maven-resolver-transport-wagon-1.9.22.jar
2025-07-13 01:28:03,209 [Worker-5: Launching Executing install in C__Users_vespe_OneDrive_Escritorio_ProyectosPersonales_Curso-Coder-Java_proyecto-main_crud_proyecto] INFO  o.eclipse.m2e.core.internal.Bundles - 	Entry: C:\Users\vespe\.p2\pool\plugins\org.eclipse.m2e.maven.runtime_3.9.900.20240824-1409\jars\maven-resolver-util-1.9.22.jar
2025-07-13 01:28:03,209 [Worker-5: Launching Executing install in C__Users_vespe_OneDrive_Escritorio_ProyectosPersonales_Curso-Coder-Java_proyecto-main_crud_proyecto] INFO  o.eclipse.m2e.core.internal.Bundles - 	Entry: C:\Users\vespe\.p2\pool\plugins\org.eclipse.m2e.maven.runtime_3.9.900.20240824-1409\jars\maven-settings-3.9.9.jar
2025-07-13 01:28:03,209 [Worker-5: Launching Executing install in C__Users_vespe_OneDrive_Escritorio_ProyectosPersonales_Curso-Coder-Java_proyecto-main_crud_proyecto] INFO  o.eclipse.m2e.core.internal.Bundles - 	Entry: C:\Users\vespe\.p2\pool\plugins\org.eclipse.m2e.maven.runtime_3.9.900.20240824-1409\jars\maven-settings-builder-3.9.9.jar
2025-07-13 01:28:03,209 [Worker-5: Launching Executing install in C__Users_vespe_OneDrive_Escritorio_ProyectosPersonales_Curso-Coder-Java_proyecto-main_crud_proyecto] INFO  o.eclipse.m2e.core.internal.Bundles - 	Entry: C:\Users\vespe\.p2\pool\plugins\org.eclipse.m2e.maven.runtime_3.9.900.20240824-1409\jars\maven-shared-utils-3.4.2.jar
2025-07-13 01:28:03,209 [Worker-5: Launching Executing install in C__Users_vespe_OneDrive_Escritorio_ProyectosPersonales_Curso-Coder-Java_proyecto-main_crud_proyecto] INFO  o.eclipse.m2e.core.internal.Bundles - 	Entry: C:\Users\vespe\.p2\pool\plugins\org.eclipse.m2e.maven.runtime_3.9.900.20240824-1409\jars\org.eclipse.sisu.inject-0.9.0.M3.jar
2025-07-13 01:28:03,209 [Worker-5: Launching Executing install in C__Users_vespe_OneDrive_Escritorio_ProyectosPersonales_Curso-Coder-Java_proyecto-main_crud_proyecto] INFO  o.eclipse.m2e.core.internal.Bundles - 	Entry: C:\Users\vespe\.p2\pool\plugins\org.eclipse.m2e.maven.runtime_3.9.900.20240824-1409\jars\org.eclipse.sisu.plexus-0.9.0.M3.jar
2025-07-13 01:28:03,210 [Worker-5: Launching Executing install in C__Users_vespe_OneDrive_Escritorio_ProyectosPersonales_Curso-Coder-Java_proyecto-main_crud_proyecto] INFO  o.eclipse.m2e.core.internal.Bundles - 	Entry: C:\Users\vespe\.p2\pool\plugins\org.eclipse.m2e.maven.runtime_3.9.900.20240824-1409\jars\plexus-build-api-0.0.7.jar
2025-07-13 01:28:03,210 [Worker-5: Launching Executing install in C__Users_vespe_OneDrive_Escritorio_ProyectosPersonales_Curso-Coder-Java_proyecto-main_crud_proyecto] INFO  o.eclipse.m2e.core.internal.Bundles - 	Entry: C:\Users\vespe\.p2\pool\plugins\org.eclipse.m2e.maven.runtime_3.9.900.20240824-1409\jars\plexus-build-api-1.2.0.jar
2025-07-13 01:28:03,210 [Worker-5: Launching Executing install in C__Users_vespe_OneDrive_Escritorio_ProyectosPersonales_Curso-Coder-Java_proyecto-main_crud_proyecto] INFO  o.eclipse.m2e.core.internal.Bundles - 	Entry: C:\Users\vespe\.p2\pool\plugins\org.eclipse.m2e.maven.runtime_3.9.900.20240824-1409\jars\plexus-cipher-2.0.jar
2025-07-13 01:28:03,210 [Worker-5: Launching Executing install in C__Users_vespe_OneDrive_Escritorio_ProyectosPersonales_Curso-Coder-Java_proyecto-main_crud_proyecto] INFO  o.eclipse.m2e.core.internal.Bundles - 	Entry: C:\Users\vespe\.p2\pool\plugins\org.eclipse.m2e.maven.runtime_3.9.900.20240824-1409\jars\plexus-classworlds-2.8.0.jar
2025-07-13 01:28:03,210 [Worker-5: Launching Executing install in C__Users_vespe_OneDrive_Escritorio_ProyectosPersonales_Curso-Coder-Java_proyecto-main_crud_proyecto] INFO  o.eclipse.m2e.core.internal.Bundles - 	Entry: C:\Users\vespe\.p2\pool\plugins\org.eclipse.m2e.maven.runtime_3.9.900.20240824-1409\jars\plexus-component-annotations-2.1.0.jar
2025-07-13 01:28:03,210 [Worker-5: Launching Executing install in C__Users_vespe_OneDrive_Escritorio_ProyectosPersonales_Curso-Coder-Java_proyecto-main_crud_proyecto] INFO  o.eclipse.m2e.core.internal.Bundles - 	Entry: C:\Users\vespe\.p2\pool\plugins\org.eclipse.m2e.maven.runtime_3.9.900.20240824-1409\jars\plexus-interpolation-1.27.jar
2025-07-13 01:28:03,210 [Worker-5: Launching Executing install in C__Users_vespe_OneDrive_Escritorio_ProyectosPersonales_Curso-Coder-Java_proyecto-main_crud_proyecto] INFO  o.eclipse.m2e.core.internal.Bundles - 	Entry: C:\Users\vespe\.p2\pool\plugins\org.eclipse.m2e.maven.runtime_3.9.900.20240824-1409\jars\plexus-sec-dispatcher-2.0.jar
2025-07-13 01:28:03,210 [Worker-5: Launching Executing install in C__Users_vespe_OneDrive_Escritorio_ProyectosPersonales_Curso-Coder-Java_proyecto-main_crud_proyecto] INFO  o.eclipse.m2e.core.internal.Bundles - 	Entry: C:\Users\vespe\.p2\pool\plugins\org.eclipse.m2e.maven.runtime_3.9.900.20240824-1409\jars\plexus-utils-3.5.1.jar
2025-07-13 01:28:03,210 [Worker-5: Launching Executing install in C__Users_vespe_OneDrive_Escritorio_ProyectosPersonales_Curso-Coder-Java_proyecto-main_crud_proyecto] INFO  o.eclipse.m2e.core.internal.Bundles - 	Entry: C:\Users\vespe\.p2\pool\plugins\org.eclipse.m2e.maven.runtime_3.9.900.20240824-1409\jars\plexus-xml-3.0.1.jar
2025-07-13 01:28:03,212 [Worker-5: Launching Executing install in C__Users_vespe_OneDrive_Escritorio_ProyectosPersonales_Curso-Coder-Java_proyecto-main_crud_proyecto] INFO  o.eclipse.m2e.core.internal.Bundles - 	Entry: C:\Users\vespe\.p2\pool\plugins\org.eclipse.m2e.maven.runtime_3.9.900.20240824-1409\jars\wagon-file-3.5.3.jar
2025-07-13 01:28:03,212 [Worker-5: Launching Executing install in C__Users_vespe_OneDrive_Escritorio_ProyectosPersonales_Curso-Coder-Java_proyecto-main_crud_proyecto] INFO  o.eclipse.m2e.core.internal.Bundles - 	Entry: C:\Users\vespe\.p2\pool\plugins\org.eclipse.m2e.maven.runtime_3.9.900.20240824-1409\jars\wagon-http-3.5.3.jar
2025-07-13 01:28:03,212 [Worker-5: Launching Executing install in C__Users_vespe_OneDrive_Escritorio_ProyectosPersonales_Curso-Coder-Java_proyecto-main_crud_proyecto] INFO  o.eclipse.m2e.core.internal.Bundles - 	Entry: C:\Users\vespe\.p2\pool\plugins\org.eclipse.m2e.maven.runtime_3.9.900.20240824-1409\jars\wagon-http-shared-3.5.3.jar
2025-07-13 01:28:03,212 [Worker-5: Launching Executing install in C__Users_vespe_OneDrive_Escritorio_ProyectosPersonales_Curso-Coder-Java_proyecto-main_crud_proyecto] INFO  o.eclipse.m2e.core.internal.Bundles - 	Entry: C:\Users\vespe\.p2\pool\plugins\org.eclipse.m2e.maven.runtime_3.9.900.20240824-1409\jars\wagon-provider-api-3.5.3.jar
2025-07-13 01:28:03,212 [Worker-5: Launching Executing install in C__Users_vespe_OneDrive_Escritorio_ProyectosPersonales_Curso-Coder-Java_proyecto-main_crud_proyecto] INFO  o.eclipse.m2e.core.internal.Bundles - getClasspathEntries(Bundle=com.google.guava_33.3.1.jre [16])
2025-07-13 01:28:03,213 [Worker-5: Launching Executing install in C__Users_vespe_OneDrive_Escritorio_ProyectosPersonales_Curso-Coder-Java_proyecto-main_crud_proyecto] INFO  o.eclipse.m2e.core.internal.Bundles - 	Entry: C:\Users\vespe\.p2\pool\plugins\com.google.guava_33.3.1.jre.jar
2025-07-13 01:28:03,213 [Worker-5: Launching Executing install in C__Users_vespe_OneDrive_Escritorio_ProyectosPersonales_Curso-Coder-Java_proyecto-main_crud_proyecto] INFO  o.eclipse.m2e.core.internal.Bundles - getClasspathEntries(Bundle=slf4j.api_2.0.16 [1005])
2025-07-13 01:28:03,213 [Worker-5: Launching Executing install in C__Users_vespe_OneDrive_Escritorio_ProyectosPersonales_Curso-Coder-Java_proyecto-main_crud_proyecto] INFO  o.eclipse.m2e.core.internal.Bundles - 	Entry: C:\Users\vespe\.p2\pool\plugins\slf4j.api_2.0.16.jar
2025-07-13 01:28:03,213 [Worker-5: Launching Executing install in C__Users_vespe_OneDrive_Escritorio_ProyectosPersonales_Curso-Coder-Java_proyecto-main_crud_proyecto] INFO  o.eclipse.m2e.core.internal.Bundles - getClasspathEntries(Bundle=jakarta.inject.jakarta.inject-api_1.0.5 [34])
2025-07-13 01:28:03,213 [Worker-5: Launching Executing install in C__Users_vespe_OneDrive_Escritorio_ProyectosPersonales_Curso-Coder-Java_proyecto-main_crud_proyecto] INFO  o.eclipse.m2e.core.internal.Bundles - 	Entry: C:\Users\vespe\.p2\pool\plugins\jakarta.inject.jakarta.inject-api_1.0.5.jar
2025-07-13 01:28:03,214 [Worker-5: Launching Executing install in C__Users_vespe_OneDrive_Escritorio_ProyectosPersonales_Curso-Coder-Java_proyecto-main_crud_proyecto] INFO  o.eclipse.m2e.core.internal.Bundles - getClasspathEntries(Bundle=jakarta.annotation-api_1.3.5 [29])
2025-07-13 01:28:03,214 [Worker-5: Launching Executing install in C__Users_vespe_OneDrive_Escritorio_ProyectosPersonales_Curso-Coder-Java_proyecto-main_crud_proyecto] INFO  o.eclipse.m2e.core.internal.Bundles - 	Entry: C:\Users\vespe\.p2\pool\plugins\jakarta.annotation-api_1.3.5.jar
2025-07-13 01:28:03,214 [Worker-5: Launching Executing install in C__Users_vespe_OneDrive_Escritorio_ProyectosPersonales_Curso-Coder-Java_proyecto-main_crud_proyecto] INFO  o.eclipse.m2e.core.internal.Bundles - getClasspathEntries(Bundle=org.apache.commons.cli_1.9.0 [75])
2025-07-13 01:28:03,214 [Worker-5: Launching Executing install in C__Users_vespe_OneDrive_Escritorio_ProyectosPersonales_Curso-Coder-Java_proyecto-main_crud_proyecto] INFO  o.eclipse.m2e.core.internal.Bundles - 	Entry: C:\Users\vespe\.p2\pool\plugins\org.apache.commons.cli_1.9.0.jar
2025-07-13 01:28:03,214 [Worker-5: Launching Executing install in C__Users_vespe_OneDrive_Escritorio_ProyectosPersonales_Curso-Coder-Java_proyecto-main_crud_proyecto] INFO  o.eclipse.m2e.core.internal.Bundles - getClasspathEntries(Bundle=org.apache.commons.commons-codec_1.16.0 [78])
2025-07-13 01:28:03,214 [Worker-5: Launching Executing install in C__Users_vespe_OneDrive_Escritorio_ProyectosPersonales_Curso-Coder-Java_proyecto-main_crud_proyecto] INFO  o.eclipse.m2e.core.internal.Bundles - 	Entry: C:\Users\vespe\.p2\pool\plugins\org.apache.commons.commons-codec_1.16.0.jar
2025-07-13 01:28:03,214 [Worker-5: Launching Executing install in C__Users_vespe_OneDrive_Escritorio_ProyectosPersonales_Curso-Coder-Java_proyecto-main_crud_proyecto] INFO  o.eclipse.m2e.core.internal.Bundles - getClasspathEntries(Bundle=com.google.guava.failureaccess_1.0.2 [17])
2025-07-13 01:28:03,214 [Worker-5: Launching Executing install in C__Users_vespe_OneDrive_Escritorio_ProyectosPersonales_Curso-Coder-Java_proyecto-main_crud_proyecto] INFO  o.eclipse.m2e.core.internal.Bundles - 	Entry: C:\Users\vespe\.p2\pool\plugins\com.google.guava.failureaccess_1.0.2.jar
2025-07-13 01:28:03,216 [Worker-5: Launching Executing install in C__Users_vespe_OneDrive_Escritorio_ProyectosPersonales_Curso-Coder-Java_proyecto-main_crud_proyecto] INFO  o.e.m.i.launch.MavenLaunchDelegate - Run build in "C:\Users\vespe\OneDrive\Escritorio\ProyectosPersonales\Curso-Coder-Java\proyecto-main\crud_proyecto":
2025-07-13 01:28:03,216 [Worker-5: Launching Executing install in C__Users_vespe_OneDrive_Escritorio_ProyectosPersonales_Curso-Coder-Java_proyecto-main_crud_proyecto] INFO  o.e.m.i.launch.MavenLaunchDelegate -  mvn  -B -Dstyle.color=always install
2025-07-13 01:28:36,042 [Worker-54: Building] INFO  o.a.m.s.f.DefaultMavenResourcesFiltering - Copying 1 resource from src\main\resources to target\classes
2025-07-13 01:28:36,047 [Worker-54: Building] INFO  o.a.m.s.f.DefaultMavenResourcesFiltering - Copying 5 resources from src\main\resources to target\classes
2025-07-13 01:28:36,065 [Worker-54: Building] INFO  o.a.m.s.f.DefaultMavenResourcesFiltering - skip non existing resourceDirectory C:\Users\vespe\OneDrive\Escritorio\ProyectosPersonales\Curso-Coder-Java\proyecto-main\crud_proyecto\src\test\resources
2025-07-13 01:29:18,132 [Worker-60: Building] INFO  o.a.m.s.f.DefaultMavenResourcesFiltering - Copying 0 resource from src\main\resources to target\classes
2025-07-13 01:29:18,136 [Worker-60: Building] INFO  o.a.m.s.f.DefaultMavenResourcesFiltering - Copying 1 resource from src\main\resources to target\classes
2025-07-13 01:29:18,141 [Worker-60: Building] INFO  o.a.m.s.f.DefaultMavenResourcesFiltering - skip non existing resourceDirectory C:\Users\vespe\OneDrive\Escritorio\ProyectosPersonales\Curso-Coder-Java\proyecto-main\crud_proyecto\src\test\resources
2025-07-13 01:30:28,340 [Worker-63: Building] INFO  o.a.m.s.f.DefaultMavenResourcesFiltering - Copying 0 resource from src\main\resources to target\classes
2025-07-13 01:30:28,342 [Worker-63: Building] INFO  o.a.m.s.f.DefaultMavenResourcesFiltering - Copying 1 resource from src\main\resources to target\classes
2025-07-13 01:30:28,349 [Worker-63: Building] INFO  o.a.m.s.f.DefaultMavenResourcesFiltering - skip non existing resourceDirectory C:\Users\vespe\OneDrive\Escritorio\ProyectosPersonales\Curso-Coder-Java\proyecto-main\crud_proyecto\src\test\resources
2025-07-13 01:30:48,507 [Worker-45: Launching crud_proyecto - CrudProyectoApplication] INFO  o.a.m.s.f.DefaultMavenResourcesFiltering - Copying 1 resource from src\main\resources to target\classes
2025-07-13 01:30:48,513 [Worker-45: Launching crud_proyecto - CrudProyectoApplication] INFO  o.a.m.s.f.DefaultMavenResourcesFiltering - Copying 6 resources from src\main\resources to target\classes
2025-07-13 01:30:48,517 [Worker-45: Launching crud_proyecto - CrudProyectoApplication] INFO  o.a.m.s.f.DefaultMavenResourcesFiltering - skip non existing resourceDirectory C:\Users\vespe\OneDrive\Escritorio\ProyectosPersonales\Curso-Coder-Java\proyecto-main\crud_proyecto\src\test\resources
2025-07-13 01:30:49,809 [Worker-5: Download sources and javadoc] INFO  o.a.http.impl.execchain.RetryExec - I/O exception (java.net.SocketException) caught when processing request to {s}->https://repo.maven.apache.org:443: java.security.NoSuchAlgorithmException: Error constructing implementation (algorithm: Default, provider: SunJSSE, class: sun.security.ssl.SSLContextImpl$DefaultSSLContext)
2025-07-13 01:30:49,809 [Worker-5: Download sources and javadoc] INFO  o.a.http.impl.execchain.RetryExec - Retrying request to {s}->https://repo.maven.apache.org:443
2025-07-13 01:30:49,853 [Worker-5: Download sources and javadoc] INFO  o.a.http.impl.execchain.RetryExec - I/O exception (java.net.SocketException) caught when processing request to {s}->https://repo.maven.apache.org:443: java.security.NoSuchAlgorithmException: Error constructing implementation (algorithm: Default, provider: SunJSSE, class: sun.security.ssl.SSLContextImpl$DefaultSSLContext)
2025-07-13 01:30:49,853 [Worker-5: Download sources and javadoc] INFO  o.a.http.impl.execchain.RetryExec - Retrying request to {s}->https://repo.maven.apache.org:443
2025-07-13 01:30:49,900 [Worker-5: Download sources and javadoc] INFO  o.a.http.impl.execchain.RetryExec - I/O exception (java.net.SocketException) caught when processing request to {s}->https://repo.maven.apache.org:443: java.security.NoSuchAlgorithmException: Error constructing implementation (algorithm: Default, provider: SunJSSE, class: sun.security.ssl.SSLContextImpl$DefaultSSLContext)
2025-07-13 01:30:49,900 [Worker-5: Download sources and javadoc] INFO  o.a.http.impl.execchain.RetryExec - Retrying request to {s}->https://repo.maven.apache.org:443
2025-07-13 01:30:49,948 [Worker-5: Download sources and javadoc] INFO  o.e.m.c.i.e.AbstractTransferListenerAdapter - Downloaded https://repo.maven.apache.org/maven2/org/springframework/boot/spring-boot-starter-security/3.4.1/spring-boot-starter-security-3.4.1-javadoc.jar
2025-07-13 01:30:49,951 [Worker-5: Download sources and javadoc] ERROR o.e.m.j.internal.DownloadSourcesJob - Could not download javadoc for org.springframework.boot:spring-boot-starter-security:3.4.1
org.eclipse.core.runtime.CoreException: Could not resolve artifact org.springframework.boot:spring-boot-starter-security:jar:javadoc:3.4.1
	at org.eclipse.m2e.core.internal.embedder.MavenImpl.lambda$7(MavenImpl.java:540)
	at org.eclipse.m2e.core.internal.embedder.MavenExecutionContext.executeBare(MavenExecutionContext.java:458)
	at org.eclipse.m2e.core.internal.embedder.MavenExecutionContext.execute(MavenExecutionContext.java:292)
	at org.eclipse.m2e.core.internal.embedder.MavenExecutionContext.execute(MavenExecutionContext.java:278)
	at org.eclipse.m2e.core.internal.embedder.MavenImpl.resolve(MavenImpl.java:509)
	at org.eclipse.m2e.core.internal.embedder.MavenImpl.resolve(MavenImpl.java:494)
	at org.eclipse.m2e.jdt.internal.DownloadSourcesJob.download(DownloadSourcesJob.java:308)
	at org.eclipse.m2e.jdt.internal.DownloadSourcesJob.downloadAttachments(DownloadSourcesJob.java:294)
	at org.eclipse.m2e.jdt.internal.DownloadSourcesJob.downloadMaven(DownloadSourcesJob.java:252)
	at org.eclipse.m2e.jdt.internal.DownloadSourcesJob.downloadFilesAndPopulateToUpdate(DownloadSourcesJob.java:220)
	at org.eclipse.m2e.jdt.internal.DownloadSourcesJob.lambda$0(DownloadSourcesJob.java:149)
	at org.eclipse.m2e.core.internal.embedder.MavenExecutionContext.executeBare(MavenExecutionContext.java:458)
	at org.eclipse.m2e.core.internal.embedder.MavenExecutionContext.execute(MavenExecutionContext.java:339)
	at org.eclipse.m2e.core.internal.embedder.MavenExecutionContext.execute(MavenExecutionContext.java:278)
	at org.eclipse.m2e.core.embedder.IMaven.execute(IMaven.java:300)
	at org.eclipse.m2e.jdt.internal.DownloadSourcesJob.run(DownloadSourcesJob.java:149)
	at org.eclipse.core.internal.jobs.Worker.run(Worker.java:63)
2025-07-13 01:31:55,826 [Worker-64: Updating Maven Project] INFO  o.e.m.c.i.p.ProjectConfigurationManager - Update started
2025-07-13 01:31:56,413 [Worker-64: Updating Maven Project] INFO  o.e.m.c.i.l.LifecycleMappingFactory - Using org.eclipse.m2e.jdt.JarLifecycleMapping lifecycle mapping for MavenProject: com.coderhouse:crud_proyecto:0.0.1-SNAPSHOT @ C:\Users\vespe\OneDrive\Escritorio\ProyectosPersonales\Curso-Coder-Java\proyecto-main\crud_proyecto\pom.xml.
2025-07-13 01:31:57,156 [Worker-64: Updating Maven Project] INFO  o.e.m.j.i.AbstractJavaProjectConfigurator - Adding source folder /crud_proyecto/src/main/java
2025-07-13 01:31:57,157 [Worker-64: Updating Maven Project] INFO  o.e.m.j.i.AbstractJavaProjectConfigurator - Adding resource folder /crud_proyecto/src/main/resources
2025-07-13 01:31:57,159 [Worker-64: Updating Maven Project] INFO  o.e.m.j.i.AbstractJavaProjectConfigurator - Adding resource folder /crud_proyecto/src/main/resources
2025-07-13 01:31:57,159 [Worker-64: Updating Maven Project] INFO  o.e.m.j.i.AbstractJavaProjectConfigurator - Adding source folder /crud_proyecto/src/test/java
2025-07-13 01:31:57,161 [Worker-64: Updating Maven Project] INFO  o.e.m.j.i.AbstractJavaProjectConfigurator - Adding resource folder /crud_proyecto/src/test/resources
2025-07-13 01:31:57,713 [Worker-64: Updating Maven Project] INFO  o.e.m.c.i.p.ProjectConfigurationManager - Update completed for 1 poms: local refresh takes 0.00 sec, refresh facades takes 1.00 sec, update config takes 0.00 sec 
2025-07-13 01:31:58,155 [Worker-75: Download sources and javadoc] INFO  o.a.http.impl.execchain.RetryExec - I/O exception (java.net.SocketException) caught when processing request to {s}->https://repo.maven.apache.org:443: java.security.NoSuchAlgorithmException: Error constructing implementation (algorithm: Default, provider: SunJSSE, class: sun.security.ssl.SSLContextImpl$DefaultSSLContext)
2025-07-13 01:31:58,155 [Worker-75: Download sources and javadoc] INFO  o.a.http.impl.execchain.RetryExec - Retrying request to {s}->https://repo.maven.apache.org:443
2025-07-13 01:31:58,198 [Worker-75: Download sources and javadoc] INFO  o.a.http.impl.execchain.RetryExec - I/O exception (java.net.SocketException) caught when processing request to {s}->https://repo.maven.apache.org:443: java.security.NoSuchAlgorithmException: Error constructing implementation (algorithm: Default, provider: SunJSSE, class: sun.security.ssl.SSLContextImpl$DefaultSSLContext)
2025-07-13 01:31:58,198 [Worker-75: Download sources and javadoc] INFO  o.a.http.impl.execchain.RetryExec - Retrying request to {s}->https://repo.maven.apache.org:443
2025-07-13 01:31:58,237 [Worker-75: Download sources and javadoc] INFO  o.a.http.impl.execchain.RetryExec - I/O exception (java.net.SocketException) caught when processing request to {s}->https://repo.maven.apache.org:443: java.security.NoSuchAlgorithmException: Error constructing implementation (algorithm: Default, provider: SunJSSE, class: sun.security.ssl.SSLContextImpl$DefaultSSLContext)
2025-07-13 01:31:58,237 [Worker-75: Download sources and javadoc] INFO  o.a.http.impl.execchain.RetryExec - Retrying request to {s}->https://repo.maven.apache.org:443
2025-07-13 01:31:58,274 [Worker-75: Download sources and javadoc] INFO  o.e.m.c.i.e.AbstractTransferListenerAdapter - Downloaded https://repo.maven.apache.org/maven2/org/springframework/security/spring-security-core/6.4.2/spring-security-core-6.4.2-sources.jar
2025-07-13 01:31:58,278 [Worker-75: Download sources and javadoc] ERROR o.e.m.j.internal.DownloadSourcesJob - Could not download sources for org.springframework.security:spring-security-core:6.4.2
org.eclipse.core.runtime.CoreException: Could not resolve artifact org.springframework.security:spring-security-core:jar:sources:6.4.2
	at org.eclipse.m2e.core.internal.embedder.MavenImpl.lambda$7(MavenImpl.java:540)
	at org.eclipse.m2e.core.internal.embedder.MavenExecutionContext.executeBare(MavenExecutionContext.java:458)
	at org.eclipse.m2e.core.internal.embedder.MavenExecutionContext.execute(MavenExecutionContext.java:292)
	at org.eclipse.m2e.core.internal.embedder.MavenExecutionContext.execute(MavenExecutionContext.java:278)
	at org.eclipse.m2e.core.internal.embedder.MavenImpl.resolve(MavenImpl.java:509)
	at org.eclipse.m2e.core.internal.embedder.MavenImpl.resolve(MavenImpl.java:494)
	at org.eclipse.m2e.jdt.internal.DownloadSourcesJob.download(DownloadSourcesJob.java:308)
	at org.eclipse.m2e.jdt.internal.DownloadSourcesJob.downloadAttachments(DownloadSourcesJob.java:282)
	at org.eclipse.m2e.jdt.internal.DownloadSourcesJob.downloadMaven(DownloadSourcesJob.java:252)
	at org.eclipse.m2e.jdt.internal.DownloadSourcesJob.downloadFilesAndPopulateToUpdate(DownloadSourcesJob.java:220)
	at org.eclipse.m2e.jdt.internal.DownloadSourcesJob.lambda$0(DownloadSourcesJob.java:149)
	at org.eclipse.m2e.core.internal.embedder.MavenExecutionContext.executeBare(MavenExecutionContext.java:458)
	at org.eclipse.m2e.core.internal.embedder.MavenExecutionContext.execute(MavenExecutionContext.java:339)
	at org.eclipse.m2e.core.internal.embedder.MavenExecutionContext.execute(MavenExecutionContext.java:278)
	at org.eclipse.m2e.core.embedder.IMaven.execute(IMaven.java:300)
	at org.eclipse.m2e.jdt.internal.DownloadSourcesJob.run(DownloadSourcesJob.java:149)
	at org.eclipse.core.internal.jobs.Worker.run(Worker.java:63)
2025-07-13 01:31:58,329 [Worker-75: Download sources and javadoc] INFO  o.a.http.impl.execchain.RetryExec - I/O exception (java.net.SocketException) caught when processing request to {s}->https://repo.maven.apache.org:443: java.security.NoSuchAlgorithmException: Error constructing implementation (algorithm: Default, provider: SunJSSE, class: sun.security.ssl.SSLContextImpl$DefaultSSLContext)
2025-07-13 01:31:58,330 [Worker-75: Download sources and javadoc] INFO  o.a.http.impl.execchain.RetryExec - Retrying request to {s}->https://repo.maven.apache.org:443
2025-07-13 01:31:58,367 [Worker-75: Download sources and javadoc] INFO  o.a.http.impl.execchain.RetryExec - I/O exception (java.net.SocketException) caught when processing request to {s}->https://repo.maven.apache.org:443: java.security.NoSuchAlgorithmException: Error constructing implementation (algorithm: Default, provider: SunJSSE, class: sun.security.ssl.SSLContextImpl$DefaultSSLContext)
2025-07-13 01:31:58,367 [Worker-75: Download sources and javadoc] INFO  o.a.http.impl.execchain.RetryExec - Retrying request to {s}->https://repo.maven.apache.org:443
2025-07-13 01:31:58,404 [Worker-75: Download sources and javadoc] INFO  o.a.http.impl.execchain.RetryExec - I/O exception (java.net.SocketException) caught when processing request to {s}->https://repo.maven.apache.org:443: java.security.NoSuchAlgorithmException: Error constructing implementation (algorithm: Default, provider: SunJSSE, class: sun.security.ssl.SSLContextImpl$DefaultSSLContext)
2025-07-13 01:31:58,404 [Worker-75: Download sources and javadoc] INFO  o.a.http.impl.execchain.RetryExec - Retrying request to {s}->https://repo.maven.apache.org:443
2025-07-13 01:31:58,426 [Worker-45: Building] INFO  o.a.m.s.f.DefaultMavenResourcesFiltering - Copying 1 resource from src\main\resources to target\classes
2025-07-13 01:31:58,445 [Worker-75: Download sources and javadoc] INFO  o.e.m.c.i.e.AbstractTransferListenerAdapter - Downloaded https://repo.maven.apache.org/maven2/org/springframework/security/spring-security-crypto/6.4.2/spring-security-crypto-6.4.2-sources.jar
2025-07-13 01:31:58,446 [Worker-45: Building] INFO  o.a.m.s.f.DefaultMavenResourcesFiltering - Copying 6 resources from src\main\resources to target\classes
2025-07-13 01:31:58,448 [Worker-75: Download sources and javadoc] ERROR o.e.m.j.internal.DownloadSourcesJob - Could not download sources for org.springframework.security:spring-security-crypto:6.4.2
org.eclipse.core.runtime.CoreException: Could not resolve artifact org.springframework.security:spring-security-crypto:jar:sources:6.4.2
	at org.eclipse.m2e.core.internal.embedder.MavenImpl.lambda$7(MavenImpl.java:540)
	at org.eclipse.m2e.core.internal.embedder.MavenExecutionContext.executeBare(MavenExecutionContext.java:458)
	at org.eclipse.m2e.core.internal.embedder.MavenExecutionContext.execute(MavenExecutionContext.java:292)
	at org.eclipse.m2e.core.internal.embedder.MavenExecutionContext.execute(MavenExecutionContext.java:278)
	at org.eclipse.m2e.core.internal.embedder.MavenImpl.resolve(MavenImpl.java:509)
	at org.eclipse.m2e.core.internal.embedder.MavenImpl.resolve(MavenImpl.java:494)
	at org.eclipse.m2e.jdt.internal.DownloadSourcesJob.download(DownloadSourcesJob.java:308)
	at org.eclipse.m2e.jdt.internal.DownloadSourcesJob.downloadAttachments(DownloadSourcesJob.java:282)
	at org.eclipse.m2e.jdt.internal.DownloadSourcesJob.downloadMaven(DownloadSourcesJob.java:252)
	at org.eclipse.m2e.jdt.internal.DownloadSourcesJob.downloadFilesAndPopulateToUpdate(DownloadSourcesJob.java:220)
	at org.eclipse.m2e.jdt.internal.DownloadSourcesJob.lambda$0(DownloadSourcesJob.java:149)
	at org.eclipse.m2e.core.internal.embedder.MavenExecutionContext.executeBare(MavenExecutionContext.java:458)
	at org.eclipse.m2e.core.internal.embedder.MavenExecutionContext.execute(MavenExecutionContext.java:339)
	at org.eclipse.m2e.core.internal.embedder.MavenExecutionContext.execute(MavenExecutionContext.java:278)
	at org.eclipse.m2e.core.embedder.IMaven.execute(IMaven.java:300)
	at org.eclipse.m2e.jdt.internal.DownloadSourcesJob.run(DownloadSourcesJob.java:149)
	at org.eclipse.core.internal.jobs.Worker.run(Worker.java:63)
2025-07-13 01:31:58,472 [Worker-45: Building] INFO  o.a.m.s.f.DefaultMavenResourcesFiltering - skip non existing resourceDirectory C:\Users\vespe\OneDrive\Escritorio\ProyectosPersonales\Curso-Coder-Java\proyecto-main\crud_proyecto\src\test\resources
2025-07-13 01:31:58,494 [Worker-75: Download sources and javadoc] INFO  o.a.http.impl.execchain.RetryExec - I/O exception (java.net.SocketException) caught when processing request to {s}->https://repo.maven.apache.org:443: java.security.NoSuchAlgorithmException: Error constructing implementation (algorithm: Default, provider: SunJSSE, class: sun.security.ssl.SSLContextImpl$DefaultSSLContext)
2025-07-13 01:31:58,494 [Worker-75: Download sources and javadoc] INFO  o.a.http.impl.execchain.RetryExec - Retrying request to {s}->https://repo.maven.apache.org:443
2025-07-13 01:31:58,537 [Worker-75: Download sources and javadoc] INFO  o.a.http.impl.execchain.RetryExec - I/O exception (java.net.SocketException) caught when processing request to {s}->https://repo.maven.apache.org:443: java.security.NoSuchAlgorithmException: Error constructing implementation (algorithm: Default, provider: SunJSSE, class: sun.security.ssl.SSLContextImpl$DefaultSSLContext)
2025-07-13 01:31:58,538 [Worker-75: Download sources and javadoc] INFO  o.a.http.impl.execchain.RetryExec - Retrying request to {s}->https://repo.maven.apache.org:443
2025-07-13 01:31:58,576 [Worker-75: Download sources and javadoc] INFO  o.a.http.impl.execchain.RetryExec - I/O exception (java.net.SocketException) caught when processing request to {s}->https://repo.maven.apache.org:443: java.security.NoSuchAlgorithmException: Error constructing implementation (algorithm: Default, provider: SunJSSE, class: sun.security.ssl.SSLContextImpl$DefaultSSLContext)
2025-07-13 01:31:58,576 [Worker-75: Download sources and javadoc] INFO  o.a.http.impl.execchain.RetryExec - Retrying request to {s}->https://repo.maven.apache.org:443
2025-07-13 01:31:58,621 [Worker-75: Download sources and javadoc] INFO  o.e.m.c.i.e.AbstractTransferListenerAdapter - Downloaded https://repo.maven.apache.org/maven2/org/springframework/security/spring-security-web/6.4.2/spring-security-web-6.4.2-sources.jar
2025-07-13 01:31:58,626 [Worker-75: Download sources and javadoc] ERROR o.e.m.j.internal.DownloadSourcesJob - Could not download sources for org.springframework.security:spring-security-web:6.4.2
org.eclipse.core.runtime.CoreException: Could not resolve artifact org.springframework.security:spring-security-web:jar:sources:6.4.2
	at org.eclipse.m2e.core.internal.embedder.MavenImpl.lambda$7(MavenImpl.java:540)
	at org.eclipse.m2e.core.internal.embedder.MavenExecutionContext.executeBare(MavenExecutionContext.java:458)
	at org.eclipse.m2e.core.internal.embedder.MavenExecutionContext.execute(MavenExecutionContext.java:292)
	at org.eclipse.m2e.core.internal.embedder.MavenExecutionContext.execute(MavenExecutionContext.java:278)
	at org.eclipse.m2e.core.internal.embedder.MavenImpl.resolve(MavenImpl.java:509)
	at org.eclipse.m2e.core.internal.embedder.MavenImpl.resolve(MavenImpl.java:494)
	at org.eclipse.m2e.jdt.internal.DownloadSourcesJob.download(DownloadSourcesJob.java:308)
	at org.eclipse.m2e.jdt.internal.DownloadSourcesJob.downloadAttachments(DownloadSourcesJob.java:282)
	at org.eclipse.m2e.jdt.internal.DownloadSourcesJob.downloadMaven(DownloadSourcesJob.java:252)
	at org.eclipse.m2e.jdt.internal.DownloadSourcesJob.downloadFilesAndPopulateToUpdate(DownloadSourcesJob.java:220)
	at org.eclipse.m2e.jdt.internal.DownloadSourcesJob.lambda$0(DownloadSourcesJob.java:149)
	at org.eclipse.m2e.core.internal.embedder.MavenExecutionContext.executeBare(MavenExecutionContext.java:458)
	at org.eclipse.m2e.core.internal.embedder.MavenExecutionContext.execute(MavenExecutionContext.java:339)
	at org.eclipse.m2e.core.internal.embedder.MavenExecutionContext.execute(MavenExecutionContext.java:278)
	at org.eclipse.m2e.core.embedder.IMaven.execute(IMaven.java:300)
	at org.eclipse.m2e.jdt.internal.DownloadSourcesJob.run(DownloadSourcesJob.java:149)
	at org.eclipse.core.internal.jobs.Worker.run(Worker.java:63)
2025-07-13 01:31:58,676 [Worker-75: Download sources and javadoc] INFO  o.a.http.impl.execchain.RetryExec - I/O exception (java.net.SocketException) caught when processing request to {s}->https://repo.maven.apache.org:443: java.security.NoSuchAlgorithmException: Error constructing implementation (algorithm: Default, provider: SunJSSE, class: sun.security.ssl.SSLContextImpl$DefaultSSLContext)
2025-07-13 01:31:58,676 [Worker-75: Download sources and javadoc] INFO  o.a.http.impl.execchain.RetryExec - Retrying request to {s}->https://repo.maven.apache.org:443
2025-07-13 01:31:58,711 [Worker-75: Download sources and javadoc] INFO  o.a.http.impl.execchain.RetryExec - I/O exception (java.net.SocketException) caught when processing request to {s}->https://repo.maven.apache.org:443: java.security.NoSuchAlgorithmException: Error constructing implementation (algorithm: Default, provider: SunJSSE, class: sun.security.ssl.SSLContextImpl$DefaultSSLContext)
2025-07-13 01:31:58,712 [Worker-75: Download sources and javadoc] INFO  o.a.http.impl.execchain.RetryExec - Retrying request to {s}->https://repo.maven.apache.org:443
2025-07-13 01:31:58,750 [Worker-75: Download sources and javadoc] INFO  o.a.http.impl.execchain.RetryExec - I/O exception (java.net.SocketException) caught when processing request to {s}->https://repo.maven.apache.org:443: java.security.NoSuchAlgorithmException: Error constructing implementation (algorithm: Default, provider: SunJSSE, class: sun.security.ssl.SSLContextImpl$DefaultSSLContext)
2025-07-13 01:31:58,750 [Worker-75: Download sources and javadoc] INFO  o.a.http.impl.execchain.RetryExec - Retrying request to {s}->https://repo.maven.apache.org:443
2025-07-13 01:31:58,784 [Worker-75: Download sources and javadoc] INFO  o.e.m.c.i.e.AbstractTransferListenerAdapter - Downloaded https://repo.maven.apache.org/maven2/org/springframework/security/spring-security-config/6.4.2/spring-security-config-6.4.2-sources.jar
2025-07-13 01:31:58,788 [Worker-75: Download sources and javadoc] ERROR o.e.m.j.internal.DownloadSourcesJob - Could not download sources for org.springframework.security:spring-security-config:6.4.2
org.eclipse.core.runtime.CoreException: Could not resolve artifact org.springframework.security:spring-security-config:jar:sources:6.4.2
	at org.eclipse.m2e.core.internal.embedder.MavenImpl.lambda$7(MavenImpl.java:540)
	at org.eclipse.m2e.core.internal.embedder.MavenExecutionContext.executeBare(MavenExecutionContext.java:458)
	at org.eclipse.m2e.core.internal.embedder.MavenExecutionContext.execute(MavenExecutionContext.java:292)
	at org.eclipse.m2e.core.internal.embedder.MavenExecutionContext.execute(MavenExecutionContext.java:278)
	at org.eclipse.m2e.core.internal.embedder.MavenImpl.resolve(MavenImpl.java:509)
	at org.eclipse.m2e.core.internal.embedder.MavenImpl.resolve(MavenImpl.java:494)
	at org.eclipse.m2e.jdt.internal.DownloadSourcesJob.download(DownloadSourcesJob.java:308)
	at org.eclipse.m2e.jdt.internal.DownloadSourcesJob.downloadAttachments(DownloadSourcesJob.java:282)
	at org.eclipse.m2e.jdt.internal.DownloadSourcesJob.downloadMaven(DownloadSourcesJob.java:252)
	at org.eclipse.m2e.jdt.internal.DownloadSourcesJob.downloadFilesAndPopulateToUpdate(DownloadSourcesJob.java:220)
	at org.eclipse.m2e.jdt.internal.DownloadSourcesJob.lambda$0(DownloadSourcesJob.java:149)
	at org.eclipse.m2e.core.internal.embedder.MavenExecutionContext.executeBare(MavenExecutionContext.java:458)
	at org.eclipse.m2e.core.internal.embedder.MavenExecutionContext.execute(MavenExecutionContext.java:339)
	at org.eclipse.m2e.core.internal.embedder.MavenExecutionContext.execute(MavenExecutionContext.java:278)
	at org.eclipse.m2e.core.embedder.IMaven.execute(IMaven.java:300)
	at org.eclipse.m2e.jdt.internal.DownloadSourcesJob.run(DownloadSourcesJob.java:149)
	at org.eclipse.core.internal.jobs.Worker.run(Worker.java:63)
2025-07-13 01:32:22,624 [Worker-63: Download sources and javadoc] INFO  o.a.http.impl.execchain.RetryExec - I/O exception (java.net.SocketException) caught when processing request to {s}->https://repo.maven.apache.org:443: java.security.NoSuchAlgorithmException: Error constructing implementation (algorithm: Default, provider: SunJSSE, class: sun.security.ssl.SSLContextImpl$DefaultSSLContext)
2025-07-13 01:32:22,625 [Worker-63: Download sources and javadoc] INFO  o.a.http.impl.execchain.RetryExec - Retrying request to {s}->https://repo.maven.apache.org:443
2025-07-13 01:32:22,662 [Worker-63: Download sources and javadoc] INFO  o.a.http.impl.execchain.RetryExec - I/O exception (java.net.SocketException) caught when processing request to {s}->https://repo.maven.apache.org:443: java.security.NoSuchAlgorithmException: Error constructing implementation (algorithm: Default, provider: SunJSSE, class: sun.security.ssl.SSLContextImpl$DefaultSSLContext)
2025-07-13 01:32:22,662 [Worker-63: Download sources and javadoc] INFO  o.a.http.impl.execchain.RetryExec - Retrying request to {s}->https://repo.maven.apache.org:443
2025-07-13 01:32:22,697 [Worker-63: Download sources and javadoc] INFO  o.a.http.impl.execchain.RetryExec - I/O exception (java.net.SocketException) caught when processing request to {s}->https://repo.maven.apache.org:443: java.security.NoSuchAlgorithmException: Error constructing implementation (algorithm: Default, provider: SunJSSE, class: sun.security.ssl.SSLContextImpl$DefaultSSLContext)
2025-07-13 01:32:22,697 [Worker-63: Download sources and javadoc] INFO  o.a.http.impl.execchain.RetryExec - Retrying request to {s}->https://repo.maven.apache.org:443
2025-07-13 01:32:22,740 [Worker-63: Download sources and javadoc] INFO  o.e.m.c.i.e.AbstractTransferListenerAdapter - Downloaded https://repo.maven.apache.org/maven2/org/springframework/security/spring-security-core/6.4.2/spring-security-core-6.4.2-javadoc.jar
2025-07-13 01:32:22,743 [Worker-63: Download sources and javadoc] ERROR o.e.m.j.internal.DownloadSourcesJob - Could not download javadoc for org.springframework.security:spring-security-core:6.4.2
org.eclipse.core.runtime.CoreException: Could not resolve artifact org.springframework.security:spring-security-core:jar:javadoc:6.4.2
	at org.eclipse.m2e.core.internal.embedder.MavenImpl.lambda$7(MavenImpl.java:540)
	at org.eclipse.m2e.core.internal.embedder.MavenExecutionContext.executeBare(MavenExecutionContext.java:458)
	at org.eclipse.m2e.core.internal.embedder.MavenExecutionContext.execute(MavenExecutionContext.java:292)
	at org.eclipse.m2e.core.internal.embedder.MavenExecutionContext.execute(MavenExecutionContext.java:278)
	at org.eclipse.m2e.core.internal.embedder.MavenImpl.resolve(MavenImpl.java:509)
	at org.eclipse.m2e.core.internal.embedder.MavenImpl.resolve(MavenImpl.java:494)
	at org.eclipse.m2e.jdt.internal.DownloadSourcesJob.download(DownloadSourcesJob.java:308)
	at org.eclipse.m2e.jdt.internal.DownloadSourcesJob.downloadAttachments(DownloadSourcesJob.java:294)
	at org.eclipse.m2e.jdt.internal.DownloadSourcesJob.downloadMaven(DownloadSourcesJob.java:252)
	at org.eclipse.m2e.jdt.internal.DownloadSourcesJob.downloadFilesAndPopulateToUpdate(DownloadSourcesJob.java:220)
	at org.eclipse.m2e.jdt.internal.DownloadSourcesJob.lambda$0(DownloadSourcesJob.java:149)
	at org.eclipse.m2e.core.internal.embedder.MavenExecutionContext.executeBare(MavenExecutionContext.java:458)
	at org.eclipse.m2e.core.internal.embedder.MavenExecutionContext.execute(MavenExecutionContext.java:339)
	at org.eclipse.m2e.core.internal.embedder.MavenExecutionContext.execute(MavenExecutionContext.java:278)
	at org.eclipse.m2e.core.embedder.IMaven.execute(IMaven.java:300)
	at org.eclipse.m2e.jdt.internal.DownloadSourcesJob.run(DownloadSourcesJob.java:149)
	at org.eclipse.core.internal.jobs.Worker.run(Worker.java:63)
2025-07-13 01:32:22,790 [Worker-63: Download sources and javadoc] INFO  o.a.http.impl.execchain.RetryExec - I/O exception (java.net.SocketException) caught when processing request to {s}->https://repo.maven.apache.org:443: java.security.NoSuchAlgorithmException: Error constructing implementation (algorithm: Default, provider: SunJSSE, class: sun.security.ssl.SSLContextImpl$DefaultSSLContext)
2025-07-13 01:32:22,790 [Worker-63: Download sources and javadoc] INFO  o.a.http.impl.execchain.RetryExec - Retrying request to {s}->https://repo.maven.apache.org:443
2025-07-13 01:32:22,827 [Worker-63: Download sources and javadoc] INFO  o.a.http.impl.execchain.RetryExec - I/O exception (java.net.SocketException) caught when processing request to {s}->https://repo.maven.apache.org:443: java.security.NoSuchAlgorithmException: Error constructing implementation (algorithm: Default, provider: SunJSSE, class: sun.security.ssl.SSLContextImpl$DefaultSSLContext)
2025-07-13 01:32:22,827 [Worker-63: Download sources and javadoc] INFO  o.a.http.impl.execchain.RetryExec - Retrying request to {s}->https://repo.maven.apache.org:443
2025-07-13 01:32:22,864 [Worker-63: Download sources and javadoc] INFO  o.a.http.impl.execchain.RetryExec - I/O exception (java.net.SocketException) caught when processing request to {s}->https://repo.maven.apache.org:443: java.security.NoSuchAlgorithmException: Error constructing implementation (algorithm: Default, provider: SunJSSE, class: sun.security.ssl.SSLContextImpl$DefaultSSLContext)
2025-07-13 01:32:22,864 [Worker-63: Download sources and javadoc] INFO  o.a.http.impl.execchain.RetryExec - Retrying request to {s}->https://repo.maven.apache.org:443
2025-07-13 01:32:22,898 [Worker-63: Download sources and javadoc] INFO  o.e.m.c.i.e.AbstractTransferListenerAdapter - Downloaded https://repo.maven.apache.org/maven2/org/springframework/security/spring-security-crypto/6.4.2/spring-security-crypto-6.4.2-javadoc.jar
2025-07-13 01:32:22,903 [Worker-63: Download sources and javadoc] ERROR o.e.m.j.internal.DownloadSourcesJob - Could not download javadoc for org.springframework.security:spring-security-crypto:6.4.2
org.eclipse.core.runtime.CoreException: Could not resolve artifact org.springframework.security:spring-security-crypto:jar:javadoc:6.4.2
	at org.eclipse.m2e.core.internal.embedder.MavenImpl.lambda$7(MavenImpl.java:540)
	at org.eclipse.m2e.core.internal.embedder.MavenExecutionContext.executeBare(MavenExecutionContext.java:458)
	at org.eclipse.m2e.core.internal.embedder.MavenExecutionContext.execute(MavenExecutionContext.java:292)
	at org.eclipse.m2e.core.internal.embedder.MavenExecutionContext.execute(MavenExecutionContext.java:278)
	at org.eclipse.m2e.core.internal.embedder.MavenImpl.resolve(MavenImpl.java:509)
	at org.eclipse.m2e.core.internal.embedder.MavenImpl.resolve(MavenImpl.java:494)
	at org.eclipse.m2e.jdt.internal.DownloadSourcesJob.download(DownloadSourcesJob.java:308)
	at org.eclipse.m2e.jdt.internal.DownloadSourcesJob.downloadAttachments(DownloadSourcesJob.java:294)
	at org.eclipse.m2e.jdt.internal.DownloadSourcesJob.downloadMaven(DownloadSourcesJob.java:252)
	at org.eclipse.m2e.jdt.internal.DownloadSourcesJob.downloadFilesAndPopulateToUpdate(DownloadSourcesJob.java:220)
	at org.eclipse.m2e.jdt.internal.DownloadSourcesJob.lambda$0(DownloadSourcesJob.java:149)
	at org.eclipse.m2e.core.internal.embedder.MavenExecutionContext.executeBare(MavenExecutionContext.java:458)
	at org.eclipse.m2e.core.internal.embedder.MavenExecutionContext.execute(MavenExecutionContext.java:339)
	at org.eclipse.m2e.core.internal.embedder.MavenExecutionContext.execute(MavenExecutionContext.java:278)
	at org.eclipse.m2e.core.embedder.IMaven.execute(IMaven.java:300)
	at org.eclipse.m2e.jdt.internal.DownloadSourcesJob.run(DownloadSourcesJob.java:149)
	at org.eclipse.core.internal.jobs.Worker.run(Worker.java:63)
2025-07-13 01:32:22,945 [Worker-63: Download sources and javadoc] INFO  o.a.http.impl.execchain.RetryExec - I/O exception (java.net.SocketException) caught when processing request to {s}->https://repo.maven.apache.org:443: java.security.NoSuchAlgorithmException: Error constructing implementation (algorithm: Default, provider: SunJSSE, class: sun.security.ssl.SSLContextImpl$DefaultSSLContext)
2025-07-13 01:32:22,945 [Worker-63: Download sources and javadoc] INFO  o.a.http.impl.execchain.RetryExec - Retrying request to {s}->https://repo.maven.apache.org:443
2025-07-13 01:32:22,985 [Worker-63: Download sources and javadoc] INFO  o.a.http.impl.execchain.RetryExec - I/O exception (java.net.SocketException) caught when processing request to {s}->https://repo.maven.apache.org:443: java.security.NoSuchAlgorithmException: Error constructing implementation (algorithm: Default, provider: SunJSSE, class: sun.security.ssl.SSLContextImpl$DefaultSSLContext)
2025-07-13 01:32:22,985 [Worker-63: Download sources and javadoc] INFO  o.a.http.impl.execchain.RetryExec - Retrying request to {s}->https://repo.maven.apache.org:443
2025-07-13 01:32:23,026 [Worker-63: Download sources and javadoc] INFO  o.a.http.impl.execchain.RetryExec - I/O exception (java.net.SocketException) caught when processing request to {s}->https://repo.maven.apache.org:443: java.security.NoSuchAlgorithmException: Error constructing implementation (algorithm: Default, provider: SunJSSE, class: sun.security.ssl.SSLContextImpl$DefaultSSLContext)
2025-07-13 01:32:23,026 [Worker-63: Download sources and javadoc] INFO  o.a.http.impl.execchain.RetryExec - Retrying request to {s}->https://repo.maven.apache.org:443
2025-07-13 01:32:23,069 [Worker-63: Download sources and javadoc] INFO  o.e.m.c.i.e.AbstractTransferListenerAdapter - Downloaded https://repo.maven.apache.org/maven2/org/springframework/security/spring-security-web/6.4.2/spring-security-web-6.4.2-javadoc.jar
2025-07-13 01:32:23,071 [Worker-63: Download sources and javadoc] ERROR o.e.m.j.internal.DownloadSourcesJob - Could not download javadoc for org.springframework.security:spring-security-web:6.4.2
org.eclipse.core.runtime.CoreException: Could not resolve artifact org.springframework.security:spring-security-web:jar:javadoc:6.4.2
	at org.eclipse.m2e.core.internal.embedder.MavenImpl.lambda$7(MavenImpl.java:540)
	at org.eclipse.m2e.core.internal.embedder.MavenExecutionContext.executeBare(MavenExecutionContext.java:458)
	at org.eclipse.m2e.core.internal.embedder.MavenExecutionContext.execute(MavenExecutionContext.java:292)
	at org.eclipse.m2e.core.internal.embedder.MavenExecutionContext.execute(MavenExecutionContext.java:278)
	at org.eclipse.m2e.core.internal.embedder.MavenImpl.resolve(MavenImpl.java:509)
	at org.eclipse.m2e.core.internal.embedder.MavenImpl.resolve(MavenImpl.java:494)
	at org.eclipse.m2e.jdt.internal.DownloadSourcesJob.download(DownloadSourcesJob.java:308)
	at org.eclipse.m2e.jdt.internal.DownloadSourcesJob.downloadAttachments(DownloadSourcesJob.java:294)
	at org.eclipse.m2e.jdt.internal.DownloadSourcesJob.downloadMaven(DownloadSourcesJob.java:252)
	at org.eclipse.m2e.jdt.internal.DownloadSourcesJob.downloadFilesAndPopulateToUpdate(DownloadSourcesJob.java:220)
	at org.eclipse.m2e.jdt.internal.DownloadSourcesJob.lambda$0(DownloadSourcesJob.java:149)
	at org.eclipse.m2e.core.internal.embedder.MavenExecutionContext.executeBare(MavenExecutionContext.java:458)
	at org.eclipse.m2e.core.internal.embedder.MavenExecutionContext.execute(MavenExecutionContext.java:339)
	at org.eclipse.m2e.core.internal.embedder.MavenExecutionContext.execute(MavenExecutionContext.java:278)
	at org.eclipse.m2e.core.embedder.IMaven.execute(IMaven.java:300)
	at org.eclipse.m2e.jdt.internal.DownloadSourcesJob.run(DownloadSourcesJob.java:149)
	at org.eclipse.core.internal.jobs.Worker.run(Worker.java:63)
2025-07-13 01:32:23,112 [Worker-63: Download sources and javadoc] INFO  o.a.http.impl.execchain.RetryExec - I/O exception (java.net.SocketException) caught when processing request to {s}->https://repo.maven.apache.org:443: java.security.NoSuchAlgorithmException: Error constructing implementation (algorithm: Default, provider: SunJSSE, class: sun.security.ssl.SSLContextImpl$DefaultSSLContext)
2025-07-13 01:32:23,112 [Worker-63: Download sources and javadoc] INFO  o.a.http.impl.execchain.RetryExec - Retrying request to {s}->https://repo.maven.apache.org:443
2025-07-13 01:32:23,151 [Worker-63: Download sources and javadoc] INFO  o.a.http.impl.execchain.RetryExec - I/O exception (java.net.SocketException) caught when processing request to {s}->https://repo.maven.apache.org:443: java.security.NoSuchAlgorithmException: Error constructing implementation (algorithm: Default, provider: SunJSSE, class: sun.security.ssl.SSLContextImpl$DefaultSSLContext)
2025-07-13 01:32:23,151 [Worker-63: Download sources and javadoc] INFO  o.a.http.impl.execchain.RetryExec - Retrying request to {s}->https://repo.maven.apache.org:443
2025-07-13 01:32:23,188 [Worker-63: Download sources and javadoc] INFO  o.a.http.impl.execchain.RetryExec - I/O exception (java.net.SocketException) caught when processing request to {s}->https://repo.maven.apache.org:443: java.security.NoSuchAlgorithmException: Error constructing implementation (algorithm: Default, provider: SunJSSE, class: sun.security.ssl.SSLContextImpl$DefaultSSLContext)
2025-07-13 01:32:23,188 [Worker-63: Download sources and javadoc] INFO  o.a.http.impl.execchain.RetryExec - Retrying request to {s}->https://repo.maven.apache.org:443
2025-07-13 01:32:23,228 [Worker-63: Download sources and javadoc] INFO  o.e.m.c.i.e.AbstractTransferListenerAdapter - Downloaded https://repo.maven.apache.org/maven2/org/springframework/security/spring-security-config/6.4.2/spring-security-config-6.4.2-javadoc.jar
2025-07-13 01:32:23,230 [Worker-63: Download sources and javadoc] ERROR o.e.m.j.internal.DownloadSourcesJob - Could not download javadoc for org.springframework.security:spring-security-config:6.4.2
org.eclipse.core.runtime.CoreException: Could not resolve artifact org.springframework.security:spring-security-config:jar:javadoc:6.4.2
	at org.eclipse.m2e.core.internal.embedder.MavenImpl.lambda$7(MavenImpl.java:540)
	at org.eclipse.m2e.core.internal.embedder.MavenExecutionContext.executeBare(MavenExecutionContext.java:458)
	at org.eclipse.m2e.core.internal.embedder.MavenExecutionContext.execute(MavenExecutionContext.java:292)
	at org.eclipse.m2e.core.internal.embedder.MavenExecutionContext.execute(MavenExecutionContext.java:278)
	at org.eclipse.m2e.core.internal.embedder.MavenImpl.resolve(MavenImpl.java:509)
	at org.eclipse.m2e.core.internal.embedder.MavenImpl.resolve(MavenImpl.java:494)
	at org.eclipse.m2e.jdt.internal.DownloadSourcesJob.download(DownloadSourcesJob.java:308)
	at org.eclipse.m2e.jdt.internal.DownloadSourcesJob.downloadAttachments(DownloadSourcesJob.java:294)
	at org.eclipse.m2e.jdt.internal.DownloadSourcesJob.downloadMaven(DownloadSourcesJob.java:252)
	at org.eclipse.m2e.jdt.internal.DownloadSourcesJob.downloadFilesAndPopulateToUpdate(DownloadSourcesJob.java:220)
	at org.eclipse.m2e.jdt.internal.DownloadSourcesJob.lambda$0(DownloadSourcesJob.java:149)
	at org.eclipse.m2e.core.internal.embedder.MavenExecutionContext.executeBare(MavenExecutionContext.java:458)
	at org.eclipse.m2e.core.internal.embedder.MavenExecutionContext.execute(MavenExecutionContext.java:339)
	at org.eclipse.m2e.core.internal.embedder.MavenExecutionContext.execute(MavenExecutionContext.java:278)
	at org.eclipse.m2e.core.embedder.IMaven.execute(IMaven.java:300)
	at org.eclipse.m2e.jdt.internal.DownloadSourcesJob.run(DownloadSourcesJob.java:149)
	at org.eclipse.core.internal.jobs.Worker.run(Worker.java:63)
2025-07-13 01:34:38,736 [Worker-76: Updating Maven Project] INFO  o.e.m.c.i.p.ProjectConfigurationManager - Update started
2025-07-13 01:34:39,013 [Worker-76: Updating Maven Project] INFO  o.e.m.c.i.l.LifecycleMappingFactory - Using org.eclipse.m2e.jdt.JarLifecycleMapping lifecycle mapping for MavenProject: com.coderhouse:crud_proyecto:0.0.1-SNAPSHOT @ C:\Users\vespe\OneDrive\Escritorio\ProyectosPersonales\Curso-Coder-Java\proyecto-main\crud_proyecto\pom.xml.
2025-07-13 01:34:39,478 [Worker-76: Updating Maven Project] INFO  o.e.m.j.i.AbstractJavaProjectConfigurator - Adding source folder /crud_proyecto/src/main/java
2025-07-13 01:34:39,479 [Worker-76: Updating Maven Project] INFO  o.e.m.j.i.AbstractJavaProjectConfigurator - Adding resource folder /crud_proyecto/src/main/resources
2025-07-13 01:34:39,479 [Worker-76: Updating Maven Project] INFO  o.e.m.j.i.AbstractJavaProjectConfigurator - Adding resource folder /crud_proyecto/src/main/resources
2025-07-13 01:34:39,479 [Worker-76: Updating Maven Project] INFO  o.e.m.j.i.AbstractJavaProjectConfigurator - Adding source folder /crud_proyecto/src/test/java
2025-07-13 01:34:39,480 [Worker-76: Updating Maven Project] INFO  o.e.m.j.i.AbstractJavaProjectConfigurator - Adding resource folder /crud_proyecto/src/test/resources
2025-07-13 01:34:39,754 [Worker-76: Updating Maven Project] INFO  o.e.m.c.i.p.ProjectConfigurationManager - Update completed for 1 poms: local refresh takes 0.00 sec, refresh facades takes 0.00 sec, update config takes 0.00 sec 
2025-07-13 01:34:40,261 [Worker-72: Building] INFO  o.a.m.s.f.DefaultMavenResourcesFiltering - Copying 1 resource from src\main\resources to target\classes
2025-07-13 01:34:40,278 [Worker-72: Building] INFO  o.a.m.s.f.DefaultMavenResourcesFiltering - Copying 6 resources from src\main\resources to target\classes
2025-07-13 01:34:40,294 [Worker-72: Building] INFO  o.a.m.s.f.DefaultMavenResourcesFiltering - skip non existing resourceDirectory C:\Users\vespe\OneDrive\Escritorio\ProyectosPersonales\Curso-Coder-Java\proyecto-main\crud_proyecto\src\test\resources
2025-07-13 01:40:09,296 [Worker-62: Building] INFO  o.a.m.s.f.DefaultMavenResourcesFiltering - Copying 0 resource from src\main\resources to target\classes
2025-07-13 01:40:09,297 [Worker-62: Building] INFO  o.a.m.s.f.DefaultMavenResourcesFiltering - Copying 0 resource from src\main\resources to target\classes
2025-07-13 01:40:09,302 [Worker-62: Building] INFO  o.a.m.s.f.DefaultMavenResourcesFiltering - skip non existing resourceDirectory C:\Users\vespe\OneDrive\Escritorio\ProyectosPersonales\Curso-Coder-Java\proyecto-main\crud_proyecto\src\test\resources
2025-07-13 01:40:43,753 [Worker-61: Building] INFO  o.e.m.c.i.l.LifecycleMappingFactory - Using org.eclipse.m2e.jdt.JarLifecycleMapping lifecycle mapping for MavenProject: com.coderhouse:crud_proyecto:0.0.1-SNAPSHOT @ C:\Users\vespe\OneDrive\Escritorio\ProyectosPersonales\Curso-Coder-Java\proyecto-main\crud_proyecto\pom.xml.
2025-07-13 01:40:44,302 [Worker-61: Building] INFO  o.a.m.s.f.DefaultMavenResourcesFiltering - Copying 0 resource from src\main\resources to target\classes
2025-07-13 01:40:44,303 [Worker-61: Building] INFO  o.a.m.s.f.DefaultMavenResourcesFiltering - Copying 0 resource from src\main\resources to target\classes
2025-07-13 01:40:44,307 [Worker-61: Building] INFO  o.a.m.s.f.DefaultMavenResourcesFiltering - skip non existing resourceDirectory C:\Users\vespe\OneDrive\Escritorio\ProyectosPersonales\Curso-Coder-Java\proyecto-main\crud_proyecto\src\test\resources
2025-07-13 01:40:46,111 [Worker-54: Building] INFO  o.a.m.s.f.DefaultMavenResourcesFiltering - Copying 1 resource from src\main\resources to target\classes
2025-07-13 01:40:46,122 [Worker-54: Building] INFO  o.a.m.s.f.DefaultMavenResourcesFiltering - Copying 5 resources from src\main\resources to target\classes
2025-07-13 01:40:46,135 [Worker-54: Building] INFO  o.a.m.s.f.DefaultMavenResourcesFiltering - skip non existing resourceDirectory C:\Users\vespe\OneDrive\Escritorio\ProyectosPersonales\Curso-Coder-Java\proyecto-main\crud_proyecto\src\test\resources
2025-07-15 01:20:56,173 [Worker-2: Loading available Gradle versions] INFO  o.e.b.c.i.u.g.PublishedGradleVersions - Gradle version information cache is out-of-date. Trying to update.
2025-07-15 01:20:57,387 [Worker-2: Loading available Gradle versions] INFO  o.e.b.c.i.u.g.PublishedGradleVersions - Updating Gradle version information cache failed. Using outdated cache.
2025-07-15 01:21:14,183 [Worker-8: Deferred Early Start] INFO  o.a.h.c.h.i.c.HttpRequestRetryExec - Recoverable I/O exception (java.net.SocketException) caught when processing request to {s}->https://www.eclipse.org:443
2025-07-16 00:34:42,164 [Worker-158: Building] INFO  o.a.m.s.f.DefaultMavenResourcesFiltering - Copying 1 resource from src\main\resources to target\classes
2025-07-16 00:34:42,221 [Worker-158: Building] INFO  o.a.m.s.f.DefaultMavenResourcesFiltering - Copying 5 resources from src\main\resources to target\classes
2025-07-16 00:34:42,258 [Worker-158: Building] INFO  o.a.m.s.f.DefaultMavenResourcesFiltering - skip non existing resourceDirectory C:\Users\vespe\OneDrive\Escritorio\ProyectosPersonales\Curso-Coder-Java\proyecto-main\crud_proyecto\src\test\resources
2025-07-16 00:34:44,639 [Worker-159: Building] INFO  o.a.m.s.f.DefaultMavenResourcesFiltering - Copying 0 resource from src\main\resources to target\classes
2025-07-16 00:34:44,642 [Worker-159: Building] INFO  o.a.m.s.f.DefaultMavenResourcesFiltering - Copying 4 resources from src\main\resources to target\classes
2025-07-16 00:34:44,647 [Worker-159: Building] INFO  o.a.m.s.f.DefaultMavenResourcesFiltering - skip non existing resourceDirectory C:\Users\vespe\OneDrive\Escritorio\ProyectosPersonales\Curso-Coder-Java\proyecto-main\crud_proyecto\src\test\resources
2025-07-16 00:34:58,506 [Worker-157: Building] INFO  o.a.m.s.f.DefaultMavenResourcesFiltering - Copying 0 resource from src\main\resources to target\classes
2025-07-16 00:34:58,508 [Worker-157: Building] INFO  o.a.m.s.f.DefaultMavenResourcesFiltering - Copying 1 resource from src\main\resources to target\classes
2025-07-16 00:34:58,513 [Worker-157: Building] INFO  o.a.m.s.f.DefaultMavenResourcesFiltering - skip non existing resourceDirectory C:\Users\vespe\OneDrive\Escritorio\ProyectosPersonales\Curso-Coder-Java\proyecto-main\crud_proyecto\src\test\resources
2025-07-16 00:55:42,574 [Worker-150: Building] INFO  o.a.m.s.f.DefaultMavenResourcesFiltering - Copying 1 resource from src\main\resources to target\classes
2025-07-16 00:55:42,597 [Worker-150: Building] INFO  o.a.m.s.f.DefaultMavenResourcesFiltering - Copying 6 resources from src\main\resources to target\classes
2025-07-16 00:55:42,601 [Worker-150: Building] INFO  o.a.m.s.f.DefaultMavenResourcesFiltering - skip non existing resourceDirectory C:\Users\vespe\OneDrive\Escritorio\ProyectosPersonales\Curso-Coder-Java\proyecto-main\crud_proyecto\src\test\resources
2025-07-16 00:55:43,476 [Worker-150: https://marketplace.eclipse.org/category/free-tagging/fileExtension_WebSecurityConfig/api/p?client=org.eclipse.epp.mpc.core&os=win32&platform.version=4.34] INFO  o.a.h.c.h.i.c.HttpRequestRetryExec - Recoverable I/O exception (java.net.SocketException) caught when processing request to {s}->https://marketplace.eclipse.org:443
2025-07-16 00:55:43,851 [Worker-157: https://marketplace.eclipse.org/category/free-tagging/fileExtension_WebSecurityConfig/api/p?client=org.eclipse.epp.mpc.core&os=win32&platform.version=4.34] INFO  o.a.h.c.h.i.c.HttpRequestRetryExec - Recoverable I/O exception (java.net.SocketException) caught when processing request to {s}->https://marketplace.eclipse.org:443
2025-07-16 00:56:04,297 [Worker-158: Building] INFO  o.a.m.s.f.DefaultMavenResourcesFiltering - Copying 1 resource from src\main\resources to target\classes
2025-07-16 00:56:04,315 [Worker-158: Building] INFO  o.a.m.s.f.DefaultMavenResourcesFiltering - Copying 6 resources from src\main\resources to target\classes
2025-07-16 00:56:04,323 [Worker-158: Building] INFO  o.a.m.s.f.DefaultMavenResourcesFiltering - skip non existing resourceDirectory C:\Users\vespe\OneDrive\Escritorio\ProyectosPersonales\Curso-Coder-Java\proyecto-main\crud_proyecto\src\test\resources
2025-07-16 00:56:25,237 [Worker-159: Building] INFO  o.a.m.s.f.DefaultMavenResourcesFiltering - Copying 1 resource from src\main\resources to target\classes
2025-07-16 00:56:25,245 [Worker-159: Building] INFO  o.a.m.s.f.DefaultMavenResourcesFiltering - Copying 6 resources from src\main\resources to target\classes
2025-07-16 00:56:25,249 [Worker-159: Building] INFO  o.a.m.s.f.DefaultMavenResourcesFiltering - skip non existing resourceDirectory C:\Users\vespe\OneDrive\Escritorio\ProyectosPersonales\Curso-Coder-Java\proyecto-main\crud_proyecto\src\test\resources
2025-07-16 01:00:02,050 [Worker-150: Building] INFO  o.a.m.s.f.DefaultMavenResourcesFiltering - Copying 1 resource from src\main\resources to target\classes
2025-07-16 01:00:02,055 [Worker-150: Building] INFO  o.a.m.s.f.DefaultMavenResourcesFiltering - Copying 6 resources from src\main\resources to target\classes
2025-07-16 01:00:02,060 [Worker-150: Building] INFO  o.a.m.s.f.DefaultMavenResourcesFiltering - skip non existing resourceDirectory C:\Users\vespe\OneDrive\Escritorio\ProyectosPersonales\Curso-Coder-Java\proyecto-main\crud_proyecto\src\test\resources
2025-07-16 01:00:42,397 [Worker-157: Building] INFO  o.a.m.s.f.DefaultMavenResourcesFiltering - Copying 1 resource from src\main\resources to target\classes
2025-07-16 01:00:42,401 [Worker-157: Building] INFO  o.a.m.s.f.DefaultMavenResourcesFiltering - Copying 6 resources from src\main\resources to target\classes
2025-07-16 01:00:42,405 [Worker-157: Building] INFO  o.a.m.s.f.DefaultMavenResourcesFiltering - skip non existing resourceDirectory C:\Users\vespe\OneDrive\Escritorio\ProyectosPersonales\Curso-Coder-Java\proyecto-main\crud_proyecto\src\test\resources
2025-07-18 00:20:53,763 [Worker-1: Loading available Gradle versions] INFO  o.e.b.c.i.u.g.PublishedGradleVersions - Gradle version information cache is out-of-date. Trying to update.
2025-07-18 00:20:54,200 [Worker-1: Loading available Gradle versions] INFO  o.e.b.c.i.u.g.PublishedGradleVersions - Updating Gradle version information cache failed. Using outdated cache.
2025-07-18 00:21:00,848 [Worker-9: Deferred Early Start] INFO  o.a.h.c.h.i.c.HttpRequestRetryExec - Recoverable I/O exception (java.net.SocketException) caught when processing request to {s}->https://www.eclipse.org:443
2025-07-18 10:43:25,282 [Worker-6: Loading available Gradle versions] INFO  o.e.b.c.i.u.g.PublishedGradleVersions - Gradle version information cache is out-of-date. Trying to update.
2025-07-18 10:43:26,257 [Worker-6: Loading available Gradle versions] INFO  o.e.b.c.i.u.g.PublishedGradleVersions - Updating Gradle version information cache failed. Using outdated cache.
2025-07-19 00:00:58,116 [Worker-58: Building] INFO  o.a.m.s.f.DefaultMavenResourcesFiltering - Copying 1 resource from src\main\resources to target\classes
2025-07-19 00:00:58,220 [Worker-58: Building] INFO  o.a.m.s.f.DefaultMavenResourcesFiltering - Copying 6 resources from src\main\resources to target\classes
2025-07-19 00:00:58,285 [Worker-58: Building] INFO  o.a.m.s.f.DefaultMavenResourcesFiltering - skip non existing resourceDirectory C:\Users\vespe\OneDrive\Escritorio\ProyectosPersonales\Curso-Coder-Java\proyecto-main\crud_proyecto\src\test\resources
2025-07-19 22:07:22,644 [Worker-5: Loading available Gradle versions] INFO  o.e.b.c.i.u.g.PublishedGradleVersions - Gradle version information cache is out-of-date. Trying to update.
2025-07-19 22:07:23,166 [Worker-5: Loading available Gradle versions] INFO  o.e.b.c.i.u.g.PublishedGradleVersions - Updating Gradle version information cache failed. Using outdated cache.
2025-07-19 22:07:28,942 [Worker-18: Deferred Early Start] INFO  o.a.h.c.h.i.c.HttpRequestRetryExec - Recoverable I/O exception (java.net.SocketException) caught when processing request to {s}->https://www.eclipse.org:443
2025-07-19 22:13:23,983 [Worker-45: Building] INFO  o.e.m.c.i.l.LifecycleMappingFactory - Using org.eclipse.m2e.jdt.JarLifecycleMapping lifecycle mapping for MavenProject: com.coderhouse:crud_proyecto:0.0.1-SNAPSHOT @ C:\Users\vespe\OneDrive\Escritorio\ProyectosPersonales\Curso-Coder-Java\Workspace-Temp\Thymeleaf_CRUD\pom.xml.
2025-07-19 22:13:26,169 [Worker-45: Building] INFO  o.a.m.s.f.DefaultMavenResourcesFiltering - Copying 1 resource from src\main\resources to target\classes
2025-07-19 22:13:26,187 [Worker-45: Building] INFO  o.a.m.s.f.DefaultMavenResourcesFiltering - Copying 6 resources from src\main\resources to target\classes
2025-07-19 22:13:26,197 [Worker-45: Building] INFO  o.a.m.s.f.DefaultMavenResourcesFiltering - skip non existing resourceDirectory C:\Users\vespe\OneDrive\Escritorio\ProyectosPersonales\Curso-Coder-Java\Workspace-Temp\Thymeleaf_CRUD\src\test\resources
2025-07-19 22:13:27,361 [Worker-26: Building] INFO  o.a.m.s.f.DefaultMavenResourcesFiltering - Copying 1 resource from src\main\resources to target\classes
2025-07-19 22:13:27,365 [Worker-26: Building] INFO  o.a.m.s.f.DefaultMavenResourcesFiltering - Copying 6 resources from src\main\resources to target\classes
2025-07-19 22:13:27,395 [Worker-26: Building] INFO  o.a.m.s.f.DefaultMavenResourcesFiltering - skip non existing resourceDirectory C:\Users\vespe\OneDrive\Escritorio\ProyectosPersonales\Curso-Coder-Java\Workspace-Temp\Thymeleaf_CRUD\src\test\resources
2025-07-19 22:36:03,385 [Worker-51: Updating Maven Project] INFO  o.e.m.c.i.p.ProjectConfigurationManager - Update started
2025-07-19 22:36:04,142 [Worker-51: Updating Maven Project] INFO  o.e.m.c.i.l.LifecycleMappingFactory - Using org.eclipse.m2e.jdt.JarLifecycleMapping lifecycle mapping for MavenProject: com.coderhouse:crud_proyecto:0.0.1-SNAPSHOT @ C:\Users\vespe\OneDrive\Escritorio\ProyectosPersonales\Curso-Coder-Java\proyecto-main\crud_proyecto\pom.xml.
2025-07-19 22:36:04,700 [Worker-51: Updating Maven Project] INFO  o.e.m.c.i.l.LifecycleMappingFactory - Using org.eclipse.m2e.jdt.JarLifecycleMapping lifecycle mapping for MavenProject: com.coderhouse:crud_proyecto:0.0.1-SNAPSHOT @ C:\Users\vespe\OneDrive\Escritorio\ProyectosPersonales\Curso-Coder-Java\Workspace-Temp\Thymeleaf_CRUD\pom.xml.
2025-07-19 22:36:05,333 [Worker-51: Updating Maven Project] INFO  o.e.m.j.i.AbstractJavaProjectConfigurator - Adding source folder /crud_proyecto/src/main/java
2025-07-19 22:36:05,335 [Worker-51: Updating Maven Project] INFO  o.e.m.j.i.AbstractJavaProjectConfigurator - Adding resource folder /crud_proyecto/src/main/resources
2025-07-19 22:36:05,337 [Worker-51: Updating Maven Project] INFO  o.e.m.j.i.AbstractJavaProjectConfigurator - Adding resource folder /crud_proyecto/src/main/resources
2025-07-19 22:36:05,338 [Worker-51: Updating Maven Project] INFO  o.e.m.j.i.AbstractJavaProjectConfigurator - Adding source folder /crud_proyecto/src/test/java
2025-07-19 22:36:05,339 [Worker-51: Updating Maven Project] INFO  o.e.m.j.i.AbstractJavaProjectConfigurator - Adding resource folder /crud_proyecto/src/test/resources
2025-07-19 22:36:05,730 [Worker-51: Updating Maven Project] INFO  o.e.m.j.i.AbstractJavaProjectConfigurator - Adding source folder /Thymeleaf_CRUD/src/main/java
2025-07-19 22:36:05,731 [Worker-51: Updating Maven Project] INFO  o.e.m.j.i.AbstractJavaProjectConfigurator - Adding resource folder /Thymeleaf_CRUD/src/main/resources
2025-07-19 22:36:05,732 [Worker-51: Updating Maven Project] INFO  o.e.m.j.i.AbstractJavaProjectConfigurator - Adding resource folder /Thymeleaf_CRUD/src/main/resources
2025-07-19 22:36:05,732 [Worker-51: Updating Maven Project] INFO  o.e.m.j.i.AbstractJavaProjectConfigurator - Adding source folder /Thymeleaf_CRUD/src/test/java
2025-07-19 22:36:05,733 [Worker-51: Updating Maven Project] INFO  o.e.m.j.i.AbstractJavaProjectConfigurator - Adding resource folder /Thymeleaf_CRUD/src/test/resources
2025-07-19 22:36:06,301 [Worker-51: Updating Maven Project] INFO  o.e.m.c.i.p.ProjectConfigurationManager - Update completed for 2 poms: local refresh takes 0.00 sec, refresh facades takes 1.00 sec, update config takes 0.00 sec 
2025-07-19 22:36:07,130 [Worker-51: Building] INFO  o.a.m.s.f.DefaultMavenResourcesFiltering - Copying 1 resource from src\main\resources to target\classes
2025-07-19 22:36:07,144 [Worker-51: Building] INFO  o.a.m.s.f.DefaultMavenResourcesFiltering - Copying 6 resources from src\main\resources to target\classes
2025-07-19 22:36:07,161 [Worker-51: Building] INFO  o.a.m.s.f.DefaultMavenResourcesFiltering - skip non existing resourceDirectory C:\Users\vespe\OneDrive\Escritorio\ProyectosPersonales\Curso-Coder-Java\Workspace-Temp\Thymeleaf_CRUD\src\test\resources
2025-07-19 22:36:08,013 [Worker-55: Building] INFO  o.a.m.s.f.DefaultMavenResourcesFiltering - Copying 1 resource from src\main\resources to target\classes
2025-07-19 22:36:08,042 [Worker-55: Building] INFO  o.a.m.s.f.DefaultMavenResourcesFiltering - Copying 6 resources from src\main\resources to target\classes
2025-07-19 22:36:08,058 [Worker-55: Building] INFO  o.a.m.s.f.DefaultMavenResourcesFiltering - skip non existing resourceDirectory C:\Users\vespe\OneDrive\Escritorio\ProyectosPersonales\Curso-Coder-Java\proyecto-main\crud_proyecto\src\test\resources
2025-07-19 22:48:47,683 [Worker-61: Git Repository Change Scanner] WARN  org.eclipse.jgit.lib.Repository - close() called when useCnt is already zero for Repository[C:\Users\vespe\git\repository\.git]
2025-07-19 22:51:44,035 [Worker-64: Building] INFO  o.a.m.s.f.DefaultMavenResourcesFiltering - Copying 1 resource from src\main\resources to target\classes
2025-07-19 22:51:44,042 [Worker-64: Building] INFO  o.a.m.s.f.DefaultMavenResourcesFiltering - Copying 6 resources from src\main\resources to target\classes
2025-07-19 22:51:44,048 [Worker-64: Building] INFO  o.a.m.s.f.DefaultMavenResourcesFiltering - skip non existing resourceDirectory C:\Users\vespe\OneDrive\Escritorio\ProyectosPersonales\Curso-Coder-Java\proyecto-main\crud_proyecto\src\test\resources
2025-07-19 22:56:57,709 [Worker-60: Building] INFO  o.a.m.s.f.DefaultMavenResourcesFiltering - Copying 1 resource from src\main\resources to target\classes
2025-07-19 22:56:57,718 [Worker-60: Building] INFO  o.a.m.s.f.DefaultMavenResourcesFiltering - Copying 6 resources from src\main\resources to target\classes
2025-07-19 22:56:57,724 [Worker-60: Building] INFO  o.a.m.s.f.DefaultMavenResourcesFiltering - skip non existing resourceDirectory C:\Users\vespe\OneDrive\Escritorio\ProyectosPersonales\Curso-Coder-Java\proyecto-main\crud_proyecto\src\test\resources
2025-07-19 22:57:19,777 [Framework stop - Equinox Container: 4f8d1d51-0184-40e3-b819-32bb59833237] WARN  org.eclipse.jgit.lib.Repository - close() called when useCnt is already zero for Repository[C:\Users\vespe\OneDrive\Escritorio\ProyectosPersonales\Curso-Coder-Java\Workspace-Temp\crud_proyecto\ProjectFinal\.git]
2025-07-20 00:23:52,102 [Worker-0: Loading available Gradle versions] INFO  o.e.b.c.i.u.g.PublishedGradleVersions - Gradle version information cache is out-of-date. Trying to update.
2025-07-20 00:23:53,404 [Worker-0: Loading available Gradle versions] INFO  o.e.b.c.i.u.g.PublishedGradleVersions - Updating Gradle version information cache failed. Using outdated cache.
2025-07-20 00:24:00,609 [Worker-7: Deferred Early Start] INFO  o.a.h.c.h.i.c.HttpRequestRetryExec - Recoverable I/O exception (java.net.SocketException) caught when processing request to {s}->https://www.eclipse.org:443
2025-07-20 00:33:25,993 [Worker-40: Building] INFO  o.a.m.s.f.DefaultMavenResourcesFiltering - Copying 1 resource from src\main\resources to target\classes
2025-07-20 00:33:26,020 [Worker-40: Building] INFO  o.a.m.s.f.DefaultMavenResourcesFiltering - Copying 6 resources from src\main\resources to target\classes
2025-07-20 00:33:26,037 [Worker-40: Building] INFO  o.a.m.s.f.DefaultMavenResourcesFiltering - skip non existing resourceDirectory C:\Users\vespe\OneDrive\Escritorio\ProyectosPersonales\Curso-Coder-Java\proyecto-main\crud_proyecto\src\test\resources
2025-07-20 00:37:32,457 [Worker-40: Building] INFO  o.a.m.s.f.DefaultMavenResourcesFiltering - Copying 1 resource from src\main\resources to target\classes
2025-07-20 00:37:32,466 [Worker-40: Building] INFO  o.a.m.s.f.DefaultMavenResourcesFiltering - Copying 7 resources from src\main\resources to target\classes
2025-07-20 00:37:32,471 [Worker-40: Building] INFO  o.a.m.s.f.DefaultMavenResourcesFiltering - skip non existing resourceDirectory C:\Users\vespe\OneDrive\Escritorio\ProyectosPersonales\Curso-Coder-Java\proyecto-main\crud_proyecto\src\test\resources
2025-07-20 00:38:13,454 [Worker-46: Building] INFO  o.a.m.s.f.DefaultMavenResourcesFiltering - Copying 1 resource from src\main\resources to target\classes
2025-07-20 00:38:13,462 [Worker-46: Building] INFO  o.a.m.s.f.DefaultMavenResourcesFiltering - Copying 7 resources from src\main\resources to target\classes
2025-07-20 00:38:13,466 [Worker-46: Building] INFO  o.a.m.s.f.DefaultMavenResourcesFiltering - skip non existing resourceDirectory C:\Users\vespe\OneDrive\Escritorio\ProyectosPersonales\Curso-Coder-Java\proyecto-main\crud_proyecto\src\test\resources
2025-07-20 00:39:21,532 [Worker-46: Building] INFO  o.a.m.s.f.DefaultMavenResourcesFiltering - Copying 1 resource from src\main\resources to target\classes
2025-07-20 00:39:21,538 [Worker-46: Building] INFO  o.a.m.s.f.DefaultMavenResourcesFiltering - Copying 7 resources from src\main\resources to target\classes
2025-07-20 00:39:21,543 [Worker-46: Building] INFO  o.a.m.s.f.DefaultMavenResourcesFiltering - skip non existing resourceDirectory C:\Users\vespe\OneDrive\Escritorio\ProyectosPersonales\Curso-Coder-Java\proyecto-main\crud_proyecto\src\test\resources
2025-07-20 00:39:38,338 [Worker-45: Building] INFO  o.a.m.s.f.DefaultMavenResourcesFiltering - Copying 1 resource from src\main\resources to target\classes
2025-07-20 00:39:38,346 [Worker-45: Building] INFO  o.a.m.s.f.DefaultMavenResourcesFiltering - Copying 7 resources from src\main\resources to target\classes
2025-07-20 00:39:38,351 [Worker-45: Building] INFO  o.a.m.s.f.DefaultMavenResourcesFiltering - skip non existing resourceDirectory C:\Users\vespe\OneDrive\Escritorio\ProyectosPersonales\Curso-Coder-Java\proyecto-main\crud_proyecto\src\test\resources
2025-07-20 00:41:11,755 [Worker-45: Building] INFO  o.a.m.s.f.DefaultMavenResourcesFiltering - Copying 1 resource from src\main\resources to target\classes
2025-07-20 00:41:11,761 [Worker-45: Building] INFO  o.a.m.s.f.DefaultMavenResourcesFiltering - Copying 7 resources from src\main\resources to target\classes
2025-07-20 00:41:11,765 [Worker-45: Building] INFO  o.a.m.s.f.DefaultMavenResourcesFiltering - skip non existing resourceDirectory C:\Users\vespe\OneDrive\Escritorio\ProyectosPersonales\Curso-Coder-Java\proyecto-main\crud_proyecto\src\test\resources
2025-07-20 00:41:32,347 [Worker-40: Building] INFO  o.a.m.s.f.DefaultMavenResourcesFiltering - Copying 1 resource from src\main\resources to target\classes
2025-07-20 00:41:32,352 [Worker-40: Building] INFO  o.a.m.s.f.DefaultMavenResourcesFiltering - Copying 7 resources from src\main\resources to target\classes
2025-07-20 00:41:32,362 [Worker-40: Building] INFO  o.a.m.s.f.DefaultMavenResourcesFiltering - skip non existing resourceDirectory C:\Users\vespe\OneDrive\Escritorio\ProyectosPersonales\Curso-Coder-Java\proyecto-main\crud_proyecto\src\test\resources
2025-07-20 00:48:00,989 [Worker-43: Building] INFO  o.a.m.s.f.DefaultMavenResourcesFiltering - Copying 1 resource from src\main\resources to target\classes
2025-07-20 00:48:01,000 [Worker-43: Building] INFO  o.a.m.s.f.DefaultMavenResourcesFiltering - Copying 7 resources from src\main\resources to target\classes
2025-07-20 00:48:01,012 [Worker-43: Building] INFO  o.a.m.s.f.DefaultMavenResourcesFiltering - skip non existing resourceDirectory C:\Users\vespe\OneDrive\Escritorio\ProyectosPersonales\Curso-Coder-Java\proyecto-main\crud_proyecto\src\test\resources
2025-07-20 00:48:03,199 [Worker-42: Building] INFO  o.a.m.s.f.DefaultMavenResourcesFiltering - Copying 1 resource from src\main\resources to target\classes
2025-07-20 00:48:03,206 [Worker-42: Building] INFO  o.a.m.s.f.DefaultMavenResourcesFiltering - Copying 7 resources from src\main\resources to target\classes
2025-07-20 00:48:03,213 [Worker-42: Building] INFO  o.a.m.s.f.DefaultMavenResourcesFiltering - skip non existing resourceDirectory C:\Users\vespe\OneDrive\Escritorio\ProyectosPersonales\Curso-Coder-Java\proyecto-main\crud_proyecto\src\test\resources
2025-07-20 00:57:17,738 [Worker-48: Building] INFO  o.a.m.s.f.DefaultMavenResourcesFiltering - Copying 1 resource from src\main\resources to target\classes
2025-07-20 00:57:17,746 [Worker-48: Building] INFO  o.a.m.s.f.DefaultMavenResourcesFiltering - Copying 7 resources from src\main\resources to target\classes
2025-07-20 00:57:17,754 [Worker-48: Building] INFO  o.a.m.s.f.DefaultMavenResourcesFiltering - skip non existing resourceDirectory C:\Users\vespe\OneDrive\Escritorio\ProyectosPersonales\Curso-Coder-Java\proyecto-main\crud_proyecto\src\test\resources
2025-07-20 00:57:56,189 [Worker-37: Building] INFO  o.a.m.s.f.DefaultMavenResourcesFiltering - Copying 1 resource from src\main\resources to target\classes
2025-07-20 00:57:56,194 [Worker-37: Building] INFO  o.a.m.s.f.DefaultMavenResourcesFiltering - Copying 7 resources from src\main\resources to target\classes
2025-07-20 00:57:56,199 [Worker-37: Building] INFO  o.a.m.s.f.DefaultMavenResourcesFiltering - skip non existing resourceDirectory C:\Users\vespe\OneDrive\Escritorio\ProyectosPersonales\Curso-Coder-Java\proyecto-main\crud_proyecto\src\test\resources
2025-07-20 00:58:25,606 [Worker-43: Building] INFO  o.a.m.s.f.DefaultMavenResourcesFiltering - Copying 1 resource from src\main\resources to target\classes
2025-07-20 00:58:25,612 [Worker-43: Building] INFO  o.a.m.s.f.DefaultMavenResourcesFiltering - Copying 7 resources from src\main\resources to target\classes
2025-07-20 00:58:25,617 [Worker-43: Building] INFO  o.a.m.s.f.DefaultMavenResourcesFiltering - skip non existing resourceDirectory C:\Users\vespe\OneDrive\Escritorio\ProyectosPersonales\Curso-Coder-Java\proyecto-main\crud_proyecto\src\test\resources
2025-07-20 01:08:07,445 [Worker-52: Building] INFO  o.a.m.s.f.DefaultMavenResourcesFiltering - Copying 1 resource from src\main\resources to target\classes
2025-07-20 01:08:07,451 [Worker-52: Building] INFO  o.a.m.s.f.DefaultMavenResourcesFiltering - Copying 7 resources from src\main\resources to target\classes
2025-07-20 01:08:07,456 [Worker-52: Building] INFO  o.a.m.s.f.DefaultMavenResourcesFiltering - skip non existing resourceDirectory C:\Users\vespe\OneDrive\Escritorio\ProyectosPersonales\Curso-Coder-Java\proyecto-main\crud_proyecto\src\test\resources
2025-07-20 01:08:58,148 [Worker-47: Building] INFO  o.a.m.s.f.DefaultMavenResourcesFiltering - Copying 1 resource from src\main\resources to target\classes
2025-07-20 01:08:58,153 [Worker-47: Building] INFO  o.a.m.s.f.DefaultMavenResourcesFiltering - Copying 7 resources from src\main\resources to target\classes
2025-07-20 01:08:58,157 [Worker-47: Building] INFO  o.a.m.s.f.DefaultMavenResourcesFiltering - skip non existing resourceDirectory C:\Users\vespe\OneDrive\Escritorio\ProyectosPersonales\Curso-Coder-Java\proyecto-main\crud_proyecto\src\test\resources
2025-07-20 01:09:59,974 [Worker-47: Building] INFO  o.a.m.s.f.DefaultMavenResourcesFiltering - Copying 0 resource from src\main\resources to target\classes
2025-07-20 01:09:59,977 [Worker-47: Building] INFO  o.a.m.s.f.DefaultMavenResourcesFiltering - Copying 1 resource from src\main\resources to target\classes
2025-07-20 01:09:59,983 [Worker-47: Building] INFO  o.a.m.s.f.DefaultMavenResourcesFiltering - skip non existing resourceDirectory C:\Users\vespe\OneDrive\Escritorio\ProyectosPersonales\Curso-Coder-Java\proyecto-main\crud_proyecto\src\test\resources
2025-07-20 01:10:06,709 [Worker-37: Building] INFO  o.a.m.s.f.DefaultMavenResourcesFiltering - Copying 0 resource from src\main\resources to target\classes
2025-07-20 01:10:06,713 [Worker-37: Building] INFO  o.a.m.s.f.DefaultMavenResourcesFiltering - Copying 1 resource from src\main\resources to target\classes
2025-07-20 01:10:06,718 [Worker-37: Building] INFO  o.a.m.s.f.DefaultMavenResourcesFiltering - skip non existing resourceDirectory C:\Users\vespe\OneDrive\Escritorio\ProyectosPersonales\Curso-Coder-Java\proyecto-main\crud_proyecto\src\test\resources
2025-07-20 01:10:13,189 [Worker-52: Building] INFO  o.a.m.s.f.DefaultMavenResourcesFiltering - Copying 0 resource from src\main\resources to target\classes
2025-07-20 01:10:13,193 [Worker-52: Building] INFO  o.a.m.s.f.DefaultMavenResourcesFiltering - Copying 1 resource from src\main\resources to target\classes
2025-07-20 01:10:13,199 [Worker-52: Building] INFO  o.a.m.s.f.DefaultMavenResourcesFiltering - skip non existing resourceDirectory C:\Users\vespe\OneDrive\Escritorio\ProyectosPersonales\Curso-Coder-Java\proyecto-main\crud_proyecto\src\test\resources
2025-07-20 01:10:40,708 [Worker-51: Building] INFO  o.a.m.s.f.DefaultMavenResourcesFiltering - Copying 0 resource from src\main\resources to target\classes
2025-07-20 01:10:40,710 [Worker-51: Building] INFO  o.a.m.s.f.DefaultMavenResourcesFiltering - Copying 1 resource from src\main\resources to target\classes
2025-07-20 01:10:40,716 [Worker-51: Building] INFO  o.a.m.s.f.DefaultMavenResourcesFiltering - skip non existing resourceDirectory C:\Users\vespe\OneDrive\Escritorio\ProyectosPersonales\Curso-Coder-Java\proyecto-main\crud_proyecto\src\test\resources
2025-07-20 01:10:46,643 [Worker-47: Building] INFO  o.a.m.s.f.DefaultMavenResourcesFiltering - Copying 0 resource from src\main\resources to target\classes
2025-07-20 01:10:46,645 [Worker-47: Building] INFO  o.a.m.s.f.DefaultMavenResourcesFiltering - Copying 1 resource from src\main\resources to target\classes
2025-07-20 01:10:46,650 [Worker-47: Building] INFO  o.a.m.s.f.DefaultMavenResourcesFiltering - skip non existing resourceDirectory C:\Users\vespe\OneDrive\Escritorio\ProyectosPersonales\Curso-Coder-Java\proyecto-main\crud_proyecto\src\test\resources
2025-07-20 01:10:59,402 [Worker-52: Building] INFO  o.a.m.s.f.DefaultMavenResourcesFiltering - Copying 0 resource from src\main\resources to target\classes
2025-07-20 01:10:59,404 [Worker-52: Building] INFO  o.a.m.s.f.DefaultMavenResourcesFiltering - Copying 0 resource from src\main\resources to target\classes
2025-07-20 01:10:59,409 [Worker-52: Building] INFO  o.a.m.s.f.DefaultMavenResourcesFiltering - skip non existing resourceDirectory C:\Users\vespe\OneDrive\Escritorio\ProyectosPersonales\Curso-Coder-Java\proyecto-main\crud_proyecto\src\test\resources
2025-07-20 01:11:12,622 [Worker-53: Building] INFO  o.a.m.s.f.DefaultMavenResourcesFiltering - Copying 0 resource from src\main\resources to target\classes
2025-07-20 01:11:12,628 [Worker-53: Building] INFO  o.a.m.s.f.DefaultMavenResourcesFiltering - Copying 1 resource from src\main\resources to target\classes
2025-07-20 01:11:12,635 [Worker-53: Building] INFO  o.a.m.s.f.DefaultMavenResourcesFiltering - skip non existing resourceDirectory C:\Users\vespe\OneDrive\Escritorio\ProyectosPersonales\Curso-Coder-Java\proyecto-main\crud_proyecto\src\test\resources
2025-07-20 01:11:17,355 [Worker-49: Building] INFO  o.a.m.s.f.DefaultMavenResourcesFiltering - Copying 0 resource from src\main\resources to target\classes
2025-07-20 01:11:17,357 [Worker-49: Building] INFO  o.a.m.s.f.DefaultMavenResourcesFiltering - Copying 1 resource from src\main\resources to target\classes
2025-07-20 01:11:17,363 [Worker-49: Building] INFO  o.a.m.s.f.DefaultMavenResourcesFiltering - skip non existing resourceDirectory C:\Users\vespe\OneDrive\Escritorio\ProyectosPersonales\Curso-Coder-Java\proyecto-main\crud_proyecto\src\test\resources
2025-07-20 01:27:57,774 [Worker-58: Building] INFO  o.a.m.s.f.DefaultMavenResourcesFiltering - Copying 0 resource from src\main\resources to target\classes
2025-07-20 01:27:57,775 [Worker-58: Building] INFO  o.a.m.s.f.DefaultMavenResourcesFiltering - Copying 1 resource from src\main\resources to target\classes
2025-07-20 01:27:57,782 [Worker-58: Building] INFO  o.a.m.s.f.DefaultMavenResourcesFiltering - skip non existing resourceDirectory C:\Users\vespe\OneDrive\Escritorio\ProyectosPersonales\Curso-Coder-Java\proyecto-main\crud_proyecto\src\test\resources
2025-07-20 01:28:10,203 [Worker-58: Building] INFO  o.a.m.s.f.DefaultMavenResourcesFiltering - Copying 0 resource from src\main\resources to target\classes
2025-07-20 01:28:10,204 [Worker-58: Building] INFO  o.a.m.s.f.DefaultMavenResourcesFiltering - Copying 1 resource from src\main\resources to target\classes
2025-07-20 01:28:10,210 [Worker-58: Building] INFO  o.a.m.s.f.DefaultMavenResourcesFiltering - skip non existing resourceDirectory C:\Users\vespe\OneDrive\Escritorio\ProyectosPersonales\Curso-Coder-Java\proyecto-main\crud_proyecto\src\test\resources
2025-07-20 01:28:19,460 [Worker-58: Building] INFO  o.a.m.s.f.DefaultMavenResourcesFiltering - Copying 0 resource from src\main\resources to target\classes
2025-07-20 01:28:19,462 [Worker-58: Building] INFO  o.a.m.s.f.DefaultMavenResourcesFiltering - Copying 1 resource from src\main\resources to target\classes
2025-07-20 01:28:19,467 [Worker-58: Building] INFO  o.a.m.s.f.DefaultMavenResourcesFiltering - skip non existing resourceDirectory C:\Users\vespe\OneDrive\Escritorio\ProyectosPersonales\Curso-Coder-Java\proyecto-main\crud_proyecto\src\test\resources
2025-07-20 01:28:45,270 [Worker-61: Building] INFO  o.a.m.s.f.DefaultMavenResourcesFiltering - Copying 0 resource from src\main\resources to target\classes
2025-07-20 01:28:45,272 [Worker-61: Building] INFO  o.a.m.s.f.DefaultMavenResourcesFiltering - Copying 1 resource from src\main\resources to target\classes
2025-07-20 01:28:45,278 [Worker-61: Building] INFO  o.a.m.s.f.DefaultMavenResourcesFiltering - skip non existing resourceDirectory C:\Users\vespe\OneDrive\Escritorio\ProyectosPersonales\Curso-Coder-Java\proyecto-main\crud_proyecto\src\test\resources
2025-07-20 01:28:50,190 [Worker-58: Building] INFO  o.a.m.s.f.DefaultMavenResourcesFiltering - Copying 0 resource from src\main\resources to target\classes
2025-07-20 01:28:50,192 [Worker-58: Building] INFO  o.a.m.s.f.DefaultMavenResourcesFiltering - Copying 1 resource from src\main\resources to target\classes
2025-07-20 01:28:50,199 [Worker-58: Building] INFO  o.a.m.s.f.DefaultMavenResourcesFiltering - skip non existing resourceDirectory C:\Users\vespe\OneDrive\Escritorio\ProyectosPersonales\Curso-Coder-Java\proyecto-main\crud_proyecto\src\test\resources
2025-07-20 01:29:14,822 [Worker-62: Building] INFO  o.a.m.s.f.DefaultMavenResourcesFiltering - Copying 0 resource from src\main\resources to target\classes
2025-07-20 01:29:14,829 [Worker-62: Building] INFO  o.a.m.s.f.DefaultMavenResourcesFiltering - Copying 1 resource from src\main\resources to target\classes
2025-07-20 01:29:14,835 [Worker-62: Building] INFO  o.a.m.s.f.DefaultMavenResourcesFiltering - skip non existing resourceDirectory C:\Users\vespe\OneDrive\Escritorio\ProyectosPersonales\Curso-Coder-Java\proyecto-main\crud_proyecto\src\test\resources
2025-07-20 01:29:20,647 [Worker-55: Building] INFO  o.a.m.s.f.DefaultMavenResourcesFiltering - Copying 0 resource from src\main\resources to target\classes
2025-07-20 01:29:20,649 [Worker-55: Building] INFO  o.a.m.s.f.DefaultMavenResourcesFiltering - Copying 1 resource from src\main\resources to target\classes
2025-07-20 01:29:20,654 [Worker-55: Building] INFO  o.a.m.s.f.DefaultMavenResourcesFiltering - skip non existing resourceDirectory C:\Users\vespe\OneDrive\Escritorio\ProyectosPersonales\Curso-Coder-Java\proyecto-main\crud_proyecto\src\test\resources
2025-07-20 01:29:33,556 [Worker-62: Building] INFO  o.a.m.s.f.DefaultMavenResourcesFiltering - Copying 0 resource from src\main\resources to target\classes
2025-07-20 01:29:33,558 [Worker-62: Building] INFO  o.a.m.s.f.DefaultMavenResourcesFiltering - Copying 1 resource from src\main\resources to target\classes
2025-07-20 01:29:33,564 [Worker-62: Building] INFO  o.a.m.s.f.DefaultMavenResourcesFiltering - skip non existing resourceDirectory C:\Users\vespe\OneDrive\Escritorio\ProyectosPersonales\Curso-Coder-Java\proyecto-main\crud_proyecto\src\test\resources
2025-07-20 01:29:38,689 [Worker-61: Building] INFO  o.a.m.s.f.DefaultMavenResourcesFiltering - Copying 0 resource from src\main\resources to target\classes
2025-07-20 01:29:38,693 [Worker-61: Building] INFO  o.a.m.s.f.DefaultMavenResourcesFiltering - Copying 1 resource from src\main\resources to target\classes
2025-07-20 01:29:38,696 [Worker-61: Building] INFO  o.a.m.s.f.DefaultMavenResourcesFiltering - skip non existing resourceDirectory C:\Users\vespe\OneDrive\Escritorio\ProyectosPersonales\Curso-Coder-Java\proyecto-main\crud_proyecto\src\test\resources
2025-07-20 01:31:40,693 [Worker-61: Building] INFO  o.a.m.s.f.DefaultMavenResourcesFiltering - Copying 1 resource from src\main\resources to target\classes
2025-07-20 01:31:40,699 [Worker-61: Building] INFO  o.a.m.s.f.DefaultMavenResourcesFiltering - Copying 12 resources from src\main\resources to target\classes
2025-07-20 01:31:40,705 [Worker-61: Building] INFO  o.a.m.s.f.DefaultMavenResourcesFiltering - skip non existing resourceDirectory C:\Users\vespe\OneDrive\Escritorio\ProyectosPersonales\Curso-Coder-Java\proyecto-main\crud_proyecto\src\test\resources
2025-07-20 01:40:13,581 [Worker-71: Building] INFO  o.a.m.s.f.DefaultMavenResourcesFiltering - Copying 1 resource from src\main\resources to target\classes
2025-07-20 01:40:13,591 [Worker-71: Building] INFO  o.a.m.s.f.DefaultMavenResourcesFiltering - Copying 12 resources from src\main\resources to target\classes
2025-07-20 01:40:13,599 [Worker-71: Building] INFO  o.a.m.s.f.DefaultMavenResourcesFiltering - skip non existing resourceDirectory C:\Users\vespe\OneDrive\Escritorio\ProyectosPersonales\Curso-Coder-Java\proyecto-main\crud_proyecto\src\test\resources
2025-07-20 01:43:44,389 [Worker-73: Building] INFO  o.a.m.s.f.DefaultMavenResourcesFiltering - Copying 1 resource from src\main\resources to target\classes
2025-07-20 01:43:44,399 [Worker-73: Building] INFO  o.a.m.s.f.DefaultMavenResourcesFiltering - Copying 0 resource from src\main\resources to target\classes
2025-07-20 01:43:44,401 [Worker-73: Building] INFO  o.a.m.s.f.DefaultMavenResourcesFiltering - skip non existing resourceDirectory C:\Users\vespe\OneDrive\Escritorio\ProyectosPersonales\Curso-Coder-Java\proyecto-main\crud_proyecto\src\test\resources
2025-07-20 01:44:29,179 [Worker-73: Updating Maven Project] INFO  o.e.m.c.i.p.ProjectConfigurationManager - Update started
2025-07-20 01:44:31,337 [Worker-73: Updating Maven Project] INFO  o.e.m.c.i.l.LifecycleMappingFactory - Using org.eclipse.m2e.jdt.JarLifecycleMapping lifecycle mapping for MavenProject: com.coderhouse:crud_proyecto:0.0.1-SNAPSHOT @ C:\Users\vespe\OneDrive\Escritorio\ProyectosPersonales\Curso-Coder-Java\proyecto-main\crud_proyecto\pom.xml.
2025-07-20 01:44:32,320 [Worker-73: Updating Maven Project] INFO  o.e.m.j.i.AbstractJavaProjectConfigurator - Adding source folder /crud_proyecto/src/main/java
2025-07-20 01:44:32,321 [Worker-73: Updating Maven Project] INFO  o.e.m.j.i.AbstractJavaProjectConfigurator - Adding resource folder /crud_proyecto/src/main/resources
2025-07-20 01:44:32,322 [Worker-73: Updating Maven Project] INFO  o.e.m.j.i.AbstractJavaProjectConfigurator - Adding resource folder /crud_proyecto/src/main/resources
2025-07-20 01:44:32,323 [Worker-73: Updating Maven Project] INFO  o.e.m.j.i.AbstractJavaProjectConfigurator - Adding source folder /crud_proyecto/src/test/java
2025-07-20 01:44:32,324 [Worker-73: Updating Maven Project] INFO  o.e.m.j.i.AbstractJavaProjectConfigurator - Adding resource folder /crud_proyecto/src/test/resources
2025-07-20 01:44:32,759 [Worker-73: Updating Maven Project] INFO  o.e.m.c.i.p.ProjectConfigurationManager - Update completed for 1 poms: local refresh takes 0.00 sec, refresh facades takes 3.00 sec, update config takes 0.00 sec 
2025-07-20 01:44:33,287 [Worker-68: Building] INFO  o.a.m.s.f.DefaultMavenResourcesFiltering - Copying 1 resource from src\main\resources to target\classes
2025-07-20 01:44:33,299 [Worker-68: Building] INFO  o.a.m.s.f.DefaultMavenResourcesFiltering - Copying 12 resources from src\main\resources to target\classes
2025-07-20 01:44:33,339 [Worker-68: Building] INFO  o.a.m.s.f.DefaultMavenResourcesFiltering - skip non existing resourceDirectory C:\Users\vespe\OneDrive\Escritorio\ProyectosPersonales\Curso-Coder-Java\proyecto-main\crud_proyecto\src\test\resources
2025-07-20 01:44:39,615 [Worker-71: Launching crud_proyecto - CrudProyectoApplication] INFO  o.a.m.s.f.DefaultMavenResourcesFiltering - Copying 1 resource from src\main\resources to target\classes
2025-07-20 01:44:39,623 [Worker-71: Launching crud_proyecto - CrudProyectoApplication] INFO  o.a.m.s.f.DefaultMavenResourcesFiltering - Copying 12 resources from src\main\resources to target\classes
2025-07-20 01:44:39,628 [Worker-71: Launching crud_proyecto - CrudProyectoApplication] INFO  o.a.m.s.f.DefaultMavenResourcesFiltering - skip non existing resourceDirectory C:\Users\vespe\OneDrive\Escritorio\ProyectosPersonales\Curso-Coder-Java\proyecto-main\crud_proyecto\src\test\resources
2025-07-20 01:46:54,178 [Worker-72: Building] INFO  o.a.m.s.f.DefaultMavenResourcesFiltering - Copying 1 resource from src\main\resources to target\classes
2025-07-20 01:46:54,183 [Worker-72: Building] INFO  o.a.m.s.f.DefaultMavenResourcesFiltering - Copying 12 resources from src\main\resources to target\classes
2025-07-20 01:46:54,189 [Worker-72: Building] INFO  o.a.m.s.f.DefaultMavenResourcesFiltering - skip non existing resourceDirectory C:\Users\vespe\OneDrive\Escritorio\ProyectosPersonales\Curso-Coder-Java\proyecto-main\crud_proyecto\src\test\resources
2025-07-20 01:47:43,984 [Worker-72: Building] INFO  o.a.m.s.f.DefaultMavenResourcesFiltering - Copying 1 resource from src\main\resources to target\classes
2025-07-20 01:47:43,993 [Worker-72: Building] INFO  o.a.m.s.f.DefaultMavenResourcesFiltering - Copying 12 resources from src\main\resources to target\classes
2025-07-20 01:47:43,998 [Worker-72: Building] INFO  o.a.m.s.f.DefaultMavenResourcesFiltering - skip non existing resourceDirectory C:\Users\vespe\OneDrive\Escritorio\ProyectosPersonales\Curso-Coder-Java\proyecto-main\crud_proyecto\src\test\resources
2025-07-20 01:48:13,364 [Worker-77: Building] INFO  o.a.m.s.f.DefaultMavenResourcesFiltering - Copying 1 resource from src\main\resources to target\classes
2025-07-20 01:48:13,371 [Worker-77: Building] INFO  o.a.m.s.f.DefaultMavenResourcesFiltering - Copying 12 resources from src\main\resources to target\classes
2025-07-20 01:48:13,377 [Worker-77: Building] INFO  o.a.m.s.f.DefaultMavenResourcesFiltering - skip non existing resourceDirectory C:\Users\vespe\OneDrive\Escritorio\ProyectosPersonales\Curso-Coder-Java\proyecto-main\crud_proyecto\src\test\resources
2025-07-20 01:49:19,019 [Worker-80: Building] INFO  o.a.m.s.f.DefaultMavenResourcesFiltering - Copying 1 resource from src\main\resources to target\classes
2025-07-20 01:49:19,024 [Worker-80: Building] INFO  o.a.m.s.f.DefaultMavenResourcesFiltering - Copying 12 resources from src\main\resources to target\classes
2025-07-20 01:49:19,029 [Worker-80: Building] INFO  o.a.m.s.f.DefaultMavenResourcesFiltering - skip non existing resourceDirectory C:\Users\vespe\OneDrive\Escritorio\ProyectosPersonales\Curso-Coder-Java\proyecto-main\crud_proyecto\src\test\resources
2025-07-20 02:00:14,581 [Worker-71: Building] INFO  o.a.m.s.f.DefaultMavenResourcesFiltering - Copying 1 resource from src\main\resources to target\classes
2025-07-20 02:00:14,590 [Worker-71: Building] INFO  o.a.m.s.f.DefaultMavenResourcesFiltering - Copying 12 resources from src\main\resources to target\classes
2025-07-20 02:00:14,596 [Worker-71: Building] INFO  o.a.m.s.f.DefaultMavenResourcesFiltering - skip non existing resourceDirectory C:\Users\vespe\OneDrive\Escritorio\ProyectosPersonales\Curso-Coder-Java\proyecto-main\crud_proyecto\src\test\resources
2025-07-20 02:00:55,147 [Worker-78: Building] INFO  o.a.m.s.f.DefaultMavenResourcesFiltering - Copying 1 resource from src\main\resources to target\classes
2025-07-20 02:00:55,155 [Worker-78: Building] INFO  o.a.m.s.f.DefaultMavenResourcesFiltering - Copying 12 resources from src\main\resources to target\classes
2025-07-20 02:00:55,161 [Worker-78: Building] INFO  o.a.m.s.f.DefaultMavenResourcesFiltering - skip non existing resourceDirectory C:\Users\vespe\OneDrive\Escritorio\ProyectosPersonales\Curso-Coder-Java\proyecto-main\crud_proyecto\src\test\resources
2025-07-20 02:04:57,225 [Worker-72: Building] INFO  o.a.m.s.f.DefaultMavenResourcesFiltering - Copying 1 resource from src\main\resources to target\classes
2025-07-20 02:04:57,232 [Worker-72: Building] INFO  o.a.m.s.f.DefaultMavenResourcesFiltering - Copying 12 resources from src\main\resources to target\classes
2025-07-20 02:04:57,238 [Worker-72: Building] INFO  o.a.m.s.f.DefaultMavenResourcesFiltering - skip non existing resourceDirectory C:\Users\vespe\OneDrive\Escritorio\ProyectosPersonales\Curso-Coder-Java\proyecto-main\crud_proyecto\src\test\resources
2025-07-20 02:05:48,129 [Worker-77: Building] INFO  o.a.m.s.f.DefaultMavenResourcesFiltering - Copying 1 resource from src\main\resources to target\classes
2025-07-20 02:05:48,138 [Worker-77: Building] INFO  o.a.m.s.f.DefaultMavenResourcesFiltering - Copying 12 resources from src\main\resources to target\classes
2025-07-20 02:05:48,144 [Worker-77: Building] INFO  o.a.m.s.f.DefaultMavenResourcesFiltering - skip non existing resourceDirectory C:\Users\vespe\OneDrive\Escritorio\ProyectosPersonales\Curso-Coder-Java\proyecto-main\crud_proyecto\src\test\resources
2025-07-20 02:22:26,728 [Worker-72: Updating Maven Project] INFO  o.e.m.c.i.p.ProjectConfigurationManager - Update started
2025-07-20 02:22:27,113 [Worker-72: Updating Maven Project] INFO  o.e.m.c.i.l.LifecycleMappingFactory - Using org.eclipse.m2e.jdt.JarLifecycleMapping lifecycle mapping for MavenProject: com.coderhouse:crud_proyecto:0.0.1-SNAPSHOT @ C:\Users\vespe\OneDrive\Escritorio\ProyectosPersonales\Curso-Coder-Java\proyecto-main\crud_proyecto\pom.xml.
2025-07-20 02:22:27,931 [Worker-72: Updating Maven Project] INFO  o.e.m.j.i.AbstractJavaProjectConfigurator - Adding source folder /crud_proyecto/src/main/java
2025-07-20 02:22:27,933 [Worker-72: Updating Maven Project] INFO  o.e.m.j.i.AbstractJavaProjectConfigurator - Adding resource folder /crud_proyecto/src/main/resources
2025-07-20 02:22:27,934 [Worker-72: Updating Maven Project] INFO  o.e.m.j.i.AbstractJavaProjectConfigurator - Adding resource folder /crud_proyecto/src/main/resources
2025-07-20 02:22:27,934 [Worker-72: Updating Maven Project] INFO  o.e.m.j.i.AbstractJavaProjectConfigurator - Adding source folder /crud_proyecto/src/test/java
2025-07-20 02:22:27,936 [Worker-72: Updating Maven Project] INFO  o.e.m.j.i.AbstractJavaProjectConfigurator - Adding resource folder /crud_proyecto/src/test/resources
2025-07-20 02:22:28,336 [Worker-72: Updating Maven Project] INFO  o.e.m.c.i.p.ProjectConfigurationManager - Update completed for 1 poms: local refresh takes 0.00 sec, refresh facades takes 1.00 sec, update config takes 0.00 sec 
2025-07-20 02:22:28,826 [Worker-79: Building] INFO  o.a.m.s.f.DefaultMavenResourcesFiltering - Copying 1 resource from src\main\resources to target\classes
2025-07-20 02:22:28,842 [Worker-79: Building] INFO  o.a.m.s.f.DefaultMavenResourcesFiltering - Copying 12 resources from src\main\resources to target\classes
2025-07-20 02:22:28,871 [Worker-79: Building] INFO  o.a.m.s.f.DefaultMavenResourcesFiltering - skip non existing resourceDirectory C:\Users\vespe\OneDrive\Escritorio\ProyectosPersonales\Curso-Coder-Java\proyecto-main\crud_proyecto\src\test\resources
2025-07-20 02:22:58,800 [Worker-80: Building] INFO  o.a.m.s.f.DefaultMavenResourcesFiltering - Copying 1 resource from src\main\resources to target\classes
2025-07-20 02:22:58,810 [Worker-80: Building] INFO  o.a.m.s.f.DefaultMavenResourcesFiltering - Copying 12 resources from src\main\resources to target\classes
2025-07-20 02:22:58,815 [Worker-80: Building] INFO  o.a.m.s.f.DefaultMavenResourcesFiltering - skip non existing resourceDirectory C:\Users\vespe\OneDrive\Escritorio\ProyectosPersonales\Curso-Coder-Java\proyecto-main\crud_proyecto\src\test\resources
2025-07-20 02:29:54,189 [Worker-79: Building] INFO  o.a.m.s.f.DefaultMavenResourcesFiltering - Copying 1 resource from src\main\resources to target\classes
2025-07-20 02:29:54,197 [Worker-79: Building] INFO  o.a.m.s.f.DefaultMavenResourcesFiltering - Copying 12 resources from src\main\resources to target\classes
2025-07-20 02:29:54,203 [Worker-79: Building] INFO  o.a.m.s.f.DefaultMavenResourcesFiltering - skip non existing resourceDirectory C:\Users\vespe\OneDrive\Escritorio\ProyectosPersonales\Curso-Coder-Java\proyecto-main\crud_proyecto\src\test\resources
2025-07-20 02:30:02,682 [Worker-71: Building] INFO  o.a.m.s.f.DefaultMavenResourcesFiltering - Copying 1 resource from src\main\resources to target\classes
2025-07-20 02:30:02,694 [Worker-71: Building] INFO  o.a.m.s.f.DefaultMavenResourcesFiltering - Copying 12 resources from src\main\resources to target\classes
2025-07-20 02:30:02,699 [Worker-71: Building] INFO  o.a.m.s.f.DefaultMavenResourcesFiltering - skip non existing resourceDirectory C:\Users\vespe\OneDrive\Escritorio\ProyectosPersonales\Curso-Coder-Java\proyecto-main\crud_proyecto\src\test\resources
2025-07-20 02:31:42,076 [Worker-72: Building] INFO  o.a.m.s.f.DefaultMavenResourcesFiltering - Copying 1 resource from src\main\resources to target\classes
2025-07-20 02:31:42,092 [Worker-72: Building] INFO  o.a.m.s.f.DefaultMavenResourcesFiltering - Copying 12 resources from src\main\resources to target\classes
2025-07-20 02:31:42,100 [Worker-72: Building] INFO  o.a.m.s.f.DefaultMavenResourcesFiltering - skip non existing resourceDirectory C:\Users\vespe\OneDrive\Escritorio\ProyectosPersonales\Curso-Coder-Java\proyecto-main\crud_proyecto\src\test\resources
2025-07-20 02:36:26,894 [Worker-71: Building] INFO  o.a.m.s.f.DefaultMavenResourcesFiltering - Copying 1 resource from src\main\resources to target\classes
2025-07-20 02:36:26,908 [Worker-71: Building] INFO  o.a.m.s.f.DefaultMavenResourcesFiltering - Copying 12 resources from src\main\resources to target\classes
2025-07-20 02:36:26,913 [Worker-71: Building] INFO  o.a.m.s.f.DefaultMavenResourcesFiltering - skip non existing resourceDirectory C:\Users\vespe\OneDrive\Escritorio\ProyectosPersonales\Curso-Coder-Java\proyecto-main\crud_proyecto\src\test\resources
2025-07-20 02:36:37,189 [Worker-80: Building] INFO  o.a.m.s.f.DefaultMavenResourcesFiltering - Copying 1 resource from src\main\resources to target\classes
2025-07-20 02:36:37,196 [Worker-80: Building] INFO  o.a.m.s.f.DefaultMavenResourcesFiltering - Copying 12 resources from src\main\resources to target\classes
2025-07-20 02:36:37,203 [Worker-80: Building] INFO  o.a.m.s.f.DefaultMavenResourcesFiltering - skip non existing resourceDirectory C:\Users\vespe\OneDrive\Escritorio\ProyectosPersonales\Curso-Coder-Java\proyecto-main\crud_proyecto\src\test\resources
2025-07-20 02:36:51,386 [Worker-72: Updating Maven Project] INFO  o.e.m.c.i.p.ProjectConfigurationManager - Update started
2025-07-20 02:36:51,877 [Worker-72: Updating Maven Project] INFO  o.e.m.c.i.l.LifecycleMappingFactory - Using org.eclipse.m2e.jdt.JarLifecycleMapping lifecycle mapping for MavenProject: com.coderhouse:crud_proyecto:0.0.1-SNAPSHOT @ C:\Users\vespe\OneDrive\Escritorio\ProyectosPersonales\Curso-Coder-Java\proyecto-main\crud_proyecto\pom.xml.
2025-07-20 02:36:52,502 [Worker-72: Updating Maven Project] INFO  o.e.m.j.i.AbstractJavaProjectConfigurator - Adding source folder /crud_proyecto/src/main/java
2025-07-20 02:36:52,504 [Worker-72: Updating Maven Project] INFO  o.e.m.j.i.AbstractJavaProjectConfigurator - Adding resource folder /crud_proyecto/src/main/resources
2025-07-20 02:36:52,504 [Worker-72: Updating Maven Project] INFO  o.e.m.j.i.AbstractJavaProjectConfigurator - Adding resource folder /crud_proyecto/src/main/resources
2025-07-20 02:36:52,504 [Worker-72: Updating Maven Project] INFO  o.e.m.j.i.AbstractJavaProjectConfigurator - Adding source folder /crud_proyecto/src/test/java
2025-07-20 02:36:52,505 [Worker-72: Updating Maven Project] INFO  o.e.m.j.i.AbstractJavaProjectConfigurator - Adding resource folder /crud_proyecto/src/test/resources
2025-07-20 02:36:52,788 [Worker-72: Updating Maven Project] INFO  o.e.m.c.i.p.ProjectConfigurationManager - Update completed for 1 poms: local refresh takes 0.00 sec, refresh facades takes 1.00 sec, update config takes 0.00 sec 
2025-07-20 02:36:53,307 [Worker-72: Building] INFO  o.a.m.s.f.DefaultMavenResourcesFiltering - Copying 1 resource from src\main\resources to target\classes
2025-07-20 02:36:53,325 [Worker-72: Building] INFO  o.a.m.s.f.DefaultMavenResourcesFiltering - Copying 12 resources from src\main\resources to target\classes
2025-07-20 02:36:53,352 [Worker-72: Building] INFO  o.a.m.s.f.DefaultMavenResourcesFiltering - skip non existing resourceDirectory C:\Users\vespe\OneDrive\Escritorio\ProyectosPersonales\Curso-Coder-Java\proyecto-main\crud_proyecto\src\test\resources
2025-07-20 02:37:07,620 [Worker-79: Building] INFO  o.a.m.s.f.DefaultMavenResourcesFiltering - Copying 1 resource from src\main\resources to target\classes
2025-07-20 02:37:07,643 [Worker-79: Building] INFO  o.a.m.s.f.DefaultMavenResourcesFiltering - Copying 12 resources from src\main\resources to target\classes
2025-07-20 02:37:07,650 [Worker-79: Building] INFO  o.a.m.s.f.DefaultMavenResourcesFiltering - skip non existing resourceDirectory C:\Users\vespe\OneDrive\Escritorio\ProyectosPersonales\Curso-Coder-Java\proyecto-main\crud_proyecto\src\test\resources
2025-07-20 02:39:37,340 [Worker-80: Building] INFO  o.e.m.c.i.l.LifecycleMappingFactory - Using org.eclipse.m2e.jdt.JarLifecycleMapping lifecycle mapping for MavenProject: com.coderhouse:crud_proyecto:0.0.1-SNAPSHOT @ C:\Users\vespe\OneDrive\Escritorio\ProyectosPersonales\Curso-Coder-Java\proyecto-main\crud_proyecto\pom.xml.
2025-07-20 02:39:37,596 [Worker-80: Building] INFO  o.a.http.impl.execchain.RetryExec - I/O exception (java.net.SocketException) caught when processing request to {s}->https://repo.maven.apache.org:443: java.security.NoSuchAlgorithmException: Error constructing implementation (algorithm: Default, provider: SunJSSE, class: sun.security.ssl.SSLContextImpl$DefaultSSLContext)
2025-07-20 02:39:37,597 [Worker-80: Building] INFO  o.a.http.impl.execchain.RetryExec - Retrying request to {s}->https://repo.maven.apache.org:443
2025-07-20 02:39:37,656 [Worker-80: Building] INFO  o.a.http.impl.execchain.RetryExec - I/O exception (java.net.SocketException) caught when processing request to {s}->https://repo.maven.apache.org:443: java.security.NoSuchAlgorithmException: Error constructing implementation (algorithm: Default, provider: SunJSSE, class: sun.security.ssl.SSLContextImpl$DefaultSSLContext)
2025-07-20 02:39:37,656 [Worker-80: Building] INFO  o.a.http.impl.execchain.RetryExec - Retrying request to {s}->https://repo.maven.apache.org:443
2025-07-20 02:39:37,716 [Worker-80: Building] INFO  o.a.http.impl.execchain.RetryExec - I/O exception (java.net.SocketException) caught when processing request to {s}->https://repo.maven.apache.org:443: java.security.NoSuchAlgorithmException: Error constructing implementation (algorithm: Default, provider: SunJSSE, class: sun.security.ssl.SSLContextImpl$DefaultSSLContext)
2025-07-20 02:39:37,716 [Worker-80: Building] INFO  o.a.http.impl.execchain.RetryExec - Retrying request to {s}->https://repo.maven.apache.org:443
2025-07-20 02:39:37,765 [Worker-80: Building] INFO  o.e.m.c.i.e.AbstractTransferListenerAdapter - Downloaded https://repo.maven.apache.org/maven2/org/springframework/boot/spring-boot-starter-thymeleaf/3.4.1/spring-boot-starter-thymeleaf-3.4.1.pom
2025-07-20 02:39:38,130 [Worker-80: Building] INFO  o.a.m.s.f.DefaultMavenResourcesFiltering - Copying 0 resource from src\main\resources to target\classes
2025-07-20 02:39:38,132 [Worker-80: Building] INFO  o.a.m.s.f.DefaultMavenResourcesFiltering - Copying 0 resource from src\main\resources to target\classes
2025-07-20 02:39:38,136 [Worker-80: Building] INFO  o.a.m.s.f.DefaultMavenResourcesFiltering - skip non existing resourceDirectory C:\Users\vespe\OneDrive\Escritorio\ProyectosPersonales\Curso-Coder-Java\proyecto-main\crud_proyecto\src\test\resources
2025-07-20 02:39:39,103 [Worker-78: Download sources and javadoc] INFO  o.a.http.impl.execchain.RetryExec - I/O exception (java.net.SocketException) caught when processing request to {s}->https://repo.maven.apache.org:443: java.security.NoSuchAlgorithmException: Error constructing implementation (algorithm: Default, provider: SunJSSE, class: sun.security.ssl.SSLContextImpl$DefaultSSLContext)
2025-07-20 02:39:39,104 [Worker-78: Download sources and javadoc] INFO  o.a.http.impl.execchain.RetryExec - Retrying request to {s}->https://repo.maven.apache.org:443
2025-07-20 02:39:39,148 [Worker-78: Download sources and javadoc] INFO  o.a.http.impl.execchain.RetryExec - I/O exception (java.net.SocketException) caught when processing request to {s}->https://repo.maven.apache.org:443: java.security.NoSuchAlgorithmException: Error constructing implementation (algorithm: Default, provider: SunJSSE, class: sun.security.ssl.SSLContextImpl$DefaultSSLContext)
2025-07-20 02:39:39,148 [Worker-78: Download sources and javadoc] INFO  o.a.http.impl.execchain.RetryExec - Retrying request to {s}->https://repo.maven.apache.org:443
2025-07-20 02:39:39,198 [Worker-78: Download sources and javadoc] INFO  o.a.http.impl.execchain.RetryExec - I/O exception (java.net.SocketException) caught when processing request to {s}->https://repo.maven.apache.org:443: java.security.NoSuchAlgorithmException: Error constructing implementation (algorithm: Default, provider: SunJSSE, class: sun.security.ssl.SSLContextImpl$DefaultSSLContext)
2025-07-20 02:39:39,198 [Worker-78: Download sources and javadoc] INFO  o.a.http.impl.execchain.RetryExec - Retrying request to {s}->https://repo.maven.apache.org:443
2025-07-20 02:39:39,252 [Worker-78: Download sources and javadoc] INFO  o.e.m.c.i.e.AbstractTransferListenerAdapter - Downloaded https://repo.maven.apache.org/maven2/org/springframework/boot/spring-boot-starter-thymeleaf/3.4.1/spring-boot-starter-thymeleaf-3.4.1-sources.jar
2025-07-20 02:39:39,258 [Worker-78: Download sources and javadoc] ERROR o.e.m.j.internal.DownloadSourcesJob - Could not download sources for org.springframework.boot:spring-boot-starter-thymeleaf:3.4.1
org.eclipse.core.runtime.CoreException: Could not resolve artifact org.springframework.boot:spring-boot-starter-thymeleaf:jar:sources:3.4.1
	at org.eclipse.m2e.core.internal.embedder.MavenImpl.lambda$7(MavenImpl.java:540)
	at org.eclipse.m2e.core.internal.embedder.MavenExecutionContext.executeBare(MavenExecutionContext.java:458)
	at org.eclipse.m2e.core.internal.embedder.MavenExecutionContext.execute(MavenExecutionContext.java:292)
	at org.eclipse.m2e.core.internal.embedder.MavenExecutionContext.execute(MavenExecutionContext.java:278)
	at org.eclipse.m2e.core.internal.embedder.MavenImpl.resolve(MavenImpl.java:509)
	at org.eclipse.m2e.core.internal.embedder.MavenImpl.resolve(MavenImpl.java:494)
	at org.eclipse.m2e.jdt.internal.DownloadSourcesJob.download(DownloadSourcesJob.java:308)
	at org.eclipse.m2e.jdt.internal.DownloadSourcesJob.downloadAttachments(DownloadSourcesJob.java:282)
	at org.eclipse.m2e.jdt.internal.DownloadSourcesJob.downloadMaven(DownloadSourcesJob.java:252)
	at org.eclipse.m2e.jdt.internal.DownloadSourcesJob.downloadFilesAndPopulateToUpdate(DownloadSourcesJob.java:220)
	at org.eclipse.m2e.jdt.internal.DownloadSourcesJob.lambda$0(DownloadSourcesJob.java:149)
	at org.eclipse.m2e.core.internal.embedder.MavenExecutionContext.executeBare(MavenExecutionContext.java:458)
	at org.eclipse.m2e.core.internal.embedder.MavenExecutionContext.execute(MavenExecutionContext.java:339)
	at org.eclipse.m2e.core.internal.embedder.MavenExecutionContext.execute(MavenExecutionContext.java:278)
	at org.eclipse.m2e.core.embedder.IMaven.execute(IMaven.java:300)
	at org.eclipse.m2e.jdt.internal.DownloadSourcesJob.run(DownloadSourcesJob.java:149)
	at org.eclipse.core.internal.jobs.Worker.run(Worker.java:63)
2025-07-20 02:39:57,908 [Worker-71: Updating Maven Project] INFO  o.e.m.c.i.p.ProjectConfigurationManager - Update started
2025-07-20 02:39:58,160 [Worker-71: Updating Maven Project] INFO  o.e.m.c.i.l.LifecycleMappingFactory - Using org.eclipse.m2e.jdt.JarLifecycleMapping lifecycle mapping for MavenProject: com.coderhouse:crud_proyecto:0.0.1-SNAPSHOT @ C:\Users\vespe\OneDrive\Escritorio\ProyectosPersonales\Curso-Coder-Java\proyecto-main\crud_proyecto\pom.xml.
2025-07-20 02:39:58,590 [Worker-71: Updating Maven Project] INFO  o.e.m.j.i.AbstractJavaProjectConfigurator - Adding source folder /crud_proyecto/src/main/java
2025-07-20 02:39:58,591 [Worker-71: Updating Maven Project] INFO  o.e.m.j.i.AbstractJavaProjectConfigurator - Adding resource folder /crud_proyecto/src/main/resources
2025-07-20 02:39:58,591 [Worker-71: Updating Maven Project] INFO  o.e.m.j.i.AbstractJavaProjectConfigurator - Adding resource folder /crud_proyecto/src/main/resources
2025-07-20 02:39:58,592 [Worker-71: Updating Maven Project] INFO  o.e.m.j.i.AbstractJavaProjectConfigurator - Adding source folder /crud_proyecto/src/test/java
2025-07-20 02:39:58,592 [Worker-71: Updating Maven Project] INFO  o.e.m.j.i.AbstractJavaProjectConfigurator - Adding resource folder /crud_proyecto/src/test/resources
2025-07-20 02:39:58,930 [Worker-71: Updating Maven Project] INFO  o.e.m.c.i.p.ProjectConfigurationManager - Update completed for 1 poms: local refresh takes 0.00 sec, refresh facades takes 0.00 sec, update config takes 0.00 sec 
2025-07-20 02:39:59,191 [Worker-77: Building] INFO  o.a.m.s.f.DefaultMavenResourcesFiltering - Copying 1 resource from src\main\resources to target\classes
2025-07-20 02:39:59,202 [Worker-77: Building] INFO  o.a.m.s.f.DefaultMavenResourcesFiltering - Copying 12 resources from src\main\resources to target\classes
2025-07-20 02:39:59,222 [Worker-77: Building] INFO  o.a.m.s.f.DefaultMavenResourcesFiltering - skip non existing resourceDirectory C:\Users\vespe\OneDrive\Escritorio\ProyectosPersonales\Curso-Coder-Java\proyecto-main\crud_proyecto\src\test\resources
2025-07-20 02:39:59,615 [Worker-79: Download sources and javadoc] INFO  o.a.http.impl.execchain.RetryExec - I/O exception (java.net.SocketException) caught when processing request to {s}->https://repo.maven.apache.org:443: java.security.NoSuchAlgorithmException: Error constructing implementation (algorithm: Default, provider: SunJSSE, class: sun.security.ssl.SSLContextImpl$DefaultSSLContext)
2025-07-20 02:39:59,615 [Worker-79: Download sources and javadoc] INFO  o.a.http.impl.execchain.RetryExec - Retrying request to {s}->https://repo.maven.apache.org:443
2025-07-20 02:39:59,701 [Worker-79: Download sources and javadoc] INFO  o.a.http.impl.execchain.RetryExec - I/O exception (java.net.SocketException) caught when processing request to {s}->https://repo.maven.apache.org:443: java.security.NoSuchAlgorithmException: Error constructing implementation (algorithm: Default, provider: SunJSSE, class: sun.security.ssl.SSLContextImpl$DefaultSSLContext)
2025-07-20 02:39:59,702 [Worker-79: Download sources and javadoc] INFO  o.a.http.impl.execchain.RetryExec - Retrying request to {s}->https://repo.maven.apache.org:443
2025-07-20 02:39:59,780 [Worker-79: Download sources and javadoc] INFO  o.a.http.impl.execchain.RetryExec - I/O exception (java.net.SocketException) caught when processing request to {s}->https://repo.maven.apache.org:443: java.security.NoSuchAlgorithmException: Error constructing implementation (algorithm: Default, provider: SunJSSE, class: sun.security.ssl.SSLContextImpl$DefaultSSLContext)
2025-07-20 02:39:59,780 [Worker-79: Download sources and javadoc] INFO  o.a.http.impl.execchain.RetryExec - Retrying request to {s}->https://repo.maven.apache.org:443
2025-07-20 02:39:59,845 [Worker-79: Download sources and javadoc] INFO  o.e.m.c.i.e.AbstractTransferListenerAdapter - Downloaded https://repo.maven.apache.org/maven2/org/springframework/boot/spring-boot-starter-thymeleaf/3.4.1/spring-boot-starter-thymeleaf-3.4.1-javadoc.jar
2025-07-20 02:39:59,849 [Worker-79: Download sources and javadoc] ERROR o.e.m.j.internal.DownloadSourcesJob - Could not download javadoc for org.springframework.boot:spring-boot-starter-thymeleaf:3.4.1
org.eclipse.core.runtime.CoreException: Could not resolve artifact org.springframework.boot:spring-boot-starter-thymeleaf:jar:javadoc:3.4.1
	at org.eclipse.m2e.core.internal.embedder.MavenImpl.lambda$7(MavenImpl.java:540)
	at org.eclipse.m2e.core.internal.embedder.MavenExecutionContext.executeBare(MavenExecutionContext.java:458)
	at org.eclipse.m2e.core.internal.embedder.MavenExecutionContext.execute(MavenExecutionContext.java:292)
	at org.eclipse.m2e.core.internal.embedder.MavenExecutionContext.execute(MavenExecutionContext.java:278)
	at org.eclipse.m2e.core.internal.embedder.MavenImpl.resolve(MavenImpl.java:509)
	at org.eclipse.m2e.core.internal.embedder.MavenImpl.resolve(MavenImpl.java:494)
	at org.eclipse.m2e.jdt.internal.DownloadSourcesJob.download(DownloadSourcesJob.java:308)
	at org.eclipse.m2e.jdt.internal.DownloadSourcesJob.downloadAttachments(DownloadSourcesJob.java:294)
	at org.eclipse.m2e.jdt.internal.DownloadSourcesJob.downloadMaven(DownloadSourcesJob.java:252)
	at org.eclipse.m2e.jdt.internal.DownloadSourcesJob.downloadFilesAndPopulateToUpdate(DownloadSourcesJob.java:220)
	at org.eclipse.m2e.jdt.internal.DownloadSourcesJob.lambda$0(DownloadSourcesJob.java:149)
	at org.eclipse.m2e.core.internal.embedder.MavenExecutionContext.executeBare(MavenExecutionContext.java:458)
	at org.eclipse.m2e.core.internal.embedder.MavenExecutionContext.execute(MavenExecutionContext.java:339)
	at org.eclipse.m2e.core.internal.embedder.MavenExecutionContext.execute(MavenExecutionContext.java:278)
	at org.eclipse.m2e.core.embedder.IMaven.execute(IMaven.java:300)
	at org.eclipse.m2e.jdt.internal.DownloadSourcesJob.run(DownloadSourcesJob.java:149)
	at org.eclipse.core.internal.jobs.Worker.run(Worker.java:63)
2025-07-20 02:40:10,707 [Worker-78: Updating Maven Project] INFO  o.e.m.c.i.p.ProjectConfigurationManager - Update started
2025-07-20 02:40:10,995 [Worker-78: Updating Maven Project] INFO  o.e.m.c.i.l.LifecycleMappingFactory - Using org.eclipse.m2e.jdt.JarLifecycleMapping lifecycle mapping for MavenProject: com.coderhouse:crud_proyecto:0.0.1-SNAPSHOT @ C:\Users\vespe\OneDrive\Escritorio\ProyectosPersonales\Curso-Coder-Java\proyecto-main\crud_proyecto\pom.xml.
2025-07-20 02:40:11,438 [Worker-78: Updating Maven Project] INFO  o.e.m.j.i.AbstractJavaProjectConfigurator - Adding source folder /crud_proyecto/src/main/java
2025-07-20 02:40:11,438 [Worker-78: Updating Maven Project] INFO  o.e.m.j.i.AbstractJavaProjectConfigurator - Adding resource folder /crud_proyecto/src/main/resources
2025-07-20 02:40:11,439 [Worker-78: Updating Maven Project] INFO  o.e.m.j.i.AbstractJavaProjectConfigurator - Adding resource folder /crud_proyecto/src/main/resources
2025-07-20 02:40:11,439 [Worker-78: Updating Maven Project] INFO  o.e.m.j.i.AbstractJavaProjectConfigurator - Adding source folder /crud_proyecto/src/test/java
2025-07-20 02:40:11,440 [Worker-78: Updating Maven Project] INFO  o.e.m.j.i.AbstractJavaProjectConfigurator - Adding resource folder /crud_proyecto/src/test/resources
2025-07-20 02:40:11,650 [Worker-78: Updating Maven Project] INFO  o.e.m.c.i.p.ProjectConfigurationManager - Update completed for 1 poms: local refresh takes 0.00 sec, refresh facades takes 0.00 sec, update config takes 0.00 sec 
2025-07-20 02:40:11,926 [Worker-72: Building] INFO  o.a.m.s.f.DefaultMavenResourcesFiltering - Copying 1 resource from src\main\resources to target\classes
2025-07-20 02:40:11,936 [Worker-72: Building] INFO  o.a.m.s.f.DefaultMavenResourcesFiltering - Copying 12 resources from src\main\resources to target\classes
2025-07-20 02:40:11,957 [Worker-72: Building] INFO  o.a.m.s.f.DefaultMavenResourcesFiltering - skip non existing resourceDirectory C:\Users\vespe\OneDrive\Escritorio\ProyectosPersonales\Curso-Coder-Java\proyecto-main\crud_proyecto\src\test\resources
2025-07-20 02:40:45,194 [Worker-79: Updating Maven Project] INFO  o.e.m.c.i.p.ProjectConfigurationManager - Update started
2025-07-20 02:40:45,449 [Worker-79: Updating Maven Project] INFO  o.e.m.c.i.l.LifecycleMappingFactory - Using org.eclipse.m2e.jdt.JarLifecycleMapping lifecycle mapping for MavenProject: com.coderhouse:crud_proyecto:0.0.1-SNAPSHOT @ C:\Users\vespe\OneDrive\Escritorio\ProyectosPersonales\Curso-Coder-Java\proyecto-main\crud_proyecto\pom.xml.
2025-07-20 02:40:45,625 [Worker-79: Updating Maven Project] INFO  o.a.http.impl.execchain.RetryExec - I/O exception (java.net.SocketException) caught when processing request to {s}->https://repo.maven.apache.org:443: java.security.NoSuchAlgorithmException: Error constructing implementation (algorithm: Default, provider: SunJSSE, class: sun.security.ssl.SSLContextImpl$DefaultSSLContext)
2025-07-20 02:40:45,625 [Worker-79: Updating Maven Project] INFO  o.a.http.impl.execchain.RetryExec - Retrying request to {s}->https://repo.maven.apache.org:443
2025-07-20 02:40:45,683 [Worker-79: Updating Maven Project] INFO  o.a.http.impl.execchain.RetryExec - I/O exception (java.net.SocketException) caught when processing request to {s}->https://repo.maven.apache.org:443: java.security.NoSuchAlgorithmException: Error constructing implementation (algorithm: Default, provider: SunJSSE, class: sun.security.ssl.SSLContextImpl$DefaultSSLContext)
2025-07-20 02:40:45,683 [Worker-79: Updating Maven Project] INFO  o.a.http.impl.execchain.RetryExec - Retrying request to {s}->https://repo.maven.apache.org:443
2025-07-20 02:40:45,768 [Worker-79: Updating Maven Project] INFO  o.a.http.impl.execchain.RetryExec - I/O exception (java.net.SocketException) caught when processing request to {s}->https://repo.maven.apache.org:443: java.security.NoSuchAlgorithmException: Error constructing implementation (algorithm: Default, provider: SunJSSE, class: sun.security.ssl.SSLContextImpl$DefaultSSLContext)
2025-07-20 02:40:45,768 [Worker-79: Updating Maven Project] INFO  o.a.http.impl.execchain.RetryExec - Retrying request to {s}->https://repo.maven.apache.org:443
2025-07-20 02:40:46,813 [Worker-79: Updating Maven Project] INFO  o.e.m.c.i.e.AbstractTransferListenerAdapter - Downloaded https://repo.maven.apache.org/maven2/org/springframework/boot/spring-boot-starter-thymeleaf/3.4.1/spring-boot-starter-thymeleaf-3.4.1.pom
2025-07-20 02:40:47,310 [Worker-79: Updating Maven Project] INFO  o.e.m.j.i.AbstractJavaProjectConfigurator - Adding source folder /crud_proyecto/src/main/java
2025-07-20 02:40:47,311 [Worker-79: Updating Maven Project] INFO  o.e.m.j.i.AbstractJavaProjectConfigurator - Adding resource folder /crud_proyecto/src/main/resources
2025-07-20 02:40:47,311 [Worker-79: Updating Maven Project] INFO  o.e.m.j.i.AbstractJavaProjectConfigurator - Adding resource folder /crud_proyecto/src/main/resources
2025-07-20 02:40:47,311 [Worker-79: Updating Maven Project] INFO  o.e.m.j.i.AbstractJavaProjectConfigurator - Adding source folder /crud_proyecto/src/test/java
2025-07-20 02:40:47,312 [Worker-79: Updating Maven Project] INFO  o.e.m.j.i.AbstractJavaProjectConfigurator - Adding resource folder /crud_proyecto/src/test/resources
2025-07-20 02:40:47,500 [Worker-79: Updating Maven Project] INFO  o.e.m.c.i.p.ProjectConfigurationManager - Update completed for 1 poms: local refresh takes 0.00 sec, refresh facades takes 2.00 sec, update config takes 0.00 sec 
2025-07-20 02:40:47,695 [Worker-78: Building] INFO  o.a.m.s.f.DefaultMavenResourcesFiltering - Copying 1 resource from src\main\resources to target\classes
2025-07-20 02:40:47,706 [Worker-78: Building] INFO  o.a.m.s.f.DefaultMavenResourcesFiltering - Copying 12 resources from src\main\resources to target\classes
2025-07-20 02:40:47,732 [Worker-78: Building] INFO  o.a.m.s.f.DefaultMavenResourcesFiltering - skip non existing resourceDirectory C:\Users\vespe\OneDrive\Escritorio\ProyectosPersonales\Curso-Coder-Java\proyecto-main\crud_proyecto\src\test\resources
2025-07-20 02:42:07,686 [Worker-80: Launching Executing clean in C__Users_vespe_OneDrive_Escritorio_ProyectosPersonales_Curso-Coder-Java_proyecto-main_crud_proyecto] INFO  o.eclipse.m2e.core.internal.Bundles - getClasspathEntries(Bundle=org.eclipse.m2e.maven.runtime_3.9.900.20240824-1409 [638])
2025-07-20 02:42:07,689 [Worker-80: Launching Executing clean in C__Users_vespe_OneDrive_Escritorio_ProyectosPersonales_Curso-Coder-Java_proyecto-main_crud_proyecto] INFO  o.eclipse.m2e.core.internal.Bundles - 	Entry: C:\Users\vespe\.p2\pool\plugins\org.eclipse.m2e.maven.runtime_3.9.900.20240824-1409
2025-07-20 02:42:07,689 [Worker-80: Launching Executing clean in C__Users_vespe_OneDrive_Escritorio_ProyectosPersonales_Curso-Coder-Java_proyecto-main_crud_proyecto] INFO  o.eclipse.m2e.core.internal.Bundles - 	Entry: C:\Users\vespe\.p2\pool\plugins\org.eclipse.m2e.maven.runtime_3.9.900.20240824-1409\jars\aopalliance-1.0.jar
2025-07-20 02:42:07,690 [Worker-80: Launching Executing clean in C__Users_vespe_OneDrive_Escritorio_ProyectosPersonales_Curso-Coder-Java_proyecto-main_crud_proyecto] INFO  o.eclipse.m2e.core.internal.Bundles - 	Entry: C:\Users\vespe\.p2\pool\plugins\org.eclipse.m2e.maven.runtime_3.9.900.20240824-1409\jars\guice-5.1.0.jar
2025-07-20 02:42:07,690 [Worker-80: Launching Executing clean in C__Users_vespe_OneDrive_Escritorio_ProyectosPersonales_Curso-Coder-Java_proyecto-main_crud_proyecto] INFO  o.eclipse.m2e.core.internal.Bundles - 	Entry: C:\Users\vespe\.p2\pool\plugins\org.eclipse.m2e.maven.runtime_3.9.900.20240824-1409\jars\httpclient-4.5.14.jar
2025-07-20 02:42:07,690 [Worker-80: Launching Executing clean in C__Users_vespe_OneDrive_Escritorio_ProyectosPersonales_Curso-Coder-Java_proyecto-main_crud_proyecto] INFO  o.eclipse.m2e.core.internal.Bundles - 	Entry: C:\Users\vespe\.p2\pool\plugins\org.eclipse.m2e.maven.runtime_3.9.900.20240824-1409\jars\httpcore-4.4.16.jar
2025-07-20 02:42:07,690 [Worker-80: Launching Executing clean in C__Users_vespe_OneDrive_Escritorio_ProyectosPersonales_Curso-Coder-Java_proyecto-main_crud_proyecto] INFO  o.eclipse.m2e.core.internal.Bundles - 	Entry: C:\Users\vespe\.p2\pool\plugins\org.eclipse.m2e.maven.runtime_3.9.900.20240824-1409\jars\jansi-2.4.1.jar
2025-07-20 02:42:07,690 [Worker-80: Launching Executing clean in C__Users_vespe_OneDrive_Escritorio_ProyectosPersonales_Curso-Coder-Java_proyecto-main_crud_proyecto] INFO  o.eclipse.m2e.core.internal.Bundles - 	Entry: C:\Users\vespe\.p2\pool\plugins\org.eclipse.m2e.maven.runtime_3.9.900.20240824-1409\jars\jcl-over-slf4j-1.7.36.jar
2025-07-20 02:42:07,690 [Worker-80: Launching Executing clean in C__Users_vespe_OneDrive_Escritorio_ProyectosPersonales_Curso-Coder-Java_proyecto-main_crud_proyecto] INFO  o.eclipse.m2e.core.internal.Bundles - 	Entry: C:\Users\vespe\.p2\pool\plugins\org.eclipse.m2e.maven.runtime_3.9.900.20240824-1409\jars\maven-artifact-3.9.9.jar
2025-07-20 02:42:07,690 [Worker-80: Launching Executing clean in C__Users_vespe_OneDrive_Escritorio_ProyectosPersonales_Curso-Coder-Java_proyecto-main_crud_proyecto] INFO  o.eclipse.m2e.core.internal.Bundles - 	Entry: C:\Users\vespe\.p2\pool\plugins\org.eclipse.m2e.maven.runtime_3.9.900.20240824-1409\jars\maven-builder-support-3.9.9.jar
2025-07-20 02:42:07,690 [Worker-80: Launching Executing clean in C__Users_vespe_OneDrive_Escritorio_ProyectosPersonales_Curso-Coder-Java_proyecto-main_crud_proyecto] INFO  o.eclipse.m2e.core.internal.Bundles - 	Entry: C:\Users\vespe\.p2\pool\plugins\org.eclipse.m2e.maven.runtime_3.9.900.20240824-1409\jars\maven-compat-3.9.9.jar
2025-07-20 02:42:07,690 [Worker-80: Launching Executing clean in C__Users_vespe_OneDrive_Escritorio_ProyectosPersonales_Curso-Coder-Java_proyecto-main_crud_proyecto] INFO  o.eclipse.m2e.core.internal.Bundles - 	Entry: C:\Users\vespe\.p2\pool\plugins\org.eclipse.m2e.maven.runtime_3.9.900.20240824-1409\jars\maven-core-3.9.9.jar
2025-07-20 02:42:07,690 [Worker-80: Launching Executing clean in C__Users_vespe_OneDrive_Escritorio_ProyectosPersonales_Curso-Coder-Java_proyecto-main_crud_proyecto] INFO  o.eclipse.m2e.core.internal.Bundles - 	Entry: C:\Users\vespe\.p2\pool\plugins\org.eclipse.m2e.maven.runtime_3.9.900.20240824-1409\jars\maven-embedder-3.9.9.jar
2025-07-20 02:42:07,690 [Worker-80: Launching Executing clean in C__Users_vespe_OneDrive_Escritorio_ProyectosPersonales_Curso-Coder-Java_proyecto-main_crud_proyecto] INFO  o.eclipse.m2e.core.internal.Bundles - 	Entry: C:\Users\vespe\.p2\pool\plugins\org.eclipse.m2e.maven.runtime_3.9.900.20240824-1409\jars\maven-model-3.9.9.jar
2025-07-20 02:42:07,690 [Worker-80: Launching Executing clean in C__Users_vespe_OneDrive_Escritorio_ProyectosPersonales_Curso-Coder-Java_proyecto-main_crud_proyecto] INFO  o.eclipse.m2e.core.internal.Bundles - 	Entry: C:\Users\vespe\.p2\pool\plugins\org.eclipse.m2e.maven.runtime_3.9.900.20240824-1409\jars\maven-model-builder-3.9.9.jar
2025-07-20 02:42:07,690 [Worker-80: Launching Executing clean in C__Users_vespe_OneDrive_Escritorio_ProyectosPersonales_Curso-Coder-Java_proyecto-main_crud_proyecto] INFO  o.eclipse.m2e.core.internal.Bundles - 	Entry: C:\Users\vespe\.p2\pool\plugins\org.eclipse.m2e.maven.runtime_3.9.900.20240824-1409\jars\maven-plugin-api-3.9.9.jar
2025-07-20 02:42:07,690 [Worker-80: Launching Executing clean in C__Users_vespe_OneDrive_Escritorio_ProyectosPersonales_Curso-Coder-Java_proyecto-main_crud_proyecto] INFO  o.eclipse.m2e.core.internal.Bundles - 	Entry: C:\Users\vespe\.p2\pool\plugins\org.eclipse.m2e.maven.runtime_3.9.900.20240824-1409\jars\maven-repository-metadata-3.9.9.jar
2025-07-20 02:42:07,690 [Worker-80: Launching Executing clean in C__Users_vespe_OneDrive_Escritorio_ProyectosPersonales_Curso-Coder-Java_proyecto-main_crud_proyecto] INFO  o.eclipse.m2e.core.internal.Bundles - 	Entry: C:\Users\vespe\.p2\pool\plugins\org.eclipse.m2e.maven.runtime_3.9.900.20240824-1409\jars\maven-resolver-api-1.9.22.jar
2025-07-20 02:42:07,690 [Worker-80: Launching Executing clean in C__Users_vespe_OneDrive_Escritorio_ProyectosPersonales_Curso-Coder-Java_proyecto-main_crud_proyecto] INFO  o.eclipse.m2e.core.internal.Bundles - 	Entry: C:\Users\vespe\.p2\pool\plugins\org.eclipse.m2e.maven.runtime_3.9.900.20240824-1409\jars\maven-resolver-connector-basic-1.9.22.jar
2025-07-20 02:42:07,690 [Worker-80: Launching Executing clean in C__Users_vespe_OneDrive_Escritorio_ProyectosPersonales_Curso-Coder-Java_proyecto-main_crud_proyecto] INFO  o.eclipse.m2e.core.internal.Bundles - 	Entry: C:\Users\vespe\.p2\pool\plugins\org.eclipse.m2e.maven.runtime_3.9.900.20240824-1409\jars\maven-resolver-impl-1.9.22.jar
2025-07-20 02:42:07,691 [Worker-80: Launching Executing clean in C__Users_vespe_OneDrive_Escritorio_ProyectosPersonales_Curso-Coder-Java_proyecto-main_crud_proyecto] INFO  o.eclipse.m2e.core.internal.Bundles - 	Entry: C:\Users\vespe\.p2\pool\plugins\org.eclipse.m2e.maven.runtime_3.9.900.20240824-1409\jars\maven-resolver-named-locks-1.9.22.jar
2025-07-20 02:42:07,691 [Worker-80: Launching Executing clean in C__Users_vespe_OneDrive_Escritorio_ProyectosPersonales_Curso-Coder-Java_proyecto-main_crud_proyecto] INFO  o.eclipse.m2e.core.internal.Bundles - 	Entry: C:\Users\vespe\.p2\pool\plugins\org.eclipse.m2e.maven.runtime_3.9.900.20240824-1409\jars\maven-resolver-provider-3.9.9.jar
2025-07-20 02:42:07,691 [Worker-80: Launching Executing clean in C__Users_vespe_OneDrive_Escritorio_ProyectosPersonales_Curso-Coder-Java_proyecto-main_crud_proyecto] INFO  o.eclipse.m2e.core.internal.Bundles - 	Entry: C:\Users\vespe\.p2\pool\plugins\org.eclipse.m2e.maven.runtime_3.9.900.20240824-1409\jars\maven-resolver-spi-1.9.22.jar
2025-07-20 02:42:07,691 [Worker-80: Launching Executing clean in C__Users_vespe_OneDrive_Escritorio_ProyectosPersonales_Curso-Coder-Java_proyecto-main_crud_proyecto] INFO  o.eclipse.m2e.core.internal.Bundles - 	Entry: C:\Users\vespe\.p2\pool\plugins\org.eclipse.m2e.maven.runtime_3.9.900.20240824-1409\jars\maven-resolver-transport-file-1.9.22.jar
2025-07-20 02:42:07,691 [Worker-80: Launching Executing clean in C__Users_vespe_OneDrive_Escritorio_ProyectosPersonales_Curso-Coder-Java_proyecto-main_crud_proyecto] INFO  o.eclipse.m2e.core.internal.Bundles - 	Entry: C:\Users\vespe\.p2\pool\plugins\org.eclipse.m2e.maven.runtime_3.9.900.20240824-1409\jars\maven-resolver-transport-http-1.9.22.jar
2025-07-20 02:42:07,691 [Worker-80: Launching Executing clean in C__Users_vespe_OneDrive_Escritorio_ProyectosPersonales_Curso-Coder-Java_proyecto-main_crud_proyecto] INFO  o.eclipse.m2e.core.internal.Bundles - 	Entry: C:\Users\vespe\.p2\pool\plugins\org.eclipse.m2e.maven.runtime_3.9.900.20240824-1409\jars\maven-resolver-transport-wagon-1.9.22.jar
2025-07-20 02:42:07,691 [Worker-80: Launching Executing clean in C__Users_vespe_OneDrive_Escritorio_ProyectosPersonales_Curso-Coder-Java_proyecto-main_crud_proyecto] INFO  o.eclipse.m2e.core.internal.Bundles - 	Entry: C:\Users\vespe\.p2\pool\plugins\org.eclipse.m2e.maven.runtime_3.9.900.20240824-1409\jars\maven-resolver-util-1.9.22.jar
2025-07-20 02:42:07,691 [Worker-80: Launching Executing clean in C__Users_vespe_OneDrive_Escritorio_ProyectosPersonales_Curso-Coder-Java_proyecto-main_crud_proyecto] INFO  o.eclipse.m2e.core.internal.Bundles - 	Entry: C:\Users\vespe\.p2\pool\plugins\org.eclipse.m2e.maven.runtime_3.9.900.20240824-1409\jars\maven-settings-3.9.9.jar
2025-07-20 02:42:07,691 [Worker-80: Launching Executing clean in C__Users_vespe_OneDrive_Escritorio_ProyectosPersonales_Curso-Coder-Java_proyecto-main_crud_proyecto] INFO  o.eclipse.m2e.core.internal.Bundles - 	Entry: C:\Users\vespe\.p2\pool\plugins\org.eclipse.m2e.maven.runtime_3.9.900.20240824-1409\jars\maven-settings-builder-3.9.9.jar
2025-07-20 02:42:07,691 [Worker-80: Launching Executing clean in C__Users_vespe_OneDrive_Escritorio_ProyectosPersonales_Curso-Coder-Java_proyecto-main_crud_proyecto] INFO  o.eclipse.m2e.core.internal.Bundles - 	Entry: C:\Users\vespe\.p2\pool\plugins\org.eclipse.m2e.maven.runtime_3.9.900.20240824-1409\jars\maven-shared-utils-3.4.2.jar
2025-07-20 02:42:07,691 [Worker-80: Launching Executing clean in C__Users_vespe_OneDrive_Escritorio_ProyectosPersonales_Curso-Coder-Java_proyecto-main_crud_proyecto] INFO  o.eclipse.m2e.core.internal.Bundles - 	Entry: C:\Users\vespe\.p2\pool\plugins\org.eclipse.m2e.maven.runtime_3.9.900.20240824-1409\jars\org.eclipse.sisu.inject-0.9.0.M3.jar
2025-07-20 02:42:07,691 [Worker-80: Launching Executing clean in C__Users_vespe_OneDrive_Escritorio_ProyectosPersonales_Curso-Coder-Java_proyecto-main_crud_proyecto] INFO  o.eclipse.m2e.core.internal.Bundles - 	Entry: C:\Users\vespe\.p2\pool\plugins\org.eclipse.m2e.maven.runtime_3.9.900.20240824-1409\jars\org.eclipse.sisu.plexus-0.9.0.M3.jar
2025-07-20 02:42:07,691 [Worker-80: Launching Executing clean in C__Users_vespe_OneDrive_Escritorio_ProyectosPersonales_Curso-Coder-Java_proyecto-main_crud_proyecto] INFO  o.eclipse.m2e.core.internal.Bundles - 	Entry: C:\Users\vespe\.p2\pool\plugins\org.eclipse.m2e.maven.runtime_3.9.900.20240824-1409\jars\plexus-build-api-0.0.7.jar
2025-07-20 02:42:07,692 [Worker-80: Launching Executing clean in C__Users_vespe_OneDrive_Escritorio_ProyectosPersonales_Curso-Coder-Java_proyecto-main_crud_proyecto] INFO  o.eclipse.m2e.core.internal.Bundles - 	Entry: C:\Users\vespe\.p2\pool\plugins\org.eclipse.m2e.maven.runtime_3.9.900.20240824-1409\jars\plexus-build-api-1.2.0.jar
2025-07-20 02:42:07,692 [Worker-80: Launching Executing clean in C__Users_vespe_OneDrive_Escritorio_ProyectosPersonales_Curso-Coder-Java_proyecto-main_crud_proyecto] INFO  o.eclipse.m2e.core.internal.Bundles - 	Entry: C:\Users\vespe\.p2\pool\plugins\org.eclipse.m2e.maven.runtime_3.9.900.20240824-1409\jars\plexus-cipher-2.0.jar
2025-07-20 02:42:07,692 [Worker-80: Launching Executing clean in C__Users_vespe_OneDrive_Escritorio_ProyectosPersonales_Curso-Coder-Java_proyecto-main_crud_proyecto] INFO  o.eclipse.m2e.core.internal.Bundles - 	Entry: C:\Users\vespe\.p2\pool\plugins\org.eclipse.m2e.maven.runtime_3.9.900.20240824-1409\jars\plexus-classworlds-2.8.0.jar
2025-07-20 02:42:07,692 [Worker-80: Launching Executing clean in C__Users_vespe_OneDrive_Escritorio_ProyectosPersonales_Curso-Coder-Java_proyecto-main_crud_proyecto] INFO  o.eclipse.m2e.core.internal.Bundles - 	Entry: C:\Users\vespe\.p2\pool\plugins\org.eclipse.m2e.maven.runtime_3.9.900.20240824-1409\jars\plexus-component-annotations-2.1.0.jar
2025-07-20 02:42:07,692 [Worker-80: Launching Executing clean in C__Users_vespe_OneDrive_Escritorio_ProyectosPersonales_Curso-Coder-Java_proyecto-main_crud_proyecto] INFO  o.eclipse.m2e.core.internal.Bundles - 	Entry: C:\Users\vespe\.p2\pool\plugins\org.eclipse.m2e.maven.runtime_3.9.900.20240824-1409\jars\plexus-interpolation-1.27.jar
2025-07-20 02:42:07,692 [Worker-80: Launching Executing clean in C__Users_vespe_OneDrive_Escritorio_ProyectosPersonales_Curso-Coder-Java_proyecto-main_crud_proyecto] INFO  o.eclipse.m2e.core.internal.Bundles - 	Entry: C:\Users\vespe\.p2\pool\plugins\org.eclipse.m2e.maven.runtime_3.9.900.20240824-1409\jars\plexus-sec-dispatcher-2.0.jar
2025-07-20 02:42:07,692 [Worker-80: Launching Executing clean in C__Users_vespe_OneDrive_Escritorio_ProyectosPersonales_Curso-Coder-Java_proyecto-main_crud_proyecto] INFO  o.eclipse.m2e.core.internal.Bundles - 	Entry: C:\Users\vespe\.p2\pool\plugins\org.eclipse.m2e.maven.runtime_3.9.900.20240824-1409\jars\plexus-utils-3.5.1.jar
2025-07-20 02:42:07,692 [Worker-80: Launching Executing clean in C__Users_vespe_OneDrive_Escritorio_ProyectosPersonales_Curso-Coder-Java_proyecto-main_crud_proyecto] INFO  o.eclipse.m2e.core.internal.Bundles - 	Entry: C:\Users\vespe\.p2\pool\plugins\org.eclipse.m2e.maven.runtime_3.9.900.20240824-1409\jars\plexus-xml-3.0.1.jar
2025-07-20 02:42:07,692 [Worker-80: Launching Executing clean in C__Users_vespe_OneDrive_Escritorio_ProyectosPersonales_Curso-Coder-Java_proyecto-main_crud_proyecto] INFO  o.eclipse.m2e.core.internal.Bundles - 	Entry: C:\Users\vespe\.p2\pool\plugins\org.eclipse.m2e.maven.runtime_3.9.900.20240824-1409\jars\wagon-file-3.5.3.jar
2025-07-20 02:42:07,692 [Worker-80: Launching Executing clean in C__Users_vespe_OneDrive_Escritorio_ProyectosPersonales_Curso-Coder-Java_proyecto-main_crud_proyecto] INFO  o.eclipse.m2e.core.internal.Bundles - 	Entry: C:\Users\vespe\.p2\pool\plugins\org.eclipse.m2e.maven.runtime_3.9.900.20240824-1409\jars\wagon-http-3.5.3.jar
2025-07-20 02:42:07,692 [Worker-80: Launching Executing clean in C__Users_vespe_OneDrive_Escritorio_ProyectosPersonales_Curso-Coder-Java_proyecto-main_crud_proyecto] INFO  o.eclipse.m2e.core.internal.Bundles - 	Entry: C:\Users\vespe\.p2\pool\plugins\org.eclipse.m2e.maven.runtime_3.9.900.20240824-1409\jars\wagon-http-shared-3.5.3.jar
2025-07-20 02:42:07,692 [Worker-80: Launching Executing clean in C__Users_vespe_OneDrive_Escritorio_ProyectosPersonales_Curso-Coder-Java_proyecto-main_crud_proyecto] INFO  o.eclipse.m2e.core.internal.Bundles - 	Entry: C:\Users\vespe\.p2\pool\plugins\org.eclipse.m2e.maven.runtime_3.9.900.20240824-1409\jars\wagon-provider-api-3.5.3.jar
2025-07-20 02:42:07,693 [Worker-80: Launching Executing clean in C__Users_vespe_OneDrive_Escritorio_ProyectosPersonales_Curso-Coder-Java_proyecto-main_crud_proyecto] INFO  o.eclipse.m2e.core.internal.Bundles - getClasspathEntries(Bundle=com.google.guava_33.3.1.jre [16])
2025-07-20 02:42:07,694 [Worker-80: Launching Executing clean in C__Users_vespe_OneDrive_Escritorio_ProyectosPersonales_Curso-Coder-Java_proyecto-main_crud_proyecto] INFO  o.eclipse.m2e.core.internal.Bundles - 	Entry: C:\Users\vespe\.p2\pool\plugins\com.google.guava_33.3.1.jre.jar
2025-07-20 02:42:07,694 [Worker-80: Launching Executing clean in C__Users_vespe_OneDrive_Escritorio_ProyectosPersonales_Curso-Coder-Java_proyecto-main_crud_proyecto] INFO  o.eclipse.m2e.core.internal.Bundles - getClasspathEntries(Bundle=slf4j.api_2.0.16 [1005])
2025-07-20 02:42:07,694 [Worker-80: Launching Executing clean in C__Users_vespe_OneDrive_Escritorio_ProyectosPersonales_Curso-Coder-Java_proyecto-main_crud_proyecto] INFO  o.eclipse.m2e.core.internal.Bundles - 	Entry: C:\Users\vespe\.p2\pool\plugins\slf4j.api_2.0.16.jar
2025-07-20 02:42:07,694 [Worker-80: Launching Executing clean in C__Users_vespe_OneDrive_Escritorio_ProyectosPersonales_Curso-Coder-Java_proyecto-main_crud_proyecto] INFO  o.eclipse.m2e.core.internal.Bundles - getClasspathEntries(Bundle=jakarta.inject.jakarta.inject-api_1.0.5 [34])
2025-07-20 02:42:07,694 [Worker-80: Launching Executing clean in C__Users_vespe_OneDrive_Escritorio_ProyectosPersonales_Curso-Coder-Java_proyecto-main_crud_proyecto] INFO  o.eclipse.m2e.core.internal.Bundles - 	Entry: C:\Users\vespe\.p2\pool\plugins\jakarta.inject.jakarta.inject-api_1.0.5.jar
2025-07-20 02:42:07,694 [Worker-80: Launching Executing clean in C__Users_vespe_OneDrive_Escritorio_ProyectosPersonales_Curso-Coder-Java_proyecto-main_crud_proyecto] INFO  o.eclipse.m2e.core.internal.Bundles - getClasspathEntries(Bundle=jakarta.annotation-api_1.3.5 [29])
2025-07-20 02:42:07,694 [Worker-80: Launching Executing clean in C__Users_vespe_OneDrive_Escritorio_ProyectosPersonales_Curso-Coder-Java_proyecto-main_crud_proyecto] INFO  o.eclipse.m2e.core.internal.Bundles - 	Entry: C:\Users\vespe\.p2\pool\plugins\jakarta.annotation-api_1.3.5.jar
2025-07-20 02:42:07,694 [Worker-80: Launching Executing clean in C__Users_vespe_OneDrive_Escritorio_ProyectosPersonales_Curso-Coder-Java_proyecto-main_crud_proyecto] INFO  o.eclipse.m2e.core.internal.Bundles - getClasspathEntries(Bundle=org.apache.commons.cli_1.9.0 [75])
2025-07-20 02:42:07,695 [Worker-80: Launching Executing clean in C__Users_vespe_OneDrive_Escritorio_ProyectosPersonales_Curso-Coder-Java_proyecto-main_crud_proyecto] INFO  o.eclipse.m2e.core.internal.Bundles - 	Entry: C:\Users\vespe\.p2\pool\plugins\org.apache.commons.cli_1.9.0.jar
2025-07-20 02:42:07,695 [Worker-80: Launching Executing clean in C__Users_vespe_OneDrive_Escritorio_ProyectosPersonales_Curso-Coder-Java_proyecto-main_crud_proyecto] INFO  o.eclipse.m2e.core.internal.Bundles - getClasspathEntries(Bundle=org.apache.commons.commons-codec_1.16.0 [78])
2025-07-20 02:42:07,695 [Worker-80: Launching Executing clean in C__Users_vespe_OneDrive_Escritorio_ProyectosPersonales_Curso-Coder-Java_proyecto-main_crud_proyecto] INFO  o.eclipse.m2e.core.internal.Bundles - 	Entry: C:\Users\vespe\.p2\pool\plugins\org.apache.commons.commons-codec_1.16.0.jar
2025-07-20 02:42:07,695 [Worker-80: Launching Executing clean in C__Users_vespe_OneDrive_Escritorio_ProyectosPersonales_Curso-Coder-Java_proyecto-main_crud_proyecto] INFO  o.eclipse.m2e.core.internal.Bundles - getClasspathEntries(Bundle=com.google.guava.failureaccess_1.0.2 [17])
2025-07-20 02:42:07,695 [Worker-80: Launching Executing clean in C__Users_vespe_OneDrive_Escritorio_ProyectosPersonales_Curso-Coder-Java_proyecto-main_crud_proyecto] INFO  o.eclipse.m2e.core.internal.Bundles - 	Entry: C:\Users\vespe\.p2\pool\plugins\com.google.guava.failureaccess_1.0.2.jar
2025-07-20 02:42:07,698 [Worker-80: Launching Executing clean in C__Users_vespe_OneDrive_Escritorio_ProyectosPersonales_Curso-Coder-Java_proyecto-main_crud_proyecto] INFO  o.e.m.i.launch.MavenLaunchDelegate - Run build in "C:\Users\vespe\OneDrive\Escritorio\ProyectosPersonales\Curso-Coder-Java\proyecto-main\crud_proyecto":
2025-07-20 02:42:07,700 [Worker-80: Launching Executing clean in C__Users_vespe_OneDrive_Escritorio_ProyectosPersonales_Curso-Coder-Java_proyecto-main_crud_proyecto] INFO  o.e.m.i.launch.MavenLaunchDelegate -  mvn  -B -Dstyle.color=always clean
2025-07-20 02:42:09,805 [Worker-79: Building] INFO  o.a.m.s.f.DefaultMavenResourcesFiltering - Copying 1 resource from src\main\resources to target\classes
2025-07-20 02:42:09,807 [Worker-79: Building] INFO  o.a.m.s.f.DefaultMavenResourcesFiltering - Copying 12 resources from src\main\resources to target\classes
2025-07-20 02:42:09,824 [Worker-79: Building] INFO  o.a.m.s.f.DefaultMavenResourcesFiltering - skip non existing resourceDirectory C:\Users\vespe\OneDrive\Escritorio\ProyectosPersonales\Curso-Coder-Java\proyecto-main\crud_proyecto\src\test\resources
2025-07-20 02:42:36,059 [Worker-81: Launching Executing install in C__Users_vespe_OneDrive_Escritorio_ProyectosPersonales_Curso-Coder-Java_proyecto-main_crud_proyecto] INFO  o.eclipse.m2e.core.internal.Bundles - getClasspathEntries(Bundle=org.eclipse.m2e.maven.runtime_3.9.900.20240824-1409 [638])
2025-07-20 02:42:36,059 [Worker-81: Launching Executing install in C__Users_vespe_OneDrive_Escritorio_ProyectosPersonales_Curso-Coder-Java_proyecto-main_crud_proyecto] INFO  o.eclipse.m2e.core.internal.Bundles - 	Entry: C:\Users\vespe\.p2\pool\plugins\org.eclipse.m2e.maven.runtime_3.9.900.20240824-1409
2025-07-20 02:42:36,059 [Worker-81: Launching Executing install in C__Users_vespe_OneDrive_Escritorio_ProyectosPersonales_Curso-Coder-Java_proyecto-main_crud_proyecto] INFO  o.eclipse.m2e.core.internal.Bundles - 	Entry: C:\Users\vespe\.p2\pool\plugins\org.eclipse.m2e.maven.runtime_3.9.900.20240824-1409\jars\aopalliance-1.0.jar
2025-07-20 02:42:36,060 [Worker-81: Launching Executing install in C__Users_vespe_OneDrive_Escritorio_ProyectosPersonales_Curso-Coder-Java_proyecto-main_crud_proyecto] INFO  o.eclipse.m2e.core.internal.Bundles - 	Entry: C:\Users\vespe\.p2\pool\plugins\org.eclipse.m2e.maven.runtime_3.9.900.20240824-1409\jars\guice-5.1.0.jar
2025-07-20 02:42:36,060 [Worker-81: Launching Executing install in C__Users_vespe_OneDrive_Escritorio_ProyectosPersonales_Curso-Coder-Java_proyecto-main_crud_proyecto] INFO  o.eclipse.m2e.core.internal.Bundles - 	Entry: C:\Users\vespe\.p2\pool\plugins\org.eclipse.m2e.maven.runtime_3.9.900.20240824-1409\jars\httpclient-4.5.14.jar
2025-07-20 02:42:36,060 [Worker-81: Launching Executing install in C__Users_vespe_OneDrive_Escritorio_ProyectosPersonales_Curso-Coder-Java_proyecto-main_crud_proyecto] INFO  o.eclipse.m2e.core.internal.Bundles - 	Entry: C:\Users\vespe\.p2\pool\plugins\org.eclipse.m2e.maven.runtime_3.9.900.20240824-1409\jars\httpcore-4.4.16.jar
2025-07-20 02:42:36,060 [Worker-81: Launching Executing install in C__Users_vespe_OneDrive_Escritorio_ProyectosPersonales_Curso-Coder-Java_proyecto-main_crud_proyecto] INFO  o.eclipse.m2e.core.internal.Bundles - 	Entry: C:\Users\vespe\.p2\pool\plugins\org.eclipse.m2e.maven.runtime_3.9.900.20240824-1409\jars\jansi-2.4.1.jar
2025-07-20 02:42:36,060 [Worker-81: Launching Executing install in C__Users_vespe_OneDrive_Escritorio_ProyectosPersonales_Curso-Coder-Java_proyecto-main_crud_proyecto] INFO  o.eclipse.m2e.core.internal.Bundles - 	Entry: C:\Users\vespe\.p2\pool\plugins\org.eclipse.m2e.maven.runtime_3.9.900.20240824-1409\jars\jcl-over-slf4j-1.7.36.jar
2025-07-20 02:42:36,060 [Worker-81: Launching Executing install in C__Users_vespe_OneDrive_Escritorio_ProyectosPersonales_Curso-Coder-Java_proyecto-main_crud_proyecto] INFO  o.eclipse.m2e.core.internal.Bundles - 	Entry: C:\Users\vespe\.p2\pool\plugins\org.eclipse.m2e.maven.runtime_3.9.900.20240824-1409\jars\maven-artifact-3.9.9.jar
2025-07-20 02:42:36,060 [Worker-81: Launching Executing install in C__Users_vespe_OneDrive_Escritorio_ProyectosPersonales_Curso-Coder-Java_proyecto-main_crud_proyecto] INFO  o.eclipse.m2e.core.internal.Bundles - 	Entry: C:\Users\vespe\.p2\pool\plugins\org.eclipse.m2e.maven.runtime_3.9.900.20240824-1409\jars\maven-builder-support-3.9.9.jar
2025-07-20 02:42:36,060 [Worker-81: Launching Executing install in C__Users_vespe_OneDrive_Escritorio_ProyectosPersonales_Curso-Coder-Java_proyecto-main_crud_proyecto] INFO  o.eclipse.m2e.core.internal.Bundles - 	Entry: C:\Users\vespe\.p2\pool\plugins\org.eclipse.m2e.maven.runtime_3.9.900.20240824-1409\jars\maven-compat-3.9.9.jar
2025-07-20 02:42:36,060 [Worker-81: Launching Executing install in C__Users_vespe_OneDrive_Escritorio_ProyectosPersonales_Curso-Coder-Java_proyecto-main_crud_proyecto] INFO  o.eclipse.m2e.core.internal.Bundles - 	Entry: C:\Users\vespe\.p2\pool\plugins\org.eclipse.m2e.maven.runtime_3.9.900.20240824-1409\jars\maven-core-3.9.9.jar
2025-07-20 02:42:36,060 [Worker-81: Launching Executing install in C__Users_vespe_OneDrive_Escritorio_ProyectosPersonales_Curso-Coder-Java_proyecto-main_crud_proyecto] INFO  o.eclipse.m2e.core.internal.Bundles - 	Entry: C:\Users\vespe\.p2\pool\plugins\org.eclipse.m2e.maven.runtime_3.9.900.20240824-1409\jars\maven-embedder-3.9.9.jar
2025-07-20 02:42:36,060 [Worker-81: Launching Executing install in C__Users_vespe_OneDrive_Escritorio_ProyectosPersonales_Curso-Coder-Java_proyecto-main_crud_proyecto] INFO  o.eclipse.m2e.core.internal.Bundles - 	Entry: C:\Users\vespe\.p2\pool\plugins\org.eclipse.m2e.maven.runtime_3.9.900.20240824-1409\jars\maven-model-3.9.9.jar
2025-07-20 02:42:36,060 [Worker-81: Launching Executing install in C__Users_vespe_OneDrive_Escritorio_ProyectosPersonales_Curso-Coder-Java_proyecto-main_crud_proyecto] INFO  o.eclipse.m2e.core.internal.Bundles - 	Entry: C:\Users\vespe\.p2\pool\plugins\org.eclipse.m2e.maven.runtime_3.9.900.20240824-1409\jars\maven-model-builder-3.9.9.jar
2025-07-20 02:42:36,060 [Worker-81: Launching Executing install in C__Users_vespe_OneDrive_Escritorio_ProyectosPersonales_Curso-Coder-Java_proyecto-main_crud_proyecto] INFO  o.eclipse.m2e.core.internal.Bundles - 	Entry: C:\Users\vespe\.p2\pool\plugins\org.eclipse.m2e.maven.runtime_3.9.900.20240824-1409\jars\maven-plugin-api-3.9.9.jar
2025-07-20 02:42:36,060 [Worker-81: Launching Executing install in C__Users_vespe_OneDrive_Escritorio_ProyectosPersonales_Curso-Coder-Java_proyecto-main_crud_proyecto] INFO  o.eclipse.m2e.core.internal.Bundles - 	Entry: C:\Users\vespe\.p2\pool\plugins\org.eclipse.m2e.maven.runtime_3.9.900.20240824-1409\jars\maven-repository-metadata-3.9.9.jar
2025-07-20 02:42:36,060 [Worker-81: Launching Executing install in C__Users_vespe_OneDrive_Escritorio_ProyectosPersonales_Curso-Coder-Java_proyecto-main_crud_proyecto] INFO  o.eclipse.m2e.core.internal.Bundles - 	Entry: C:\Users\vespe\.p2\pool\plugins\org.eclipse.m2e.maven.runtime_3.9.900.20240824-1409\jars\maven-resolver-api-1.9.22.jar
2025-07-20 02:42:36,060 [Worker-81: Launching Executing install in C__Users_vespe_OneDrive_Escritorio_ProyectosPersonales_Curso-Coder-Java_proyecto-main_crud_proyecto] INFO  o.eclipse.m2e.core.internal.Bundles - 	Entry: C:\Users\vespe\.p2\pool\plugins\org.eclipse.m2e.maven.runtime_3.9.900.20240824-1409\jars\maven-resolver-connector-basic-1.9.22.jar
2025-07-20 02:42:36,060 [Worker-81: Launching Executing install in C__Users_vespe_OneDrive_Escritorio_ProyectosPersonales_Curso-Coder-Java_proyecto-main_crud_proyecto] INFO  o.eclipse.m2e.core.internal.Bundles - 	Entry: C:\Users\vespe\.p2\pool\plugins\org.eclipse.m2e.maven.runtime_3.9.900.20240824-1409\jars\maven-resolver-impl-1.9.22.jar
2025-07-20 02:42:36,061 [Worker-81: Launching Executing install in C__Users_vespe_OneDrive_Escritorio_ProyectosPersonales_Curso-Coder-Java_proyecto-main_crud_proyecto] INFO  o.eclipse.m2e.core.internal.Bundles - 	Entry: C:\Users\vespe\.p2\pool\plugins\org.eclipse.m2e.maven.runtime_3.9.900.20240824-1409\jars\maven-resolver-named-locks-1.9.22.jar
2025-07-20 02:42:36,061 [Worker-81: Launching Executing install in C__Users_vespe_OneDrive_Escritorio_ProyectosPersonales_Curso-Coder-Java_proyecto-main_crud_proyecto] INFO  o.eclipse.m2e.core.internal.Bundles - 	Entry: C:\Users\vespe\.p2\pool\plugins\org.eclipse.m2e.maven.runtime_3.9.900.20240824-1409\jars\maven-resolver-provider-3.9.9.jar
2025-07-20 02:42:36,061 [Worker-81: Launching Executing install in C__Users_vespe_OneDrive_Escritorio_ProyectosPersonales_Curso-Coder-Java_proyecto-main_crud_proyecto] INFO  o.eclipse.m2e.core.internal.Bundles - 	Entry: C:\Users\vespe\.p2\pool\plugins\org.eclipse.m2e.maven.runtime_3.9.900.20240824-1409\jars\maven-resolver-spi-1.9.22.jar
2025-07-20 02:42:36,061 [Worker-81: Launching Executing install in C__Users_vespe_OneDrive_Escritorio_ProyectosPersonales_Curso-Coder-Java_proyecto-main_crud_proyecto] INFO  o.eclipse.m2e.core.internal.Bundles - 	Entry: C:\Users\vespe\.p2\pool\plugins\org.eclipse.m2e.maven.runtime_3.9.900.20240824-1409\jars\maven-resolver-transport-file-1.9.22.jar
2025-07-20 02:42:36,061 [Worker-81: Launching Executing install in C__Users_vespe_OneDrive_Escritorio_ProyectosPersonales_Curso-Coder-Java_proyecto-main_crud_proyecto] INFO  o.eclipse.m2e.core.internal.Bundles - 	Entry: C:\Users\vespe\.p2\pool\plugins\org.eclipse.m2e.maven.runtime_3.9.900.20240824-1409\jars\maven-resolver-transport-http-1.9.22.jar
2025-07-20 02:42:36,061 [Worker-81: Launching Executing install in C__Users_vespe_OneDrive_Escritorio_ProyectosPersonales_Curso-Coder-Java_proyecto-main_crud_proyecto] INFO  o.eclipse.m2e.core.internal.Bundles - 	Entry: C:\Users\vespe\.p2\pool\plugins\org.eclipse.m2e.maven.runtime_3.9.900.20240824-1409\jars\maven-resolver-transport-wagon-1.9.22.jar
2025-07-20 02:42:36,061 [Worker-81: Launching Executing install in C__Users_vespe_OneDrive_Escritorio_ProyectosPersonales_Curso-Coder-Java_proyecto-main_crud_proyecto] INFO  o.eclipse.m2e.core.internal.Bundles - 	Entry: C:\Users\vespe\.p2\pool\plugins\org.eclipse.m2e.maven.runtime_3.9.900.20240824-1409\jars\maven-resolver-util-1.9.22.jar
2025-07-20 02:42:36,061 [Worker-81: Launching Executing install in C__Users_vespe_OneDrive_Escritorio_ProyectosPersonales_Curso-Coder-Java_proyecto-main_crud_proyecto] INFO  o.eclipse.m2e.core.internal.Bundles - 	Entry: C:\Users\vespe\.p2\pool\plugins\org.eclipse.m2e.maven.runtime_3.9.900.20240824-1409\jars\maven-settings-3.9.9.jar
2025-07-20 02:42:36,061 [Worker-81: Launching Executing install in C__Users_vespe_OneDrive_Escritorio_ProyectosPersonales_Curso-Coder-Java_proyecto-main_crud_proyecto] INFO  o.eclipse.m2e.core.internal.Bundles - 	Entry: C:\Users\vespe\.p2\pool\plugins\org.eclipse.m2e.maven.runtime_3.9.900.20240824-1409\jars\maven-settings-builder-3.9.9.jar
2025-07-20 02:42:36,061 [Worker-81: Launching Executing install in C__Users_vespe_OneDrive_Escritorio_ProyectosPersonales_Curso-Coder-Java_proyecto-main_crud_proyecto] INFO  o.eclipse.m2e.core.internal.Bundles - 	Entry: C:\Users\vespe\.p2\pool\plugins\org.eclipse.m2e.maven.runtime_3.9.900.20240824-1409\jars\maven-shared-utils-3.4.2.jar
2025-07-20 02:42:36,061 [Worker-81: Launching Executing install in C__Users_vespe_OneDrive_Escritorio_ProyectosPersonales_Curso-Coder-Java_proyecto-main_crud_proyecto] INFO  o.eclipse.m2e.core.internal.Bundles - 	Entry: C:\Users\vespe\.p2\pool\plugins\org.eclipse.m2e.maven.runtime_3.9.900.20240824-1409\jars\org.eclipse.sisu.inject-0.9.0.M3.jar
2025-07-20 02:42:36,061 [Worker-81: Launching Executing install in C__Users_vespe_OneDrive_Escritorio_ProyectosPersonales_Curso-Coder-Java_proyecto-main_crud_proyecto] INFO  o.eclipse.m2e.core.internal.Bundles - 	Entry: C:\Users\vespe\.p2\pool\plugins\org.eclipse.m2e.maven.runtime_3.9.900.20240824-1409\jars\org.eclipse.sisu.plexus-0.9.0.M3.jar
2025-07-20 02:42:36,061 [Worker-81: Launching Executing install in C__Users_vespe_OneDrive_Escritorio_ProyectosPersonales_Curso-Coder-Java_proyecto-main_crud_proyecto] INFO  o.eclipse.m2e.core.internal.Bundles - 	Entry: C:\Users\vespe\.p2\pool\plugins\org.eclipse.m2e.maven.runtime_3.9.900.20240824-1409\jars\plexus-build-api-0.0.7.jar
2025-07-20 02:42:36,061 [Worker-81: Launching Executing install in C__Users_vespe_OneDrive_Escritorio_ProyectosPersonales_Curso-Coder-Java_proyecto-main_crud_proyecto] INFO  o.eclipse.m2e.core.internal.Bundles - 	Entry: C:\Users\vespe\.p2\pool\plugins\org.eclipse.m2e.maven.runtime_3.9.900.20240824-1409\jars\plexus-build-api-1.2.0.jar
2025-07-20 02:42:36,061 [Worker-81: Launching Executing install in C__Users_vespe_OneDrive_Escritorio_ProyectosPersonales_Curso-Coder-Java_proyecto-main_crud_proyecto] INFO  o.eclipse.m2e.core.internal.Bundles - 	Entry: C:\Users\vespe\.p2\pool\plugins\org.eclipse.m2e.maven.runtime_3.9.900.20240824-1409\jars\plexus-cipher-2.0.jar
2025-07-20 02:42:36,062 [Worker-81: Launching Executing install in C__Users_vespe_OneDrive_Escritorio_ProyectosPersonales_Curso-Coder-Java_proyecto-main_crud_proyecto] INFO  o.eclipse.m2e.core.internal.Bundles - 	Entry: C:\Users\vespe\.p2\pool\plugins\org.eclipse.m2e.maven.runtime_3.9.900.20240824-1409\jars\plexus-classworlds-2.8.0.jar
2025-07-20 02:42:36,062 [Worker-81: Launching Executing install in C__Users_vespe_OneDrive_Escritorio_ProyectosPersonales_Curso-Coder-Java_proyecto-main_crud_proyecto] INFO  o.eclipse.m2e.core.internal.Bundles - 	Entry: C:\Users\vespe\.p2\pool\plugins\org.eclipse.m2e.maven.runtime_3.9.900.20240824-1409\jars\plexus-component-annotations-2.1.0.jar
2025-07-20 02:42:36,062 [Worker-81: Launching Executing install in C__Users_vespe_OneDrive_Escritorio_ProyectosPersonales_Curso-Coder-Java_proyecto-main_crud_proyecto] INFO  o.eclipse.m2e.core.internal.Bundles - 	Entry: C:\Users\vespe\.p2\pool\plugins\org.eclipse.m2e.maven.runtime_3.9.900.20240824-1409\jars\plexus-interpolation-1.27.jar
2025-07-20 02:42:36,062 [Worker-81: Launching Executing install in C__Users_vespe_OneDrive_Escritorio_ProyectosPersonales_Curso-Coder-Java_proyecto-main_crud_proyecto] INFO  o.eclipse.m2e.core.internal.Bundles - 	Entry: C:\Users\vespe\.p2\pool\plugins\org.eclipse.m2e.maven.runtime_3.9.900.20240824-1409\jars\plexus-sec-dispatcher-2.0.jar
2025-07-20 02:42:36,062 [Worker-81: Launching Executing install in C__Users_vespe_OneDrive_Escritorio_ProyectosPersonales_Curso-Coder-Java_proyecto-main_crud_proyecto] INFO  o.eclipse.m2e.core.internal.Bundles - 	Entry: C:\Users\vespe\.p2\pool\plugins\org.eclipse.m2e.maven.runtime_3.9.900.20240824-1409\jars\plexus-utils-3.5.1.jar
2025-07-20 02:42:36,062 [Worker-81: Launching Executing install in C__Users_vespe_OneDrive_Escritorio_ProyectosPersonales_Curso-Coder-Java_proyecto-main_crud_proyecto] INFO  o.eclipse.m2e.core.internal.Bundles - 	Entry: C:\Users\vespe\.p2\pool\plugins\org.eclipse.m2e.maven.runtime_3.9.900.20240824-1409\jars\plexus-xml-3.0.1.jar
2025-07-20 02:42:36,062 [Worker-81: Launching Executing install in C__Users_vespe_OneDrive_Escritorio_ProyectosPersonales_Curso-Coder-Java_proyecto-main_crud_proyecto] INFO  o.eclipse.m2e.core.internal.Bundles - 	Entry: C:\Users\vespe\.p2\pool\plugins\org.eclipse.m2e.maven.runtime_3.9.900.20240824-1409\jars\wagon-file-3.5.3.jar
2025-07-20 02:42:36,062 [Worker-81: Launching Executing install in C__Users_vespe_OneDrive_Escritorio_ProyectosPersonales_Curso-Coder-Java_proyecto-main_crud_proyecto] INFO  o.eclipse.m2e.core.internal.Bundles - 	Entry: C:\Users\vespe\.p2\pool\plugins\org.eclipse.m2e.maven.runtime_3.9.900.20240824-1409\jars\wagon-http-3.5.3.jar
2025-07-20 02:42:36,062 [Worker-81: Launching Executing install in C__Users_vespe_OneDrive_Escritorio_ProyectosPersonales_Curso-Coder-Java_proyecto-main_crud_proyecto] INFO  o.eclipse.m2e.core.internal.Bundles - 	Entry: C:\Users\vespe\.p2\pool\plugins\org.eclipse.m2e.maven.runtime_3.9.900.20240824-1409\jars\wagon-http-shared-3.5.3.jar
2025-07-20 02:42:36,062 [Worker-81: Launching Executing install in C__Users_vespe_OneDrive_Escritorio_ProyectosPersonales_Curso-Coder-Java_proyecto-main_crud_proyecto] INFO  o.eclipse.m2e.core.internal.Bundles - 	Entry: C:\Users\vespe\.p2\pool\plugins\org.eclipse.m2e.maven.runtime_3.9.900.20240824-1409\jars\wagon-provider-api-3.5.3.jar
2025-07-20 02:42:36,062 [Worker-81: Launching Executing install in C__Users_vespe_OneDrive_Escritorio_ProyectosPersonales_Curso-Coder-Java_proyecto-main_crud_proyecto] INFO  o.eclipse.m2e.core.internal.Bundles - getClasspathEntries(Bundle=com.google.guava_33.3.1.jre [16])
2025-07-20 02:42:36,063 [Worker-81: Launching Executing install in C__Users_vespe_OneDrive_Escritorio_ProyectosPersonales_Curso-Coder-Java_proyecto-main_crud_proyecto] INFO  o.eclipse.m2e.core.internal.Bundles - 	Entry: C:\Users\vespe\.p2\pool\plugins\com.google.guava_33.3.1.jre.jar
2025-07-20 02:42:36,063 [Worker-81: Launching Executing install in C__Users_vespe_OneDrive_Escritorio_ProyectosPersonales_Curso-Coder-Java_proyecto-main_crud_proyecto] INFO  o.eclipse.m2e.core.internal.Bundles - getClasspathEntries(Bundle=slf4j.api_2.0.16 [1005])
2025-07-20 02:42:36,063 [Worker-81: Launching Executing install in C__Users_vespe_OneDrive_Escritorio_ProyectosPersonales_Curso-Coder-Java_proyecto-main_crud_proyecto] INFO  o.eclipse.m2e.core.internal.Bundles - 	Entry: C:\Users\vespe\.p2\pool\plugins\slf4j.api_2.0.16.jar
2025-07-20 02:42:36,063 [Worker-81: Launching Executing install in C__Users_vespe_OneDrive_Escritorio_ProyectosPersonales_Curso-Coder-Java_proyecto-main_crud_proyecto] INFO  o.eclipse.m2e.core.internal.Bundles - getClasspathEntries(Bundle=jakarta.inject.jakarta.inject-api_1.0.5 [34])
2025-07-20 02:42:36,063 [Worker-81: Launching Executing install in C__Users_vespe_OneDrive_Escritorio_ProyectosPersonales_Curso-Coder-Java_proyecto-main_crud_proyecto] INFO  o.eclipse.m2e.core.internal.Bundles - 	Entry: C:\Users\vespe\.p2\pool\plugins\jakarta.inject.jakarta.inject-api_1.0.5.jar
2025-07-20 02:42:36,063 [Worker-81: Launching Executing install in C__Users_vespe_OneDrive_Escritorio_ProyectosPersonales_Curso-Coder-Java_proyecto-main_crud_proyecto] INFO  o.eclipse.m2e.core.internal.Bundles - getClasspathEntries(Bundle=jakarta.annotation-api_1.3.5 [29])
2025-07-20 02:42:36,063 [Worker-81: Launching Executing install in C__Users_vespe_OneDrive_Escritorio_ProyectosPersonales_Curso-Coder-Java_proyecto-main_crud_proyecto] INFO  o.eclipse.m2e.core.internal.Bundles - 	Entry: C:\Users\vespe\.p2\pool\plugins\jakarta.annotation-api_1.3.5.jar
2025-07-20 02:42:36,063 [Worker-81: Launching Executing install in C__Users_vespe_OneDrive_Escritorio_ProyectosPersonales_Curso-Coder-Java_proyecto-main_crud_proyecto] INFO  o.eclipse.m2e.core.internal.Bundles - getClasspathEntries(Bundle=org.apache.commons.cli_1.9.0 [75])
2025-07-20 02:42:36,063 [Worker-81: Launching Executing install in C__Users_vespe_OneDrive_Escritorio_ProyectosPersonales_Curso-Coder-Java_proyecto-main_crud_proyecto] INFO  o.eclipse.m2e.core.internal.Bundles - 	Entry: C:\Users\vespe\.p2\pool\plugins\org.apache.commons.cli_1.9.0.jar
2025-07-20 02:42:36,063 [Worker-81: Launching Executing install in C__Users_vespe_OneDrive_Escritorio_ProyectosPersonales_Curso-Coder-Java_proyecto-main_crud_proyecto] INFO  o.eclipse.m2e.core.internal.Bundles - getClasspathEntries(Bundle=org.apache.commons.commons-codec_1.16.0 [78])
2025-07-20 02:42:36,064 [Worker-81: Launching Executing install in C__Users_vespe_OneDrive_Escritorio_ProyectosPersonales_Curso-Coder-Java_proyecto-main_crud_proyecto] INFO  o.eclipse.m2e.core.internal.Bundles - 	Entry: C:\Users\vespe\.p2\pool\plugins\org.apache.commons.commons-codec_1.16.0.jar
2025-07-20 02:42:36,064 [Worker-81: Launching Executing install in C__Users_vespe_OneDrive_Escritorio_ProyectosPersonales_Curso-Coder-Java_proyecto-main_crud_proyecto] INFO  o.eclipse.m2e.core.internal.Bundles - getClasspathEntries(Bundle=com.google.guava.failureaccess_1.0.2 [17])
2025-07-20 02:42:36,064 [Worker-81: Launching Executing install in C__Users_vespe_OneDrive_Escritorio_ProyectosPersonales_Curso-Coder-Java_proyecto-main_crud_proyecto] INFO  o.eclipse.m2e.core.internal.Bundles - 	Entry: C:\Users\vespe\.p2\pool\plugins\com.google.guava.failureaccess_1.0.2.jar
2025-07-20 02:42:36,065 [Worker-81: Launching Executing install in C__Users_vespe_OneDrive_Escritorio_ProyectosPersonales_Curso-Coder-Java_proyecto-main_crud_proyecto] INFO  o.e.m.i.launch.MavenLaunchDelegate - Run build in "C:\Users\vespe\OneDrive\Escritorio\ProyectosPersonales\Curso-Coder-Java\proyecto-main\crud_proyecto":
2025-07-20 02:42:36,066 [Worker-81: Launching Executing install in C__Users_vespe_OneDrive_Escritorio_ProyectosPersonales_Curso-Coder-Java_proyecto-main_crud_proyecto] INFO  o.e.m.i.launch.MavenLaunchDelegate -  mvn  -B -Dstyle.color=always install
2025-07-20 02:42:53,553 [Worker-77: Building] INFO  o.a.m.s.f.DefaultMavenResourcesFiltering - Copying 1 resource from src\main\resources to target\classes
2025-07-20 02:42:53,556 [Worker-77: Building] INFO  o.a.m.s.f.DefaultMavenResourcesFiltering - Copying 12 resources from src\main\resources to target\classes
2025-07-20 02:42:53,577 [Worker-77: Building] INFO  o.a.m.s.f.DefaultMavenResourcesFiltering - skip non existing resourceDirectory C:\Users\vespe\OneDrive\Escritorio\ProyectosPersonales\Curso-Coder-Java\proyecto-main\crud_proyecto\src\test\resources
2025-07-21 13:52:47,276 [Worker-102: Updating Maven Project] INFO  o.e.m.c.i.p.ProjectConfigurationManager - Update started
2025-07-21 13:52:49,181 [Worker-102: Updating Maven Project] INFO  o.e.m.c.i.l.LifecycleMappingFactory - Using org.eclipse.m2e.jdt.JarLifecycleMapping lifecycle mapping for MavenProject: com.coderhouse:crud_proyecto:0.0.1-SNAPSHOT @ C:\Users\vespe\OneDrive\Escritorio\ProyectosPersonales\Curso-Coder-Java\proyecto-main\crud_proyecto\pom.xml.
2025-07-21 13:52:55,038 [Worker-102: Updating Maven Project] INFO  o.e.m.j.i.AbstractJavaProjectConfigurator - Adding source folder /crud_proyecto/src/main/java
2025-07-21 13:52:55,041 [Worker-102: Updating Maven Project] INFO  o.e.m.j.i.AbstractJavaProjectConfigurator - Adding resource folder /crud_proyecto/src/main/resources
2025-07-21 13:52:55,044 [Worker-102: Updating Maven Project] INFO  o.e.m.j.i.AbstractJavaProjectConfigurator - Adding resource folder /crud_proyecto/src/main/resources
2025-07-21 13:52:55,045 [Worker-102: Updating Maven Project] INFO  o.e.m.j.i.AbstractJavaProjectConfigurator - Adding source folder /crud_proyecto/src/test/java
2025-07-21 13:52:55,048 [Worker-102: Updating Maven Project] INFO  o.e.m.j.i.AbstractJavaProjectConfigurator - Adding resource folder /crud_proyecto/src/test/resources
2025-07-21 13:52:55,937 [Worker-102: Updating Maven Project] INFO  o.e.m.c.i.p.ProjectConfigurationManager - Update completed for 1 poms: local refresh takes 0.00 sec, refresh facades takes 7.00 sec, update config takes 1.00 sec 
2025-07-21 13:52:56,105 [Worker-118: Download sources and javadoc] INFO  o.a.http.impl.execchain.RetryExec - I/O exception (java.net.SocketException) caught when processing request to {s}->https://repo.maven.apache.org:443: java.security.NoSuchAlgorithmException: Error constructing implementation (algorithm: Default, provider: SunJSSE, class: sun.security.ssl.SSLContextImpl$DefaultSSLContext)
2025-07-21 13:52:56,105 [Worker-118: Download sources and javadoc] INFO  o.a.http.impl.execchain.RetryExec - Retrying request to {s}->https://repo.maven.apache.org:443
2025-07-21 13:52:56,144 [Worker-118: Download sources and javadoc] INFO  o.a.http.impl.execchain.RetryExec - I/O exception (java.net.SocketException) caught when processing request to {s}->https://repo.maven.apache.org:443: java.security.NoSuchAlgorithmException: Error constructing implementation (algorithm: Default, provider: SunJSSE, class: sun.security.ssl.SSLContextImpl$DefaultSSLContext)
2025-07-21 13:52:56,144 [Worker-118: Download sources and javadoc] INFO  o.a.http.impl.execchain.RetryExec - Retrying request to {s}->https://repo.maven.apache.org:443
2025-07-21 13:52:56,336 [Worker-118: Download sources and javadoc] INFO  o.a.http.impl.execchain.RetryExec - I/O exception (java.net.SocketException) caught when processing request to {s}->https://repo.maven.apache.org:443: java.security.NoSuchAlgorithmException: Error constructing implementation (algorithm: Default, provider: SunJSSE, class: sun.security.ssl.SSLContextImpl$DefaultSSLContext)
2025-07-21 13:52:56,336 [Worker-118: Download sources and javadoc] INFO  o.a.http.impl.execchain.RetryExec - Retrying request to {s}->https://repo.maven.apache.org:443
2025-07-21 13:52:56,401 [Worker-118: Download sources and javadoc] INFO  o.e.m.c.i.e.AbstractTransferListenerAdapter - Downloaded https://repo.maven.apache.org/maven2/org/thymeleaf/thymeleaf-spring6/3.1.3.RELEASE/thymeleaf-spring6-3.1.3.RELEASE-sources.jar
2025-07-21 13:52:56,407 [Worker-118: Download sources and javadoc] ERROR o.e.m.j.internal.DownloadSourcesJob - Could not download sources for org.thymeleaf:thymeleaf-spring6:3.1.3.RELEASE
org.eclipse.core.runtime.CoreException: Could not resolve artifact org.thymeleaf:thymeleaf-spring6:jar:sources:3.1.3.RELEASE
	at org.eclipse.m2e.core.internal.embedder.MavenImpl.lambda$7(MavenImpl.java:540)
	at org.eclipse.m2e.core.internal.embedder.MavenExecutionContext.executeBare(MavenExecutionContext.java:458)
	at org.eclipse.m2e.core.internal.embedder.MavenExecutionContext.execute(MavenExecutionContext.java:292)
	at org.eclipse.m2e.core.internal.embedder.MavenExecutionContext.execute(MavenExecutionContext.java:278)
	at org.eclipse.m2e.core.internal.embedder.MavenImpl.resolve(MavenImpl.java:509)
	at org.eclipse.m2e.core.internal.embedder.MavenImpl.resolve(MavenImpl.java:494)
	at org.eclipse.m2e.jdt.internal.DownloadSourcesJob.download(DownloadSourcesJob.java:308)
	at org.eclipse.m2e.jdt.internal.DownloadSourcesJob.downloadAttachments(DownloadSourcesJob.java:282)
	at org.eclipse.m2e.jdt.internal.DownloadSourcesJob.downloadMaven(DownloadSourcesJob.java:252)
	at org.eclipse.m2e.jdt.internal.DownloadSourcesJob.downloadFilesAndPopulateToUpdate(DownloadSourcesJob.java:220)
	at org.eclipse.m2e.jdt.internal.DownloadSourcesJob.lambda$0(DownloadSourcesJob.java:149)
	at org.eclipse.m2e.core.internal.embedder.MavenExecutionContext.executeBare(MavenExecutionContext.java:458)
	at org.eclipse.m2e.core.internal.embedder.MavenExecutionContext.execute(MavenExecutionContext.java:339)
	at org.eclipse.m2e.core.internal.embedder.MavenExecutionContext.execute(MavenExecutionContext.java:278)
	at org.eclipse.m2e.core.embedder.IMaven.execute(IMaven.java:300)
	at org.eclipse.m2e.jdt.internal.DownloadSourcesJob.run(DownloadSourcesJob.java:149)
	at org.eclipse.core.internal.jobs.Worker.run(Worker.java:63)
2025-07-21 13:52:56,473 [Worker-118: Download sources and javadoc] INFO  o.a.http.impl.execchain.RetryExec - I/O exception (java.net.SocketException) caught when processing request to {s}->https://repo.maven.apache.org:443: java.security.NoSuchAlgorithmException: Error constructing implementation (algorithm: Default, provider: SunJSSE, class: sun.security.ssl.SSLContextImpl$DefaultSSLContext)
2025-07-21 13:52:56,473 [Worker-118: Download sources and javadoc] INFO  o.a.http.impl.execchain.RetryExec - Retrying request to {s}->https://repo.maven.apache.org:443
2025-07-21 13:52:56,543 [Worker-118: Download sources and javadoc] INFO  o.a.http.impl.execchain.RetryExec - I/O exception (java.net.SocketException) caught when processing request to {s}->https://repo.maven.apache.org:443: java.security.NoSuchAlgorithmException: Error constructing implementation (algorithm: Default, provider: SunJSSE, class: sun.security.ssl.SSLContextImpl$DefaultSSLContext)
2025-07-21 13:52:56,543 [Worker-118: Download sources and javadoc] INFO  o.a.http.impl.execchain.RetryExec - Retrying request to {s}->https://repo.maven.apache.org:443
2025-07-21 13:52:56,670 [Worker-118: Download sources and javadoc] INFO  o.a.http.impl.execchain.RetryExec - I/O exception (java.net.SocketException) caught when processing request to {s}->https://repo.maven.apache.org:443: java.security.NoSuchAlgorithmException: Error constructing implementation (algorithm: Default, provider: SunJSSE, class: sun.security.ssl.SSLContextImpl$DefaultSSLContext)
2025-07-21 13:52:56,672 [Worker-118: Download sources and javadoc] INFO  o.a.http.impl.execchain.RetryExec - Retrying request to {s}->https://repo.maven.apache.org:443
2025-07-21 13:52:56,722 [Worker-118: Download sources and javadoc] INFO  o.e.m.c.i.e.AbstractTransferListenerAdapter - Downloaded https://repo.maven.apache.org/maven2/org/thymeleaf/thymeleaf/3.1.3.RELEASE/thymeleaf-3.1.3.RELEASE-sources.jar
2025-07-21 13:52:56,730 [Worker-118: Download sources and javadoc] ERROR o.e.m.j.internal.DownloadSourcesJob - Could not download sources for org.thymeleaf:thymeleaf:3.1.3.RELEASE
org.eclipse.core.runtime.CoreException: Could not resolve artifact org.thymeleaf:thymeleaf:jar:sources:3.1.3.RELEASE
	at org.eclipse.m2e.core.internal.embedder.MavenImpl.lambda$7(MavenImpl.java:540)
	at org.eclipse.m2e.core.internal.embedder.MavenExecutionContext.executeBare(MavenExecutionContext.java:458)
	at org.eclipse.m2e.core.internal.embedder.MavenExecutionContext.execute(MavenExecutionContext.java:292)
	at org.eclipse.m2e.core.internal.embedder.MavenExecutionContext.execute(MavenExecutionContext.java:278)
	at org.eclipse.m2e.core.internal.embedder.MavenImpl.resolve(MavenImpl.java:509)
	at org.eclipse.m2e.core.internal.embedder.MavenImpl.resolve(MavenImpl.java:494)
	at org.eclipse.m2e.jdt.internal.DownloadSourcesJob.download(DownloadSourcesJob.java:308)
	at org.eclipse.m2e.jdt.internal.DownloadSourcesJob.downloadAttachments(DownloadSourcesJob.java:282)
	at org.eclipse.m2e.jdt.internal.DownloadSourcesJob.downloadMaven(DownloadSourcesJob.java:252)
	at org.eclipse.m2e.jdt.internal.DownloadSourcesJob.downloadFilesAndPopulateToUpdate(DownloadSourcesJob.java:220)
	at org.eclipse.m2e.jdt.internal.DownloadSourcesJob.lambda$0(DownloadSourcesJob.java:149)
	at org.eclipse.m2e.core.internal.embedder.MavenExecutionContext.executeBare(MavenExecutionContext.java:458)
	at org.eclipse.m2e.core.internal.embedder.MavenExecutionContext.execute(MavenExecutionContext.java:339)
	at org.eclipse.m2e.core.internal.embedder.MavenExecutionContext.execute(MavenExecutionContext.java:278)
	at org.eclipse.m2e.core.embedder.IMaven.execute(IMaven.java:300)
	at org.eclipse.m2e.jdt.internal.DownloadSourcesJob.run(DownloadSourcesJob.java:149)
	at org.eclipse.core.internal.jobs.Worker.run(Worker.java:63)
2025-07-21 13:52:56,804 [Worker-118: Download sources and javadoc] INFO  o.a.http.impl.execchain.RetryExec - I/O exception (java.net.SocketException) caught when processing request to {s}->https://repo.maven.apache.org:443: java.security.NoSuchAlgorithmException: Error constructing implementation (algorithm: Default, provider: SunJSSE, class: sun.security.ssl.SSLContextImpl$DefaultSSLContext)
2025-07-21 13:52:56,804 [Worker-118: Download sources and javadoc] INFO  o.a.http.impl.execchain.RetryExec - Retrying request to {s}->https://repo.maven.apache.org:443
2025-07-21 13:52:56,879 [Worker-118: Download sources and javadoc] INFO  o.a.http.impl.execchain.RetryExec - I/O exception (java.net.SocketException) caught when processing request to {s}->https://repo.maven.apache.org:443: java.security.NoSuchAlgorithmException: Error constructing implementation (algorithm: Default, provider: SunJSSE, class: sun.security.ssl.SSLContextImpl$DefaultSSLContext)
2025-07-21 13:52:56,879 [Worker-118: Download sources and javadoc] INFO  o.a.http.impl.execchain.RetryExec - Retrying request to {s}->https://repo.maven.apache.org:443
2025-07-21 13:52:56,926 [Worker-118: Download sources and javadoc] INFO  o.a.http.impl.execchain.RetryExec - I/O exception (java.net.SocketException) caught when processing request to {s}->https://repo.maven.apache.org:443: java.security.NoSuchAlgorithmException: Error constructing implementation (algorithm: Default, provider: SunJSSE, class: sun.security.ssl.SSLContextImpl$DefaultSSLContext)
2025-07-21 13:52:56,926 [Worker-118: Download sources and javadoc] INFO  o.a.http.impl.execchain.RetryExec - Retrying request to {s}->https://repo.maven.apache.org:443
2025-07-21 13:52:56,964 [Worker-118: Download sources and javadoc] INFO  o.e.m.c.i.e.AbstractTransferListenerAdapter - Downloaded https://repo.maven.apache.org/maven2/org/attoparser/attoparser/2.0.7.RELEASE/attoparser-2.0.7.RELEASE-sources.jar
2025-07-21 13:52:56,967 [Worker-118: Download sources and javadoc] ERROR o.e.m.j.internal.DownloadSourcesJob - Could not download sources for org.attoparser:attoparser:2.0.7.RELEASE
org.eclipse.core.runtime.CoreException: Could not resolve artifact org.attoparser:attoparser:jar:sources:2.0.7.RELEASE
	at org.eclipse.m2e.core.internal.embedder.MavenImpl.lambda$7(MavenImpl.java:540)
	at org.eclipse.m2e.core.internal.embedder.MavenExecutionContext.executeBare(MavenExecutionContext.java:458)
	at org.eclipse.m2e.core.internal.embedder.MavenExecutionContext.execute(MavenExecutionContext.java:292)
	at org.eclipse.m2e.core.internal.embedder.MavenExecutionContext.execute(MavenExecutionContext.java:278)
	at org.eclipse.m2e.core.internal.embedder.MavenImpl.resolve(MavenImpl.java:509)
	at org.eclipse.m2e.core.internal.embedder.MavenImpl.resolve(MavenImpl.java:494)
	at org.eclipse.m2e.jdt.internal.DownloadSourcesJob.download(DownloadSourcesJob.java:308)
	at org.eclipse.m2e.jdt.internal.DownloadSourcesJob.downloadAttachments(DownloadSourcesJob.java:282)
	at org.eclipse.m2e.jdt.internal.DownloadSourcesJob.downloadMaven(DownloadSourcesJob.java:252)
	at org.eclipse.m2e.jdt.internal.DownloadSourcesJob.downloadFilesAndPopulateToUpdate(DownloadSourcesJob.java:220)
	at org.eclipse.m2e.jdt.internal.DownloadSourcesJob.lambda$0(DownloadSourcesJob.java:149)
	at org.eclipse.m2e.core.internal.embedder.MavenExecutionContext.executeBare(MavenExecutionContext.java:458)
	at org.eclipse.m2e.core.internal.embedder.MavenExecutionContext.execute(MavenExecutionContext.java:339)
	at org.eclipse.m2e.core.internal.embedder.MavenExecutionContext.execute(MavenExecutionContext.java:278)
	at org.eclipse.m2e.core.embedder.IMaven.execute(IMaven.java:300)
	at org.eclipse.m2e.jdt.internal.DownloadSourcesJob.run(DownloadSourcesJob.java:149)
	at org.eclipse.core.internal.jobs.Worker.run(Worker.java:63)
2025-07-21 13:52:57,012 [Worker-118: Download sources and javadoc] INFO  o.a.http.impl.execchain.RetryExec - I/O exception (java.net.SocketException) caught when processing request to {s}->https://repo.maven.apache.org:443: java.security.NoSuchAlgorithmException: Error constructing implementation (algorithm: Default, provider: SunJSSE, class: sun.security.ssl.SSLContextImpl$DefaultSSLContext)
2025-07-21 13:52:57,012 [Worker-118: Download sources and javadoc] INFO  o.a.http.impl.execchain.RetryExec - Retrying request to {s}->https://repo.maven.apache.org:443
2025-07-21 13:52:57,050 [Worker-118: Download sources and javadoc] INFO  o.a.http.impl.execchain.RetryExec - I/O exception (java.net.SocketException) caught when processing request to {s}->https://repo.maven.apache.org:443: java.security.NoSuchAlgorithmException: Error constructing implementation (algorithm: Default, provider: SunJSSE, class: sun.security.ssl.SSLContextImpl$DefaultSSLContext)
2025-07-21 13:52:57,050 [Worker-118: Download sources and javadoc] INFO  o.a.http.impl.execchain.RetryExec - Retrying request to {s}->https://repo.maven.apache.org:443
2025-07-21 13:52:57,089 [Worker-118: Download sources and javadoc] INFO  o.a.http.impl.execchain.RetryExec - I/O exception (java.net.SocketException) caught when processing request to {s}->https://repo.maven.apache.org:443: java.security.NoSuchAlgorithmException: Error constructing implementation (algorithm: Default, provider: SunJSSE, class: sun.security.ssl.SSLContextImpl$DefaultSSLContext)
2025-07-21 13:52:57,089 [Worker-118: Download sources and javadoc] INFO  o.a.http.impl.execchain.RetryExec - Retrying request to {s}->https://repo.maven.apache.org:443
2025-07-21 13:52:57,126 [Worker-118: Download sources and javadoc] INFO  o.e.m.c.i.e.AbstractTransferListenerAdapter - Downloaded https://repo.maven.apache.org/maven2/org/unbescape/unbescape/1.1.6.RELEASE/unbescape-1.1.6.RELEASE-sources.jar
2025-07-21 13:52:57,129 [Worker-118: Download sources and javadoc] ERROR o.e.m.j.internal.DownloadSourcesJob - Could not download sources for org.unbescape:unbescape:1.1.6.RELEASE
org.eclipse.core.runtime.CoreException: Could not resolve artifact org.unbescape:unbescape:jar:sources:1.1.6.RELEASE
	at org.eclipse.m2e.core.internal.embedder.MavenImpl.lambda$7(MavenImpl.java:540)
	at org.eclipse.m2e.core.internal.embedder.MavenExecutionContext.executeBare(MavenExecutionContext.java:458)
	at org.eclipse.m2e.core.internal.embedder.MavenExecutionContext.execute(MavenExecutionContext.java:292)
	at org.eclipse.m2e.core.internal.embedder.MavenExecutionContext.execute(MavenExecutionContext.java:278)
	at org.eclipse.m2e.core.internal.embedder.MavenImpl.resolve(MavenImpl.java:509)
	at org.eclipse.m2e.core.internal.embedder.MavenImpl.resolve(MavenImpl.java:494)
	at org.eclipse.m2e.jdt.internal.DownloadSourcesJob.download(DownloadSourcesJob.java:308)
	at org.eclipse.m2e.jdt.internal.DownloadSourcesJob.downloadAttachments(DownloadSourcesJob.java:282)
	at org.eclipse.m2e.jdt.internal.DownloadSourcesJob.downloadMaven(DownloadSourcesJob.java:252)
	at org.eclipse.m2e.jdt.internal.DownloadSourcesJob.downloadFilesAndPopulateToUpdate(DownloadSourcesJob.java:220)
	at org.eclipse.m2e.jdt.internal.DownloadSourcesJob.lambda$0(DownloadSourcesJob.java:149)
	at org.eclipse.m2e.core.internal.embedder.MavenExecutionContext.executeBare(MavenExecutionContext.java:458)
	at org.eclipse.m2e.core.internal.embedder.MavenExecutionContext.execute(MavenExecutionContext.java:339)
	at org.eclipse.m2e.core.internal.embedder.MavenExecutionContext.execute(MavenExecutionContext.java:278)
	at org.eclipse.m2e.core.embedder.IMaven.execute(IMaven.java:300)
	at org.eclipse.m2e.jdt.internal.DownloadSourcesJob.run(DownloadSourcesJob.java:149)
	at org.eclipse.core.internal.jobs.Worker.run(Worker.java:63)
2025-07-21 13:52:57,651 [Worker-120: Building] INFO  o.a.m.s.f.DefaultMavenResourcesFiltering - Copying 1 resource from src\main\resources to target\classes
2025-07-21 13:52:57,683 [Worker-120: Building] INFO  o.a.m.s.f.DefaultMavenResourcesFiltering - Copying 12 resources from src\main\resources to target\classes
2025-07-21 13:52:57,733 [Worker-120: Building] INFO  o.a.m.s.f.DefaultMavenResourcesFiltering - skip non existing resourceDirectory C:\Users\vespe\OneDrive\Escritorio\ProyectosPersonales\Curso-Coder-Java\proyecto-main\crud_proyecto\src\test\resources
2025-07-21 13:56:43,521 [Worker-123: Building] INFO  o.a.m.s.f.DefaultMavenResourcesFiltering - Copying 1 resource from src\main\resources to target\classes
2025-07-21 13:56:43,530 [Worker-123: Building] INFO  o.a.m.s.f.DefaultMavenResourcesFiltering - Copying 12 resources from src\main\resources to target\classes
2025-07-21 13:56:43,536 [Worker-123: Building] INFO  o.a.m.s.f.DefaultMavenResourcesFiltering - skip non existing resourceDirectory C:\Users\vespe\OneDrive\Escritorio\ProyectosPersonales\Curso-Coder-Java\proyecto-main\crud_proyecto\src\test\resources
2025-07-21 13:58:47,257 [Worker-125: Building] INFO  o.a.m.s.f.DefaultMavenResourcesFiltering - Copying 1 resource from src\main\resources to target\classes
2025-07-21 13:58:47,266 [Worker-125: Building] INFO  o.a.m.s.f.DefaultMavenResourcesFiltering - Copying 12 resources from src\main\resources to target\classes
2025-07-21 13:58:47,272 [Worker-125: Building] INFO  o.a.m.s.f.DefaultMavenResourcesFiltering - skip non existing resourceDirectory C:\Users\vespe\OneDrive\Escritorio\ProyectosPersonales\Curso-Coder-Java\proyecto-main\crud_proyecto\src\test\resources
2025-07-21 13:59:10,726 [Worker-117: Building] INFO  o.a.m.s.f.DefaultMavenResourcesFiltering - Copying 1 resource from src\main\resources to target\classes
2025-07-21 13:59:10,734 [Worker-117: Building] INFO  o.a.m.s.f.DefaultMavenResourcesFiltering - Copying 12 resources from src\main\resources to target\classes
2025-07-21 13:59:10,740 [Worker-117: Building] INFO  o.a.m.s.f.DefaultMavenResourcesFiltering - skip non existing resourceDirectory C:\Users\vespe\OneDrive\Escritorio\ProyectosPersonales\Curso-Coder-Java\proyecto-main\crud_proyecto\src\test\resources
2025-07-21 13:59:25,333 [Worker-123: Download sources and javadoc] INFO  o.a.http.impl.execchain.RetryExec - I/O exception (java.net.SocketException) caught when processing request to {s}->https://repo.maven.apache.org:443: java.security.NoSuchAlgorithmException: Error constructing implementation (algorithm: Default, provider: SunJSSE, class: sun.security.ssl.SSLContextImpl$DefaultSSLContext)
2025-07-21 13:59:25,333 [Worker-123: Download sources and javadoc] INFO  o.a.http.impl.execchain.RetryExec - Retrying request to {s}->https://repo.maven.apache.org:443
2025-07-21 13:59:26,394 [Worker-123: Download sources and javadoc] INFO  o.a.http.impl.execchain.RetryExec - I/O exception (java.net.SocketException) caught when processing request to {s}->https://repo.maven.apache.org:443: java.security.NoSuchAlgorithmException: Error constructing implementation (algorithm: Default, provider: SunJSSE, class: sun.security.ssl.SSLContextImpl$DefaultSSLContext)
2025-07-21 13:59:26,394 [Worker-123: Download sources and javadoc] INFO  o.a.http.impl.execchain.RetryExec - Retrying request to {s}->https://repo.maven.apache.org:443
2025-07-21 13:59:26,431 [Worker-123: Download sources and javadoc] INFO  o.a.http.impl.execchain.RetryExec - I/O exception (java.net.SocketException) caught when processing request to {s}->https://repo.maven.apache.org:443: java.security.NoSuchAlgorithmException: Error constructing implementation (algorithm: Default, provider: SunJSSE, class: sun.security.ssl.SSLContextImpl$DefaultSSLContext)
2025-07-21 13:59:26,431 [Worker-123: Download sources and javadoc] INFO  o.a.http.impl.execchain.RetryExec - Retrying request to {s}->https://repo.maven.apache.org:443
2025-07-21 13:59:26,468 [Worker-123: Download sources and javadoc] INFO  o.e.m.c.i.e.AbstractTransferListenerAdapter - Downloaded https://repo.maven.apache.org/maven2/org/thymeleaf/thymeleaf-spring6/3.1.3.RELEASE/thymeleaf-spring6-3.1.3.RELEASE-javadoc.jar
2025-07-21 13:59:26,471 [Worker-123: Download sources and javadoc] ERROR o.e.m.j.internal.DownloadSourcesJob - Could not download javadoc for org.thymeleaf:thymeleaf-spring6:3.1.3.RELEASE
org.eclipse.core.runtime.CoreException: Could not resolve artifact org.thymeleaf:thymeleaf-spring6:jar:javadoc:3.1.3.RELEASE
	at org.eclipse.m2e.core.internal.embedder.MavenImpl.lambda$7(MavenImpl.java:540)
	at org.eclipse.m2e.core.internal.embedder.MavenExecutionContext.executeBare(MavenExecutionContext.java:458)
	at org.eclipse.m2e.core.internal.embedder.MavenExecutionContext.execute(MavenExecutionContext.java:292)
	at org.eclipse.m2e.core.internal.embedder.MavenExecutionContext.execute(MavenExecutionContext.java:278)
	at org.eclipse.m2e.core.internal.embedder.MavenImpl.resolve(MavenImpl.java:509)
	at org.eclipse.m2e.core.internal.embedder.MavenImpl.resolve(MavenImpl.java:494)
	at org.eclipse.m2e.jdt.internal.DownloadSourcesJob.download(DownloadSourcesJob.java:308)
	at org.eclipse.m2e.jdt.internal.DownloadSourcesJob.downloadAttachments(DownloadSourcesJob.java:294)
	at org.eclipse.m2e.jdt.internal.DownloadSourcesJob.downloadMaven(DownloadSourcesJob.java:252)
	at org.eclipse.m2e.jdt.internal.DownloadSourcesJob.downloadFilesAndPopulateToUpdate(DownloadSourcesJob.java:220)
	at org.eclipse.m2e.jdt.internal.DownloadSourcesJob.lambda$0(DownloadSourcesJob.java:149)
	at org.eclipse.m2e.core.internal.embedder.MavenExecutionContext.executeBare(MavenExecutionContext.java:458)
	at org.eclipse.m2e.core.internal.embedder.MavenExecutionContext.execute(MavenExecutionContext.java:339)
	at org.eclipse.m2e.core.internal.embedder.MavenExecutionContext.execute(MavenExecutionContext.java:278)
	at org.eclipse.m2e.core.embedder.IMaven.execute(IMaven.java:300)
	at org.eclipse.m2e.jdt.internal.DownloadSourcesJob.run(DownloadSourcesJob.java:149)
	at org.eclipse.core.internal.jobs.Worker.run(Worker.java:63)
2025-07-21 13:59:26,533 [Worker-123: Download sources and javadoc] INFO  o.a.http.impl.execchain.RetryExec - I/O exception (java.net.SocketException) caught when processing request to {s}->https://repo.maven.apache.org:443: java.security.NoSuchAlgorithmException: Error constructing implementation (algorithm: Default, provider: SunJSSE, class: sun.security.ssl.SSLContextImpl$DefaultSSLContext)
2025-07-21 13:59:26,534 [Worker-123: Download sources and javadoc] INFO  o.a.http.impl.execchain.RetryExec - Retrying request to {s}->https://repo.maven.apache.org:443
2025-07-21 13:59:26,570 [Worker-123: Download sources and javadoc] INFO  o.a.http.impl.execchain.RetryExec - I/O exception (java.net.SocketException) caught when processing request to {s}->https://repo.maven.apache.org:443: java.security.NoSuchAlgorithmException: Error constructing implementation (algorithm: Default, provider: SunJSSE, class: sun.security.ssl.SSLContextImpl$DefaultSSLContext)
2025-07-21 13:59:26,570 [Worker-123: Download sources and javadoc] INFO  o.a.http.impl.execchain.RetryExec - Retrying request to {s}->https://repo.maven.apache.org:443
2025-07-21 13:59:26,608 [Worker-123: Download sources and javadoc] INFO  o.a.http.impl.execchain.RetryExec - I/O exception (java.net.SocketException) caught when processing request to {s}->https://repo.maven.apache.org:443: java.security.NoSuchAlgorithmException: Error constructing implementation (algorithm: Default, provider: SunJSSE, class: sun.security.ssl.SSLContextImpl$DefaultSSLContext)
2025-07-21 13:59:26,609 [Worker-123: Download sources and javadoc] INFO  o.a.http.impl.execchain.RetryExec - Retrying request to {s}->https://repo.maven.apache.org:443
2025-07-21 13:59:26,646 [Worker-123: Download sources and javadoc] INFO  o.e.m.c.i.e.AbstractTransferListenerAdapter - Downloaded https://repo.maven.apache.org/maven2/org/thymeleaf/thymeleaf/3.1.3.RELEASE/thymeleaf-3.1.3.RELEASE-javadoc.jar
2025-07-21 13:59:26,649 [Worker-123: Download sources and javadoc] ERROR o.e.m.j.internal.DownloadSourcesJob - Could not download javadoc for org.thymeleaf:thymeleaf:3.1.3.RELEASE
org.eclipse.core.runtime.CoreException: Could not resolve artifact org.thymeleaf:thymeleaf:jar:javadoc:3.1.3.RELEASE
	at org.eclipse.m2e.core.internal.embedder.MavenImpl.lambda$7(MavenImpl.java:540)
	at org.eclipse.m2e.core.internal.embedder.MavenExecutionContext.executeBare(MavenExecutionContext.java:458)
	at org.eclipse.m2e.core.internal.embedder.MavenExecutionContext.execute(MavenExecutionContext.java:292)
	at org.eclipse.m2e.core.internal.embedder.MavenExecutionContext.execute(MavenExecutionContext.java:278)
	at org.eclipse.m2e.core.internal.embedder.MavenImpl.resolve(MavenImpl.java:509)
	at org.eclipse.m2e.core.internal.embedder.MavenImpl.resolve(MavenImpl.java:494)
	at org.eclipse.m2e.jdt.internal.DownloadSourcesJob.download(DownloadSourcesJob.java:308)
	at org.eclipse.m2e.jdt.internal.DownloadSourcesJob.downloadAttachments(DownloadSourcesJob.java:294)
	at org.eclipse.m2e.jdt.internal.DownloadSourcesJob.downloadMaven(DownloadSourcesJob.java:252)
	at org.eclipse.m2e.jdt.internal.DownloadSourcesJob.downloadFilesAndPopulateToUpdate(DownloadSourcesJob.java:220)
	at org.eclipse.m2e.jdt.internal.DownloadSourcesJob.lambda$0(DownloadSourcesJob.java:149)
	at org.eclipse.m2e.core.internal.embedder.MavenExecutionContext.executeBare(MavenExecutionContext.java:458)
	at org.eclipse.m2e.core.internal.embedder.MavenExecutionContext.execute(MavenExecutionContext.java:339)
	at org.eclipse.m2e.core.internal.embedder.MavenExecutionContext.execute(MavenExecutionContext.java:278)
	at org.eclipse.m2e.core.embedder.IMaven.execute(IMaven.java:300)
	at org.eclipse.m2e.jdt.internal.DownloadSourcesJob.run(DownloadSourcesJob.java:149)
	at org.eclipse.core.internal.jobs.Worker.run(Worker.java:63)
2025-07-21 13:59:26,689 [Worker-123: Download sources and javadoc] INFO  o.a.http.impl.execchain.RetryExec - I/O exception (java.net.SocketException) caught when processing request to {s}->https://repo.maven.apache.org:443: java.security.NoSuchAlgorithmException: Error constructing implementation (algorithm: Default, provider: SunJSSE, class: sun.security.ssl.SSLContextImpl$DefaultSSLContext)
2025-07-21 13:59:26,689 [Worker-123: Download sources and javadoc] INFO  o.a.http.impl.execchain.RetryExec - Retrying request to {s}->https://repo.maven.apache.org:443
2025-07-21 13:59:26,727 [Worker-123: Download sources and javadoc] INFO  o.a.http.impl.execchain.RetryExec - I/O exception (java.net.SocketException) caught when processing request to {s}->https://repo.maven.apache.org:443: java.security.NoSuchAlgorithmException: Error constructing implementation (algorithm: Default, provider: SunJSSE, class: sun.security.ssl.SSLContextImpl$DefaultSSLContext)
2025-07-21 13:59:26,727 [Worker-123: Download sources and javadoc] INFO  o.a.http.impl.execchain.RetryExec - Retrying request to {s}->https://repo.maven.apache.org:443
2025-07-21 13:59:26,764 [Worker-123: Download sources and javadoc] INFO  o.a.http.impl.execchain.RetryExec - I/O exception (java.net.SocketException) caught when processing request to {s}->https://repo.maven.apache.org:443: java.security.NoSuchAlgorithmException: Error constructing implementation (algorithm: Default, provider: SunJSSE, class: sun.security.ssl.SSLContextImpl$DefaultSSLContext)
2025-07-21 13:59:26,764 [Worker-123: Download sources and javadoc] INFO  o.a.http.impl.execchain.RetryExec - Retrying request to {s}->https://repo.maven.apache.org:443
2025-07-21 13:59:26,823 [Worker-123: Download sources and javadoc] INFO  o.e.m.c.i.e.AbstractTransferListenerAdapter - Downloaded https://repo.maven.apache.org/maven2/org/attoparser/attoparser/2.0.7.RELEASE/attoparser-2.0.7.RELEASE-javadoc.jar
2025-07-21 13:59:26,825 [Worker-123: Download sources and javadoc] ERROR o.e.m.j.internal.DownloadSourcesJob - Could not download javadoc for org.attoparser:attoparser:2.0.7.RELEASE
org.eclipse.core.runtime.CoreException: Could not resolve artifact org.attoparser:attoparser:jar:javadoc:2.0.7.RELEASE
	at org.eclipse.m2e.core.internal.embedder.MavenImpl.lambda$7(MavenImpl.java:540)
	at org.eclipse.m2e.core.internal.embedder.MavenExecutionContext.executeBare(MavenExecutionContext.java:458)
	at org.eclipse.m2e.core.internal.embedder.MavenExecutionContext.execute(MavenExecutionContext.java:292)
	at org.eclipse.m2e.core.internal.embedder.MavenExecutionContext.execute(MavenExecutionContext.java:278)
	at org.eclipse.m2e.core.internal.embedder.MavenImpl.resolve(MavenImpl.java:509)
	at org.eclipse.m2e.core.internal.embedder.MavenImpl.resolve(MavenImpl.java:494)
	at org.eclipse.m2e.jdt.internal.DownloadSourcesJob.download(DownloadSourcesJob.java:308)
	at org.eclipse.m2e.jdt.internal.DownloadSourcesJob.downloadAttachments(DownloadSourcesJob.java:294)
	at org.eclipse.m2e.jdt.internal.DownloadSourcesJob.downloadMaven(DownloadSourcesJob.java:252)
	at org.eclipse.m2e.jdt.internal.DownloadSourcesJob.downloadFilesAndPopulateToUpdate(DownloadSourcesJob.java:220)
	at org.eclipse.m2e.jdt.internal.DownloadSourcesJob.lambda$0(DownloadSourcesJob.java:149)
	at org.eclipse.m2e.core.internal.embedder.MavenExecutionContext.executeBare(MavenExecutionContext.java:458)
	at org.eclipse.m2e.core.internal.embedder.MavenExecutionContext.execute(MavenExecutionContext.java:339)
	at org.eclipse.m2e.core.internal.embedder.MavenExecutionContext.execute(MavenExecutionContext.java:278)
	at org.eclipse.m2e.core.embedder.IMaven.execute(IMaven.java:300)
	at org.eclipse.m2e.jdt.internal.DownloadSourcesJob.run(DownloadSourcesJob.java:149)
	at org.eclipse.core.internal.jobs.Worker.run(Worker.java:63)
2025-07-21 13:59:26,873 [Worker-123: Download sources and javadoc] INFO  o.a.http.impl.execchain.RetryExec - I/O exception (java.net.SocketException) caught when processing request to {s}->https://repo.maven.apache.org:443: java.security.NoSuchAlgorithmException: Error constructing implementation (algorithm: Default, provider: SunJSSE, class: sun.security.ssl.SSLContextImpl$DefaultSSLContext)
2025-07-21 13:59:26,873 [Worker-123: Download sources and javadoc] INFO  o.a.http.impl.execchain.RetryExec - Retrying request to {s}->https://repo.maven.apache.org:443
2025-07-21 13:59:26,920 [Worker-123: Download sources and javadoc] INFO  o.a.http.impl.execchain.RetryExec - I/O exception (java.net.SocketException) caught when processing request to {s}->https://repo.maven.apache.org:443: java.security.NoSuchAlgorithmException: Error constructing implementation (algorithm: Default, provider: SunJSSE, class: sun.security.ssl.SSLContextImpl$DefaultSSLContext)
2025-07-21 13:59:26,920 [Worker-123: Download sources and javadoc] INFO  o.a.http.impl.execchain.RetryExec - Retrying request to {s}->https://repo.maven.apache.org:443
2025-07-21 13:59:26,959 [Worker-123: Download sources and javadoc] INFO  o.a.http.impl.execchain.RetryExec - I/O exception (java.net.SocketException) caught when processing request to {s}->https://repo.maven.apache.org:443: java.security.NoSuchAlgorithmException: Error constructing implementation (algorithm: Default, provider: SunJSSE, class: sun.security.ssl.SSLContextImpl$DefaultSSLContext)
2025-07-21 13:59:26,959 [Worker-123: Download sources and javadoc] INFO  o.a.http.impl.execchain.RetryExec - Retrying request to {s}->https://repo.maven.apache.org:443
2025-07-21 13:59:27,000 [Worker-123: Download sources and javadoc] INFO  o.e.m.c.i.e.AbstractTransferListenerAdapter - Downloaded https://repo.maven.apache.org/maven2/org/unbescape/unbescape/1.1.6.RELEASE/unbescape-1.1.6.RELEASE-javadoc.jar
2025-07-21 13:59:27,003 [Worker-123: Download sources and javadoc] ERROR o.e.m.j.internal.DownloadSourcesJob - Could not download javadoc for org.unbescape:unbescape:1.1.6.RELEASE
org.eclipse.core.runtime.CoreException: Could not resolve artifact org.unbescape:unbescape:jar:javadoc:1.1.6.RELEASE
	at org.eclipse.m2e.core.internal.embedder.MavenImpl.lambda$7(MavenImpl.java:540)
	at org.eclipse.m2e.core.internal.embedder.MavenExecutionContext.executeBare(MavenExecutionContext.java:458)
	at org.eclipse.m2e.core.internal.embedder.MavenExecutionContext.execute(MavenExecutionContext.java:292)
	at org.eclipse.m2e.core.internal.embedder.MavenExecutionContext.execute(MavenExecutionContext.java:278)
	at org.eclipse.m2e.core.internal.embedder.MavenImpl.resolve(MavenImpl.java:509)
	at org.eclipse.m2e.core.internal.embedder.MavenImpl.resolve(MavenImpl.java:494)
	at org.eclipse.m2e.jdt.internal.DownloadSourcesJob.download(DownloadSourcesJob.java:308)
	at org.eclipse.m2e.jdt.internal.DownloadSourcesJob.downloadAttachments(DownloadSourcesJob.java:294)
	at org.eclipse.m2e.jdt.internal.DownloadSourcesJob.downloadMaven(DownloadSourcesJob.java:252)
	at org.eclipse.m2e.jdt.internal.DownloadSourcesJob.downloadFilesAndPopulateToUpdate(DownloadSourcesJob.java:220)
	at org.eclipse.m2e.jdt.internal.DownloadSourcesJob.lambda$0(DownloadSourcesJob.java:149)
	at org.eclipse.m2e.core.internal.embedder.MavenExecutionContext.executeBare(MavenExecutionContext.java:458)
	at org.eclipse.m2e.core.internal.embedder.MavenExecutionContext.execute(MavenExecutionContext.java:339)
	at org.eclipse.m2e.core.internal.embedder.MavenExecutionContext.execute(MavenExecutionContext.java:278)
	at org.eclipse.m2e.core.embedder.IMaven.execute(IMaven.java:300)
	at org.eclipse.m2e.jdt.internal.DownloadSourcesJob.run(DownloadSourcesJob.java:149)
	at org.eclipse.core.internal.jobs.Worker.run(Worker.java:63)
2025-07-21 14:12:21,811 [Worker-126: Building] INFO  o.a.m.s.f.DefaultMavenResourcesFiltering - Copying 0 resource from src\main\resources to target\classes
2025-07-21 14:12:21,814 [Worker-126: Building] INFO  o.a.m.s.f.DefaultMavenResourcesFiltering - Copying 1 resource from src\main\resources to target\classes
2025-07-21 14:12:21,820 [Worker-126: Building] INFO  o.a.m.s.f.DefaultMavenResourcesFiltering - skip non existing resourceDirectory C:\Users\vespe\OneDrive\Escritorio\ProyectosPersonales\Curso-Coder-Java\proyecto-main\crud_proyecto\src\test\resources
2025-07-21 14:13:02,459 [Worker-126: Building] INFO  o.a.m.s.f.DefaultMavenResourcesFiltering - Copying 1 resource from src\main\resources to target\classes
2025-07-21 14:13:02,476 [Worker-126: Building] INFO  o.a.m.s.f.DefaultMavenResourcesFiltering - Copying 0 resource from src\main\resources to target\classes
2025-07-21 14:13:02,479 [Worker-126: Building] INFO  o.a.m.s.f.DefaultMavenResourcesFiltering - skip non existing resourceDirectory C:\Users\vespe\OneDrive\Escritorio\ProyectosPersonales\Curso-Coder-Java\proyecto-main\crud_proyecto\src\test\resources
2025-07-21 14:14:23,225 [main] INFO  o.e.m2e.actions.ExecutePomAction - Creating new launch configuration
2025-07-21 14:14:26,640 [Worker-130: Launching crud_proyecto] INFO  o.eclipse.m2e.core.internal.Bundles - getClasspathEntries(Bundle=org.eclipse.m2e.maven.runtime_3.9.900.20240824-1409 [638])
2025-07-21 14:14:26,640 [Worker-130: Launching crud_proyecto] INFO  o.eclipse.m2e.core.internal.Bundles - 	Entry: C:\Users\vespe\.p2\pool\plugins\org.eclipse.m2e.maven.runtime_3.9.900.20240824-1409
2025-07-21 14:14:26,640 [Worker-130: Launching crud_proyecto] INFO  o.eclipse.m2e.core.internal.Bundles - 	Entry: C:\Users\vespe\.p2\pool\plugins\org.eclipse.m2e.maven.runtime_3.9.900.20240824-1409\jars\aopalliance-1.0.jar
2025-07-21 14:14:26,640 [Worker-130: Launching crud_proyecto] INFO  o.eclipse.m2e.core.internal.Bundles - 	Entry: C:\Users\vespe\.p2\pool\plugins\org.eclipse.m2e.maven.runtime_3.9.900.20240824-1409\jars\guice-5.1.0.jar
2025-07-21 14:14:26,641 [Worker-130: Launching crud_proyecto] INFO  o.eclipse.m2e.core.internal.Bundles - 	Entry: C:\Users\vespe\.p2\pool\plugins\org.eclipse.m2e.maven.runtime_3.9.900.20240824-1409\jars\httpclient-4.5.14.jar
2025-07-21 14:14:26,641 [Worker-130: Launching crud_proyecto] INFO  o.eclipse.m2e.core.internal.Bundles - 	Entry: C:\Users\vespe\.p2\pool\plugins\org.eclipse.m2e.maven.runtime_3.9.900.20240824-1409\jars\httpcore-4.4.16.jar
2025-07-21 14:14:26,641 [Worker-130: Launching crud_proyecto] INFO  o.eclipse.m2e.core.internal.Bundles - 	Entry: C:\Users\vespe\.p2\pool\plugins\org.eclipse.m2e.maven.runtime_3.9.900.20240824-1409\jars\jansi-2.4.1.jar
2025-07-21 14:14:26,641 [Worker-130: Launching crud_proyecto] INFO  o.eclipse.m2e.core.internal.Bundles - 	Entry: C:\Users\vespe\.p2\pool\plugins\org.eclipse.m2e.maven.runtime_3.9.900.20240824-1409\jars\jcl-over-slf4j-1.7.36.jar
2025-07-21 14:14:26,641 [Worker-130: Launching crud_proyecto] INFO  o.eclipse.m2e.core.internal.Bundles - 	Entry: C:\Users\vespe\.p2\pool\plugins\org.eclipse.m2e.maven.runtime_3.9.900.20240824-1409\jars\maven-artifact-3.9.9.jar
2025-07-21 14:14:26,642 [Worker-130: Launching crud_proyecto] INFO  o.eclipse.m2e.core.internal.Bundles - 	Entry: C:\Users\vespe\.p2\pool\plugins\org.eclipse.m2e.maven.runtime_3.9.900.20240824-1409\jars\maven-builder-support-3.9.9.jar
2025-07-21 14:14:26,642 [Worker-130: Launching crud_proyecto] INFO  o.eclipse.m2e.core.internal.Bundles - 	Entry: C:\Users\vespe\.p2\pool\plugins\org.eclipse.m2e.maven.runtime_3.9.900.20240824-1409\jars\maven-compat-3.9.9.jar
2025-07-21 14:14:26,642 [Worker-130: Launching crud_proyecto] INFO  o.eclipse.m2e.core.internal.Bundles - 	Entry: C:\Users\vespe\.p2\pool\plugins\org.eclipse.m2e.maven.runtime_3.9.900.20240824-1409\jars\maven-core-3.9.9.jar
2025-07-21 14:14:26,642 [Worker-130: Launching crud_proyecto] INFO  o.eclipse.m2e.core.internal.Bundles - 	Entry: C:\Users\vespe\.p2\pool\plugins\org.eclipse.m2e.maven.runtime_3.9.900.20240824-1409\jars\maven-embedder-3.9.9.jar
2025-07-21 14:14:26,642 [Worker-130: Launching crud_proyecto] INFO  o.eclipse.m2e.core.internal.Bundles - 	Entry: C:\Users\vespe\.p2\pool\plugins\org.eclipse.m2e.maven.runtime_3.9.900.20240824-1409\jars\maven-model-3.9.9.jar
2025-07-21 14:14:26,642 [Worker-130: Launching crud_proyecto] INFO  o.eclipse.m2e.core.internal.Bundles - 	Entry: C:\Users\vespe\.p2\pool\plugins\org.eclipse.m2e.maven.runtime_3.9.900.20240824-1409\jars\maven-model-builder-3.9.9.jar
2025-07-21 14:14:26,642 [Worker-130: Launching crud_proyecto] INFO  o.eclipse.m2e.core.internal.Bundles - 	Entry: C:\Users\vespe\.p2\pool\plugins\org.eclipse.m2e.maven.runtime_3.9.900.20240824-1409\jars\maven-plugin-api-3.9.9.jar
2025-07-21 14:14:26,642 [Worker-130: Launching crud_proyecto] INFO  o.eclipse.m2e.core.internal.Bundles - 	Entry: C:\Users\vespe\.p2\pool\plugins\org.eclipse.m2e.maven.runtime_3.9.900.20240824-1409\jars\maven-repository-metadata-3.9.9.jar
2025-07-21 14:14:26,642 [Worker-130: Launching crud_proyecto] INFO  o.eclipse.m2e.core.internal.Bundles - 	Entry: C:\Users\vespe\.p2\pool\plugins\org.eclipse.m2e.maven.runtime_3.9.900.20240824-1409\jars\maven-resolver-api-1.9.22.jar
2025-07-21 14:14:26,642 [Worker-130: Launching crud_proyecto] INFO  o.eclipse.m2e.core.internal.Bundles - 	Entry: C:\Users\vespe\.p2\pool\plugins\org.eclipse.m2e.maven.runtime_3.9.900.20240824-1409\jars\maven-resolver-connector-basic-1.9.22.jar
2025-07-21 14:14:26,642 [Worker-130: Launching crud_proyecto] INFO  o.eclipse.m2e.core.internal.Bundles - 	Entry: C:\Users\vespe\.p2\pool\plugins\org.eclipse.m2e.maven.runtime_3.9.900.20240824-1409\jars\maven-resolver-impl-1.9.22.jar
2025-07-21 14:14:26,643 [Worker-130: Launching crud_proyecto] INFO  o.eclipse.m2e.core.internal.Bundles - 	Entry: C:\Users\vespe\.p2\pool\plugins\org.eclipse.m2e.maven.runtime_3.9.900.20240824-1409\jars\maven-resolver-named-locks-1.9.22.jar
2025-07-21 14:14:26,643 [Worker-130: Launching crud_proyecto] INFO  o.eclipse.m2e.core.internal.Bundles - 	Entry: C:\Users\vespe\.p2\pool\plugins\org.eclipse.m2e.maven.runtime_3.9.900.20240824-1409\jars\maven-resolver-provider-3.9.9.jar
2025-07-21 14:14:26,643 [Worker-130: Launching crud_proyecto] INFO  o.eclipse.m2e.core.internal.Bundles - 	Entry: C:\Users\vespe\.p2\pool\plugins\org.eclipse.m2e.maven.runtime_3.9.900.20240824-1409\jars\maven-resolver-spi-1.9.22.jar
2025-07-21 14:14:26,643 [Worker-130: Launching crud_proyecto] INFO  o.eclipse.m2e.core.internal.Bundles - 	Entry: C:\Users\vespe\.p2\pool\plugins\org.eclipse.m2e.maven.runtime_3.9.900.20240824-1409\jars\maven-resolver-transport-file-1.9.22.jar
2025-07-21 14:14:26,643 [Worker-130: Launching crud_proyecto] INFO  o.eclipse.m2e.core.internal.Bundles - 	Entry: C:\Users\vespe\.p2\pool\plugins\org.eclipse.m2e.maven.runtime_3.9.900.20240824-1409\jars\maven-resolver-transport-http-1.9.22.jar
2025-07-21 14:14:26,643 [Worker-130: Launching crud_proyecto] INFO  o.eclipse.m2e.core.internal.Bundles - 	Entry: C:\Users\vespe\.p2\pool\plugins\org.eclipse.m2e.maven.runtime_3.9.900.20240824-1409\jars\maven-resolver-transport-wagon-1.9.22.jar
2025-07-21 14:14:26,643 [Worker-130: Launching crud_proyecto] INFO  o.eclipse.m2e.core.internal.Bundles - 	Entry: C:\Users\vespe\.p2\pool\plugins\org.eclipse.m2e.maven.runtime_3.9.900.20240824-1409\jars\maven-resolver-util-1.9.22.jar
2025-07-21 14:14:26,643 [Worker-130: Launching crud_proyecto] INFO  o.eclipse.m2e.core.internal.Bundles - 	Entry: C:\Users\vespe\.p2\pool\plugins\org.eclipse.m2e.maven.runtime_3.9.900.20240824-1409\jars\maven-settings-3.9.9.jar
2025-07-21 14:14:26,643 [Worker-130: Launching crud_proyecto] INFO  o.eclipse.m2e.core.internal.Bundles - 	Entry: C:\Users\vespe\.p2\pool\plugins\org.eclipse.m2e.maven.runtime_3.9.900.20240824-1409\jars\maven-settings-builder-3.9.9.jar
2025-07-21 14:14:26,643 [Worker-130: Launching crud_proyecto] INFO  o.eclipse.m2e.core.internal.Bundles - 	Entry: C:\Users\vespe\.p2\pool\plugins\org.eclipse.m2e.maven.runtime_3.9.900.20240824-1409\jars\maven-shared-utils-3.4.2.jar
2025-07-21 14:14:26,643 [Worker-130: Launching crud_proyecto] INFO  o.eclipse.m2e.core.internal.Bundles - 	Entry: C:\Users\vespe\.p2\pool\plugins\org.eclipse.m2e.maven.runtime_3.9.900.20240824-1409\jars\org.eclipse.sisu.inject-0.9.0.M3.jar
2025-07-21 14:14:26,643 [Worker-130: Launching crud_proyecto] INFO  o.eclipse.m2e.core.internal.Bundles - 	Entry: C:\Users\vespe\.p2\pool\plugins\org.eclipse.m2e.maven.runtime_3.9.900.20240824-1409\jars\org.eclipse.sisu.plexus-0.9.0.M3.jar
2025-07-21 14:14:26,643 [Worker-130: Launching crud_proyecto] INFO  o.eclipse.m2e.core.internal.Bundles - 	Entry: C:\Users\vespe\.p2\pool\plugins\org.eclipse.m2e.maven.runtime_3.9.900.20240824-1409\jars\plexus-build-api-0.0.7.jar
2025-07-21 14:14:26,643 [Worker-130: Launching crud_proyecto] INFO  o.eclipse.m2e.core.internal.Bundles - 	Entry: C:\Users\vespe\.p2\pool\plugins\org.eclipse.m2e.maven.runtime_3.9.900.20240824-1409\jars\plexus-build-api-1.2.0.jar
2025-07-21 14:14:26,644 [Worker-130: Launching crud_proyecto] INFO  o.eclipse.m2e.core.internal.Bundles - 	Entry: C:\Users\vespe\.p2\pool\plugins\org.eclipse.m2e.maven.runtime_3.9.900.20240824-1409\jars\plexus-cipher-2.0.jar
2025-07-21 14:14:26,644 [Worker-130: Launching crud_proyecto] INFO  o.eclipse.m2e.core.internal.Bundles - 	Entry: C:\Users\vespe\.p2\pool\plugins\org.eclipse.m2e.maven.runtime_3.9.900.20240824-1409\jars\plexus-classworlds-2.8.0.jar
2025-07-21 14:14:26,644 [Worker-130: Launching crud_proyecto] INFO  o.eclipse.m2e.core.internal.Bundles - 	Entry: C:\Users\vespe\.p2\pool\plugins\org.eclipse.m2e.maven.runtime_3.9.900.20240824-1409\jars\plexus-component-annotations-2.1.0.jar
2025-07-21 14:14:26,644 [Worker-130: Launching crud_proyecto] INFO  o.eclipse.m2e.core.internal.Bundles - 	Entry: C:\Users\vespe\.p2\pool\plugins\org.eclipse.m2e.maven.runtime_3.9.900.20240824-1409\jars\plexus-interpolation-1.27.jar
2025-07-21 14:14:26,644 [Worker-130: Launching crud_proyecto] INFO  o.eclipse.m2e.core.internal.Bundles - 	Entry: C:\Users\vespe\.p2\pool\plugins\org.eclipse.m2e.maven.runtime_3.9.900.20240824-1409\jars\plexus-sec-dispatcher-2.0.jar
2025-07-21 14:14:26,644 [Worker-130: Launching crud_proyecto] INFO  o.eclipse.m2e.core.internal.Bundles - 	Entry: C:\Users\vespe\.p2\pool\plugins\org.eclipse.m2e.maven.runtime_3.9.900.20240824-1409\jars\plexus-utils-3.5.1.jar
2025-07-21 14:14:26,645 [Worker-130: Launching crud_proyecto] INFO  o.eclipse.m2e.core.internal.Bundles - 	Entry: C:\Users\vespe\.p2\pool\plugins\org.eclipse.m2e.maven.runtime_3.9.900.20240824-1409\jars\plexus-xml-3.0.1.jar
2025-07-21 14:14:26,645 [Worker-130: Launching crud_proyecto] INFO  o.eclipse.m2e.core.internal.Bundles - 	Entry: C:\Users\vespe\.p2\pool\plugins\org.eclipse.m2e.maven.runtime_3.9.900.20240824-1409\jars\wagon-file-3.5.3.jar
2025-07-21 14:14:26,646 [Worker-130: Launching crud_proyecto] INFO  o.eclipse.m2e.core.internal.Bundles - 	Entry: C:\Users\vespe\.p2\pool\plugins\org.eclipse.m2e.maven.runtime_3.9.900.20240824-1409\jars\wagon-http-3.5.3.jar
2025-07-21 14:14:26,646 [Worker-130: Launching crud_proyecto] INFO  o.eclipse.m2e.core.internal.Bundles - 	Entry: C:\Users\vespe\.p2\pool\plugins\org.eclipse.m2e.maven.runtime_3.9.900.20240824-1409\jars\wagon-http-shared-3.5.3.jar
2025-07-21 14:14:26,646 [Worker-130: Launching crud_proyecto] INFO  o.eclipse.m2e.core.internal.Bundles - 	Entry: C:\Users\vespe\.p2\pool\plugins\org.eclipse.m2e.maven.runtime_3.9.900.20240824-1409\jars\wagon-provider-api-3.5.3.jar
2025-07-21 14:14:26,646 [Worker-130: Launching crud_proyecto] INFO  o.eclipse.m2e.core.internal.Bundles - getClasspathEntries(Bundle=com.google.guava_33.3.1.jre [16])
2025-07-21 14:14:26,654 [Worker-130: Launching crud_proyecto] INFO  o.eclipse.m2e.core.internal.Bundles - 	Entry: C:\Users\vespe\.p2\pool\plugins\com.google.guava_33.3.1.jre.jar
2025-07-21 14:14:26,654 [Worker-130: Launching crud_proyecto] INFO  o.eclipse.m2e.core.internal.Bundles - getClasspathEntries(Bundle=slf4j.api_2.0.16 [1005])
2025-07-21 14:14:26,654 [Worker-130: Launching crud_proyecto] INFO  o.eclipse.m2e.core.internal.Bundles - 	Entry: C:\Users\vespe\.p2\pool\plugins\slf4j.api_2.0.16.jar
2025-07-21 14:14:26,654 [Worker-130: Launching crud_proyecto] INFO  o.eclipse.m2e.core.internal.Bundles - getClasspathEntries(Bundle=jakarta.inject.jakarta.inject-api_1.0.5 [34])
2025-07-21 14:14:26,654 [Worker-130: Launching crud_proyecto] INFO  o.eclipse.m2e.core.internal.Bundles - 	Entry: C:\Users\vespe\.p2\pool\plugins\jakarta.inject.jakarta.inject-api_1.0.5.jar
2025-07-21 14:14:26,654 [Worker-130: Launching crud_proyecto] INFO  o.eclipse.m2e.core.internal.Bundles - getClasspathEntries(Bundle=jakarta.annotation-api_1.3.5 [29])
2025-07-21 14:14:26,655 [Worker-130: Launching crud_proyecto] INFO  o.eclipse.m2e.core.internal.Bundles - 	Entry: C:\Users\vespe\.p2\pool\plugins\jakarta.annotation-api_1.3.5.jar
2025-07-21 14:14:26,655 [Worker-130: Launching crud_proyecto] INFO  o.eclipse.m2e.core.internal.Bundles - getClasspathEntries(Bundle=org.apache.commons.cli_1.9.0 [75])
2025-07-21 14:14:26,655 [Worker-130: Launching crud_proyecto] INFO  o.eclipse.m2e.core.internal.Bundles - 	Entry: C:\Users\vespe\.p2\pool\plugins\org.apache.commons.cli_1.9.0.jar
2025-07-21 14:14:26,655 [Worker-130: Launching crud_proyecto] INFO  o.eclipse.m2e.core.internal.Bundles - getClasspathEntries(Bundle=org.apache.commons.commons-codec_1.16.0 [78])
2025-07-21 14:14:26,656 [Worker-130: Launching crud_proyecto] INFO  o.eclipse.m2e.core.internal.Bundles - 	Entry: C:\Users\vespe\.p2\pool\plugins\org.apache.commons.commons-codec_1.16.0.jar
2025-07-21 14:14:26,656 [Worker-130: Launching crud_proyecto] INFO  o.eclipse.m2e.core.internal.Bundles - getClasspathEntries(Bundle=com.google.guava.failureaccess_1.0.2 [17])
2025-07-21 14:14:26,656 [Worker-130: Launching crud_proyecto] INFO  o.eclipse.m2e.core.internal.Bundles - 	Entry: C:\Users\vespe\.p2\pool\plugins\com.google.guava.failureaccess_1.0.2.jar
2025-07-21 14:14:26,658 [Worker-130: Launching crud_proyecto] INFO  o.e.m.i.launch.MavenLaunchDelegate - Run build in "C:\Users\vespe\OneDrive\Escritorio\ProyectosPersonales\Curso-Coder-Java\proyecto-main\crud_proyecto":
2025-07-21 14:14:26,658 [Worker-130: Launching crud_proyecto] INFO  o.e.m.i.launch.MavenLaunchDelegate -  mvn  -B -Dstyle.color=always 
2025-07-21 14:14:40,759 [Worker-132: Launching Executing clean in C__Users_vespe_OneDrive_Escritorio_ProyectosPersonales_Curso-Coder-Java_proyecto-main_crud_proyecto] INFO  o.eclipse.m2e.core.internal.Bundles - getClasspathEntries(Bundle=org.eclipse.m2e.maven.runtime_3.9.900.20240824-1409 [638])
2025-07-21 14:14:40,759 [Worker-132: Launching Executing clean in C__Users_vespe_OneDrive_Escritorio_ProyectosPersonales_Curso-Coder-Java_proyecto-main_crud_proyecto] INFO  o.eclipse.m2e.core.internal.Bundles - 	Entry: C:\Users\vespe\.p2\pool\plugins\org.eclipse.m2e.maven.runtime_3.9.900.20240824-1409
2025-07-21 14:14:40,760 [Worker-132: Launching Executing clean in C__Users_vespe_OneDrive_Escritorio_ProyectosPersonales_Curso-Coder-Java_proyecto-main_crud_proyecto] INFO  o.eclipse.m2e.core.internal.Bundles - 	Entry: C:\Users\vespe\.p2\pool\plugins\org.eclipse.m2e.maven.runtime_3.9.900.20240824-1409\jars\aopalliance-1.0.jar
2025-07-21 14:14:40,760 [Worker-132: Launching Executing clean in C__Users_vespe_OneDrive_Escritorio_ProyectosPersonales_Curso-Coder-Java_proyecto-main_crud_proyecto] INFO  o.eclipse.m2e.core.internal.Bundles - 	Entry: C:\Users\vespe\.p2\pool\plugins\org.eclipse.m2e.maven.runtime_3.9.900.20240824-1409\jars\guice-5.1.0.jar
2025-07-21 14:14:40,760 [Worker-132: Launching Executing clean in C__Users_vespe_OneDrive_Escritorio_ProyectosPersonales_Curso-Coder-Java_proyecto-main_crud_proyecto] INFO  o.eclipse.m2e.core.internal.Bundles - 	Entry: C:\Users\vespe\.p2\pool\plugins\org.eclipse.m2e.maven.runtime_3.9.900.20240824-1409\jars\httpclient-4.5.14.jar
2025-07-21 14:14:40,760 [Worker-132: Launching Executing clean in C__Users_vespe_OneDrive_Escritorio_ProyectosPersonales_Curso-Coder-Java_proyecto-main_crud_proyecto] INFO  o.eclipse.m2e.core.internal.Bundles - 	Entry: C:\Users\vespe\.p2\pool\plugins\org.eclipse.m2e.maven.runtime_3.9.900.20240824-1409\jars\httpcore-4.4.16.jar
2025-07-21 14:14:40,760 [Worker-132: Launching Executing clean in C__Users_vespe_OneDrive_Escritorio_ProyectosPersonales_Curso-Coder-Java_proyecto-main_crud_proyecto] INFO  o.eclipse.m2e.core.internal.Bundles - 	Entry: C:\Users\vespe\.p2\pool\plugins\org.eclipse.m2e.maven.runtime_3.9.900.20240824-1409\jars\jansi-2.4.1.jar
2025-07-21 14:14:40,760 [Worker-132: Launching Executing clean in C__Users_vespe_OneDrive_Escritorio_ProyectosPersonales_Curso-Coder-Java_proyecto-main_crud_proyecto] INFO  o.eclipse.m2e.core.internal.Bundles - 	Entry: C:\Users\vespe\.p2\pool\plugins\org.eclipse.m2e.maven.runtime_3.9.900.20240824-1409\jars\jcl-over-slf4j-1.7.36.jar
2025-07-21 14:14:40,760 [Worker-132: Launching Executing clean in C__Users_vespe_OneDrive_Escritorio_ProyectosPersonales_Curso-Coder-Java_proyecto-main_crud_proyecto] INFO  o.eclipse.m2e.core.internal.Bundles - 	Entry: C:\Users\vespe\.p2\pool\plugins\org.eclipse.m2e.maven.runtime_3.9.900.20240824-1409\jars\maven-artifact-3.9.9.jar
2025-07-21 14:14:40,760 [Worker-132: Launching Executing clean in C__Users_vespe_OneDrive_Escritorio_ProyectosPersonales_Curso-Coder-Java_proyecto-main_crud_proyecto] INFO  o.eclipse.m2e.core.internal.Bundles - 	Entry: C:\Users\vespe\.p2\pool\plugins\org.eclipse.m2e.maven.runtime_3.9.900.20240824-1409\jars\maven-builder-support-3.9.9.jar
2025-07-21 14:14:40,760 [Worker-132: Launching Executing clean in C__Users_vespe_OneDrive_Escritorio_ProyectosPersonales_Curso-Coder-Java_proyecto-main_crud_proyecto] INFO  o.eclipse.m2e.core.internal.Bundles - 	Entry: C:\Users\vespe\.p2\pool\plugins\org.eclipse.m2e.maven.runtime_3.9.900.20240824-1409\jars\maven-compat-3.9.9.jar
2025-07-21 14:14:40,760 [Worker-132: Launching Executing clean in C__Users_vespe_OneDrive_Escritorio_ProyectosPersonales_Curso-Coder-Java_proyecto-main_crud_proyecto] INFO  o.eclipse.m2e.core.internal.Bundles - 	Entry: C:\Users\vespe\.p2\pool\plugins\org.eclipse.m2e.maven.runtime_3.9.900.20240824-1409\jars\maven-core-3.9.9.jar
2025-07-21 14:14:40,760 [Worker-132: Launching Executing clean in C__Users_vespe_OneDrive_Escritorio_ProyectosPersonales_Curso-Coder-Java_proyecto-main_crud_proyecto] INFO  o.eclipse.m2e.core.internal.Bundles - 	Entry: C:\Users\vespe\.p2\pool\plugins\org.eclipse.m2e.maven.runtime_3.9.900.20240824-1409\jars\maven-embedder-3.9.9.jar
2025-07-21 14:14:40,760 [Worker-132: Launching Executing clean in C__Users_vespe_OneDrive_Escritorio_ProyectosPersonales_Curso-Coder-Java_proyecto-main_crud_proyecto] INFO  o.eclipse.m2e.core.internal.Bundles - 	Entry: C:\Users\vespe\.p2\pool\plugins\org.eclipse.m2e.maven.runtime_3.9.900.20240824-1409\jars\maven-model-3.9.9.jar
2025-07-21 14:14:40,760 [Worker-132: Launching Executing clean in C__Users_vespe_OneDrive_Escritorio_ProyectosPersonales_Curso-Coder-Java_proyecto-main_crud_proyecto] INFO  o.eclipse.m2e.core.internal.Bundles - 	Entry: C:\Users\vespe\.p2\pool\plugins\org.eclipse.m2e.maven.runtime_3.9.900.20240824-1409\jars\maven-model-builder-3.9.9.jar
2025-07-21 14:14:40,760 [Worker-132: Launching Executing clean in C__Users_vespe_OneDrive_Escritorio_ProyectosPersonales_Curso-Coder-Java_proyecto-main_crud_proyecto] INFO  o.eclipse.m2e.core.internal.Bundles - 	Entry: C:\Users\vespe\.p2\pool\plugins\org.eclipse.m2e.maven.runtime_3.9.900.20240824-1409\jars\maven-plugin-api-3.9.9.jar
2025-07-21 14:14:40,760 [Worker-132: Launching Executing clean in C__Users_vespe_OneDrive_Escritorio_ProyectosPersonales_Curso-Coder-Java_proyecto-main_crud_proyecto] INFO  o.eclipse.m2e.core.internal.Bundles - 	Entry: C:\Users\vespe\.p2\pool\plugins\org.eclipse.m2e.maven.runtime_3.9.900.20240824-1409\jars\maven-repository-metadata-3.9.9.jar
2025-07-21 14:14:40,761 [Worker-132: Launching Executing clean in C__Users_vespe_OneDrive_Escritorio_ProyectosPersonales_Curso-Coder-Java_proyecto-main_crud_proyecto] INFO  o.eclipse.m2e.core.internal.Bundles - 	Entry: C:\Users\vespe\.p2\pool\plugins\org.eclipse.m2e.maven.runtime_3.9.900.20240824-1409\jars\maven-resolver-api-1.9.22.jar
2025-07-21 14:14:40,761 [Worker-132: Launching Executing clean in C__Users_vespe_OneDrive_Escritorio_ProyectosPersonales_Curso-Coder-Java_proyecto-main_crud_proyecto] INFO  o.eclipse.m2e.core.internal.Bundles - 	Entry: C:\Users\vespe\.p2\pool\plugins\org.eclipse.m2e.maven.runtime_3.9.900.20240824-1409\jars\maven-resolver-connector-basic-1.9.22.jar
2025-07-21 14:14:40,762 [Worker-132: Launching Executing clean in C__Users_vespe_OneDrive_Escritorio_ProyectosPersonales_Curso-Coder-Java_proyecto-main_crud_proyecto] INFO  o.eclipse.m2e.core.internal.Bundles - 	Entry: C:\Users\vespe\.p2\pool\plugins\org.eclipse.m2e.maven.runtime_3.9.900.20240824-1409\jars\maven-resolver-impl-1.9.22.jar
2025-07-21 14:14:40,762 [Worker-132: Launching Executing clean in C__Users_vespe_OneDrive_Escritorio_ProyectosPersonales_Curso-Coder-Java_proyecto-main_crud_proyecto] INFO  o.eclipse.m2e.core.internal.Bundles - 	Entry: C:\Users\vespe\.p2\pool\plugins\org.eclipse.m2e.maven.runtime_3.9.900.20240824-1409\jars\maven-resolver-named-locks-1.9.22.jar
2025-07-21 14:14:40,762 [Worker-132: Launching Executing clean in C__Users_vespe_OneDrive_Escritorio_ProyectosPersonales_Curso-Coder-Java_proyecto-main_crud_proyecto] INFO  o.eclipse.m2e.core.internal.Bundles - 	Entry: C:\Users\vespe\.p2\pool\plugins\org.eclipse.m2e.maven.runtime_3.9.900.20240824-1409\jars\maven-resolver-provider-3.9.9.jar
2025-07-21 14:14:40,762 [Worker-132: Launching Executing clean in C__Users_vespe_OneDrive_Escritorio_ProyectosPersonales_Curso-Coder-Java_proyecto-main_crud_proyecto] INFO  o.eclipse.m2e.core.internal.Bundles - 	Entry: C:\Users\vespe\.p2\pool\plugins\org.eclipse.m2e.maven.runtime_3.9.900.20240824-1409\jars\maven-resolver-spi-1.9.22.jar
2025-07-21 14:14:40,762 [Worker-132: Launching Executing clean in C__Users_vespe_OneDrive_Escritorio_ProyectosPersonales_Curso-Coder-Java_proyecto-main_crud_proyecto] INFO  o.eclipse.m2e.core.internal.Bundles - 	Entry: C:\Users\vespe\.p2\pool\plugins\org.eclipse.m2e.maven.runtime_3.9.900.20240824-1409\jars\maven-resolver-transport-file-1.9.22.jar
2025-07-21 14:14:40,762 [Worker-132: Launching Executing clean in C__Users_vespe_OneDrive_Escritorio_ProyectosPersonales_Curso-Coder-Java_proyecto-main_crud_proyecto] INFO  o.eclipse.m2e.core.internal.Bundles - 	Entry: C:\Users\vespe\.p2\pool\plugins\org.eclipse.m2e.maven.runtime_3.9.900.20240824-1409\jars\maven-resolver-transport-http-1.9.22.jar
2025-07-21 14:14:40,762 [Worker-132: Launching Executing clean in C__Users_vespe_OneDrive_Escritorio_ProyectosPersonales_Curso-Coder-Java_proyecto-main_crud_proyecto] INFO  o.eclipse.m2e.core.internal.Bundles - 	Entry: C:\Users\vespe\.p2\pool\plugins\org.eclipse.m2e.maven.runtime_3.9.900.20240824-1409\jars\maven-resolver-transport-wagon-1.9.22.jar
2025-07-21 14:14:40,762 [Worker-132: Launching Executing clean in C__Users_vespe_OneDrive_Escritorio_ProyectosPersonales_Curso-Coder-Java_proyecto-main_crud_proyecto] INFO  o.eclipse.m2e.core.internal.Bundles - 	Entry: C:\Users\vespe\.p2\pool\plugins\org.eclipse.m2e.maven.runtime_3.9.900.20240824-1409\jars\maven-resolver-util-1.9.22.jar
2025-07-21 14:14:40,762 [Worker-132: Launching Executing clean in C__Users_vespe_OneDrive_Escritorio_ProyectosPersonales_Curso-Coder-Java_proyecto-main_crud_proyecto] INFO  o.eclipse.m2e.core.internal.Bundles - 	Entry: C:\Users\vespe\.p2\pool\plugins\org.eclipse.m2e.maven.runtime_3.9.900.20240824-1409\jars\maven-settings-3.9.9.jar
2025-07-21 14:14:40,762 [Worker-132: Launching Executing clean in C__Users_vespe_OneDrive_Escritorio_ProyectosPersonales_Curso-Coder-Java_proyecto-main_crud_proyecto] INFO  o.eclipse.m2e.core.internal.Bundles - 	Entry: C:\Users\vespe\.p2\pool\plugins\org.eclipse.m2e.maven.runtime_3.9.900.20240824-1409\jars\maven-settings-builder-3.9.9.jar
2025-07-21 14:14:40,763 [Worker-132: Launching Executing clean in C__Users_vespe_OneDrive_Escritorio_ProyectosPersonales_Curso-Coder-Java_proyecto-main_crud_proyecto] INFO  o.eclipse.m2e.core.internal.Bundles - 	Entry: C:\Users\vespe\.p2\pool\plugins\org.eclipse.m2e.maven.runtime_3.9.900.20240824-1409\jars\maven-shared-utils-3.4.2.jar
2025-07-21 14:14:40,763 [Worker-132: Launching Executing clean in C__Users_vespe_OneDrive_Escritorio_ProyectosPersonales_Curso-Coder-Java_proyecto-main_crud_proyecto] INFO  o.eclipse.m2e.core.internal.Bundles - 	Entry: C:\Users\vespe\.p2\pool\plugins\org.eclipse.m2e.maven.runtime_3.9.900.20240824-1409\jars\org.eclipse.sisu.inject-0.9.0.M3.jar
2025-07-21 14:14:40,763 [Worker-132: Launching Executing clean in C__Users_vespe_OneDrive_Escritorio_ProyectosPersonales_Curso-Coder-Java_proyecto-main_crud_proyecto] INFO  o.eclipse.m2e.core.internal.Bundles - 	Entry: C:\Users\vespe\.p2\pool\plugins\org.eclipse.m2e.maven.runtime_3.9.900.20240824-1409\jars\org.eclipse.sisu.plexus-0.9.0.M3.jar
2025-07-21 14:14:40,763 [Worker-132: Launching Executing clean in C__Users_vespe_OneDrive_Escritorio_ProyectosPersonales_Curso-Coder-Java_proyecto-main_crud_proyecto] INFO  o.eclipse.m2e.core.internal.Bundles - 	Entry: C:\Users\vespe\.p2\pool\plugins\org.eclipse.m2e.maven.runtime_3.9.900.20240824-1409\jars\plexus-build-api-0.0.7.jar
2025-07-21 14:14:40,763 [Worker-132: Launching Executing clean in C__Users_vespe_OneDrive_Escritorio_ProyectosPersonales_Curso-Coder-Java_proyecto-main_crud_proyecto] INFO  o.eclipse.m2e.core.internal.Bundles - 	Entry: C:\Users\vespe\.p2\pool\plugins\org.eclipse.m2e.maven.runtime_3.9.900.20240824-1409\jars\plexus-build-api-1.2.0.jar
2025-07-21 14:14:40,763 [Worker-132: Launching Executing clean in C__Users_vespe_OneDrive_Escritorio_ProyectosPersonales_Curso-Coder-Java_proyecto-main_crud_proyecto] INFO  o.eclipse.m2e.core.internal.Bundles - 	Entry: C:\Users\vespe\.p2\pool\plugins\org.eclipse.m2e.maven.runtime_3.9.900.20240824-1409\jars\plexus-cipher-2.0.jar
2025-07-21 14:14:40,763 [Worker-132: Launching Executing clean in C__Users_vespe_OneDrive_Escritorio_ProyectosPersonales_Curso-Coder-Java_proyecto-main_crud_proyecto] INFO  o.eclipse.m2e.core.internal.Bundles - 	Entry: C:\Users\vespe\.p2\pool\plugins\org.eclipse.m2e.maven.runtime_3.9.900.20240824-1409\jars\plexus-classworlds-2.8.0.jar
2025-07-21 14:14:40,763 [Worker-132: Launching Executing clean in C__Users_vespe_OneDrive_Escritorio_ProyectosPersonales_Curso-Coder-Java_proyecto-main_crud_proyecto] INFO  o.eclipse.m2e.core.internal.Bundles - 	Entry: C:\Users\vespe\.p2\pool\plugins\org.eclipse.m2e.maven.runtime_3.9.900.20240824-1409\jars\plexus-component-annotations-2.1.0.jar
2025-07-21 14:14:40,763 [Worker-132: Launching Executing clean in C__Users_vespe_OneDrive_Escritorio_ProyectosPersonales_Curso-Coder-Java_proyecto-main_crud_proyecto] INFO  o.eclipse.m2e.core.internal.Bundles - 	Entry: C:\Users\vespe\.p2\pool\plugins\org.eclipse.m2e.maven.runtime_3.9.900.20240824-1409\jars\plexus-interpolation-1.27.jar
2025-07-21 14:14:40,763 [Worker-132: Launching Executing clean in C__Users_vespe_OneDrive_Escritorio_ProyectosPersonales_Curso-Coder-Java_proyecto-main_crud_proyecto] INFO  o.eclipse.m2e.core.internal.Bundles - 	Entry: C:\Users\vespe\.p2\pool\plugins\org.eclipse.m2e.maven.runtime_3.9.900.20240824-1409\jars\plexus-sec-dispatcher-2.0.jar
2025-07-21 14:14:40,763 [Worker-132: Launching Executing clean in C__Users_vespe_OneDrive_Escritorio_ProyectosPersonales_Curso-Coder-Java_proyecto-main_crud_proyecto] INFO  o.eclipse.m2e.core.internal.Bundles - 	Entry: C:\Users\vespe\.p2\pool\plugins\org.eclipse.m2e.maven.runtime_3.9.900.20240824-1409\jars\plexus-utils-3.5.1.jar
2025-07-21 14:14:40,763 [Worker-132: Launching Executing clean in C__Users_vespe_OneDrive_Escritorio_ProyectosPersonales_Curso-Coder-Java_proyecto-main_crud_proyecto] INFO  o.eclipse.m2e.core.internal.Bundles - 	Entry: C:\Users\vespe\.p2\pool\plugins\org.eclipse.m2e.maven.runtime_3.9.900.20240824-1409\jars\plexus-xml-3.0.1.jar
2025-07-21 14:14:40,763 [Worker-132: Launching Executing clean in C__Users_vespe_OneDrive_Escritorio_ProyectosPersonales_Curso-Coder-Java_proyecto-main_crud_proyecto] INFO  o.eclipse.m2e.core.internal.Bundles - 	Entry: C:\Users\vespe\.p2\pool\plugins\org.eclipse.m2e.maven.runtime_3.9.900.20240824-1409\jars\wagon-file-3.5.3.jar
2025-07-21 14:14:40,763 [Worker-132: Launching Executing clean in C__Users_vespe_OneDrive_Escritorio_ProyectosPersonales_Curso-Coder-Java_proyecto-main_crud_proyecto] INFO  o.eclipse.m2e.core.internal.Bundles - 	Entry: C:\Users\vespe\.p2\pool\plugins\org.eclipse.m2e.maven.runtime_3.9.900.20240824-1409\jars\wagon-http-3.5.3.jar
2025-07-21 14:14:40,763 [Worker-132: Launching Executing clean in C__Users_vespe_OneDrive_Escritorio_ProyectosPersonales_Curso-Coder-Java_proyecto-main_crud_proyecto] INFO  o.eclipse.m2e.core.internal.Bundles - 	Entry: C:\Users\vespe\.p2\pool\plugins\org.eclipse.m2e.maven.runtime_3.9.900.20240824-1409\jars\wagon-http-shared-3.5.3.jar
2025-07-21 14:14:40,763 [Worker-132: Launching Executing clean in C__Users_vespe_OneDrive_Escritorio_ProyectosPersonales_Curso-Coder-Java_proyecto-main_crud_proyecto] INFO  o.eclipse.m2e.core.internal.Bundles - 	Entry: C:\Users\vespe\.p2\pool\plugins\org.eclipse.m2e.maven.runtime_3.9.900.20240824-1409\jars\wagon-provider-api-3.5.3.jar
2025-07-21 14:14:40,764 [Worker-132: Launching Executing clean in C__Users_vespe_OneDrive_Escritorio_ProyectosPersonales_Curso-Coder-Java_proyecto-main_crud_proyecto] INFO  o.eclipse.m2e.core.internal.Bundles - getClasspathEntries(Bundle=com.google.guava_33.3.1.jre [16])
2025-07-21 14:14:40,764 [Worker-132: Launching Executing clean in C__Users_vespe_OneDrive_Escritorio_ProyectosPersonales_Curso-Coder-Java_proyecto-main_crud_proyecto] INFO  o.eclipse.m2e.core.internal.Bundles - 	Entry: C:\Users\vespe\.p2\pool\plugins\com.google.guava_33.3.1.jre.jar
2025-07-21 14:14:40,764 [Worker-132: Launching Executing clean in C__Users_vespe_OneDrive_Escritorio_ProyectosPersonales_Curso-Coder-Java_proyecto-main_crud_proyecto] INFO  o.eclipse.m2e.core.internal.Bundles - getClasspathEntries(Bundle=slf4j.api_2.0.16 [1005])
2025-07-21 14:14:40,764 [Worker-132: Launching Executing clean in C__Users_vespe_OneDrive_Escritorio_ProyectosPersonales_Curso-Coder-Java_proyecto-main_crud_proyecto] INFO  o.eclipse.m2e.core.internal.Bundles - 	Entry: C:\Users\vespe\.p2\pool\plugins\slf4j.api_2.0.16.jar
2025-07-21 14:14:40,764 [Worker-132: Launching Executing clean in C__Users_vespe_OneDrive_Escritorio_ProyectosPersonales_Curso-Coder-Java_proyecto-main_crud_proyecto] INFO  o.eclipse.m2e.core.internal.Bundles - getClasspathEntries(Bundle=jakarta.inject.jakarta.inject-api_1.0.5 [34])
2025-07-21 14:14:40,764 [Worker-132: Launching Executing clean in C__Users_vespe_OneDrive_Escritorio_ProyectosPersonales_Curso-Coder-Java_proyecto-main_crud_proyecto] INFO  o.eclipse.m2e.core.internal.Bundles - 	Entry: C:\Users\vespe\.p2\pool\plugins\jakarta.inject.jakarta.inject-api_1.0.5.jar
2025-07-21 14:14:40,764 [Worker-132: Launching Executing clean in C__Users_vespe_OneDrive_Escritorio_ProyectosPersonales_Curso-Coder-Java_proyecto-main_crud_proyecto] INFO  o.eclipse.m2e.core.internal.Bundles - getClasspathEntries(Bundle=jakarta.annotation-api_1.3.5 [29])
2025-07-21 14:14:40,764 [Worker-132: Launching Executing clean in C__Users_vespe_OneDrive_Escritorio_ProyectosPersonales_Curso-Coder-Java_proyecto-main_crud_proyecto] INFO  o.eclipse.m2e.core.internal.Bundles - 	Entry: C:\Users\vespe\.p2\pool\plugins\jakarta.annotation-api_1.3.5.jar
2025-07-21 14:14:40,764 [Worker-132: Launching Executing clean in C__Users_vespe_OneDrive_Escritorio_ProyectosPersonales_Curso-Coder-Java_proyecto-main_crud_proyecto] INFO  o.eclipse.m2e.core.internal.Bundles - getClasspathEntries(Bundle=org.apache.commons.cli_1.9.0 [75])
2025-07-21 14:14:40,765 [Worker-132: Launching Executing clean in C__Users_vespe_OneDrive_Escritorio_ProyectosPersonales_Curso-Coder-Java_proyecto-main_crud_proyecto] INFO  o.eclipse.m2e.core.internal.Bundles - 	Entry: C:\Users\vespe\.p2\pool\plugins\org.apache.commons.cli_1.9.0.jar
2025-07-21 14:14:40,765 [Worker-132: Launching Executing clean in C__Users_vespe_OneDrive_Escritorio_ProyectosPersonales_Curso-Coder-Java_proyecto-main_crud_proyecto] INFO  o.eclipse.m2e.core.internal.Bundles - getClasspathEntries(Bundle=org.apache.commons.commons-codec_1.16.0 [78])
2025-07-21 14:14:40,765 [Worker-132: Launching Executing clean in C__Users_vespe_OneDrive_Escritorio_ProyectosPersonales_Curso-Coder-Java_proyecto-main_crud_proyecto] INFO  o.eclipse.m2e.core.internal.Bundles - 	Entry: C:\Users\vespe\.p2\pool\plugins\org.apache.commons.commons-codec_1.16.0.jar
2025-07-21 14:14:40,765 [Worker-132: Launching Executing clean in C__Users_vespe_OneDrive_Escritorio_ProyectosPersonales_Curso-Coder-Java_proyecto-main_crud_proyecto] INFO  o.eclipse.m2e.core.internal.Bundles - getClasspathEntries(Bundle=com.google.guava.failureaccess_1.0.2 [17])
2025-07-21 14:14:40,765 [Worker-132: Launching Executing clean in C__Users_vespe_OneDrive_Escritorio_ProyectosPersonales_Curso-Coder-Java_proyecto-main_crud_proyecto] INFO  o.eclipse.m2e.core.internal.Bundles - 	Entry: C:\Users\vespe\.p2\pool\plugins\com.google.guava.failureaccess_1.0.2.jar
2025-07-21 14:14:40,766 [Worker-132: Launching Executing clean in C__Users_vespe_OneDrive_Escritorio_ProyectosPersonales_Curso-Coder-Java_proyecto-main_crud_proyecto] INFO  o.e.m.i.launch.MavenLaunchDelegate - Run build in "C:\Users\vespe\OneDrive\Escritorio\ProyectosPersonales\Curso-Coder-Java\proyecto-main\crud_proyecto":
2025-07-21 14:14:40,766 [Worker-132: Launching Executing clean in C__Users_vespe_OneDrive_Escritorio_ProyectosPersonales_Curso-Coder-Java_proyecto-main_crud_proyecto] INFO  o.e.m.i.launch.MavenLaunchDelegate -  mvn  -B -Dstyle.color=always clean
2025-07-21 14:14:45,099 [Worker-126: Building] INFO  o.a.m.s.f.DefaultMavenResourcesFiltering - Copying 1 resource from src\main\resources to target\classes
2025-07-21 14:14:45,101 [Worker-126: Building] INFO  o.a.m.s.f.DefaultMavenResourcesFiltering - Copying 12 resources from src\main\resources to target\classes
2025-07-21 14:14:45,132 [Worker-126: Building] INFO  o.a.m.s.f.DefaultMavenResourcesFiltering - skip non existing resourceDirectory C:\Users\vespe\OneDrive\Escritorio\ProyectosPersonales\Curso-Coder-Java\proyecto-main\crud_proyecto\src\test\resources
2025-07-21 14:14:55,741 [Worker-136: Launching Executing install in C__Users_vespe_OneDrive_Escritorio_ProyectosPersonales_Curso-Coder-Java_proyecto-main_crud_proyecto] INFO  o.eclipse.m2e.core.internal.Bundles - getClasspathEntries(Bundle=org.eclipse.m2e.maven.runtime_3.9.900.20240824-1409 [638])
2025-07-21 14:14:55,743 [Worker-136: Launching Executing install in C__Users_vespe_OneDrive_Escritorio_ProyectosPersonales_Curso-Coder-Java_proyecto-main_crud_proyecto] INFO  o.eclipse.m2e.core.internal.Bundles - 	Entry: C:\Users\vespe\.p2\pool\plugins\org.eclipse.m2e.maven.runtime_3.9.900.20240824-1409
2025-07-21 14:14:55,743 [Worker-136: Launching Executing install in C__Users_vespe_OneDrive_Escritorio_ProyectosPersonales_Curso-Coder-Java_proyecto-main_crud_proyecto] INFO  o.eclipse.m2e.core.internal.Bundles - 	Entry: C:\Users\vespe\.p2\pool\plugins\org.eclipse.m2e.maven.runtime_3.9.900.20240824-1409\jars\aopalliance-1.0.jar
2025-07-21 14:14:55,743 [Worker-136: Launching Executing install in C__Users_vespe_OneDrive_Escritorio_ProyectosPersonales_Curso-Coder-Java_proyecto-main_crud_proyecto] INFO  o.eclipse.m2e.core.internal.Bundles - 	Entry: C:\Users\vespe\.p2\pool\plugins\org.eclipse.m2e.maven.runtime_3.9.900.20240824-1409\jars\guice-5.1.0.jar
2025-07-21 14:14:55,743 [Worker-136: Launching Executing install in C__Users_vespe_OneDrive_Escritorio_ProyectosPersonales_Curso-Coder-Java_proyecto-main_crud_proyecto] INFO  o.eclipse.m2e.core.internal.Bundles - 	Entry: C:\Users\vespe\.p2\pool\plugins\org.eclipse.m2e.maven.runtime_3.9.900.20240824-1409\jars\httpclient-4.5.14.jar
2025-07-21 14:14:55,743 [Worker-136: Launching Executing install in C__Users_vespe_OneDrive_Escritorio_ProyectosPersonales_Curso-Coder-Java_proyecto-main_crud_proyecto] INFO  o.eclipse.m2e.core.internal.Bundles - 	Entry: C:\Users\vespe\.p2\pool\plugins\org.eclipse.m2e.maven.runtime_3.9.900.20240824-1409\jars\httpcore-4.4.16.jar
2025-07-21 14:14:55,743 [Worker-136: Launching Executing install in C__Users_vespe_OneDrive_Escritorio_ProyectosPersonales_Curso-Coder-Java_proyecto-main_crud_proyecto] INFO  o.eclipse.m2e.core.internal.Bundles - 	Entry: C:\Users\vespe\.p2\pool\plugins\org.eclipse.m2e.maven.runtime_3.9.900.20240824-1409\jars\jansi-2.4.1.jar
2025-07-21 14:14:55,743 [Worker-136: Launching Executing install in C__Users_vespe_OneDrive_Escritorio_ProyectosPersonales_Curso-Coder-Java_proyecto-main_crud_proyecto] INFO  o.eclipse.m2e.core.internal.Bundles - 	Entry: C:\Users\vespe\.p2\pool\plugins\org.eclipse.m2e.maven.runtime_3.9.900.20240824-1409\jars\jcl-over-slf4j-1.7.36.jar
2025-07-21 14:14:55,743 [Worker-136: Launching Executing install in C__Users_vespe_OneDrive_Escritorio_ProyectosPersonales_Curso-Coder-Java_proyecto-main_crud_proyecto] INFO  o.eclipse.m2e.core.internal.Bundles - 	Entry: C:\Users\vespe\.p2\pool\plugins\org.eclipse.m2e.maven.runtime_3.9.900.20240824-1409\jars\maven-artifact-3.9.9.jar
2025-07-21 14:14:55,743 [Worker-136: Launching Executing install in C__Users_vespe_OneDrive_Escritorio_ProyectosPersonales_Curso-Coder-Java_proyecto-main_crud_proyecto] INFO  o.eclipse.m2e.core.internal.Bundles - 	Entry: C:\Users\vespe\.p2\pool\plugins\org.eclipse.m2e.maven.runtime_3.9.900.20240824-1409\jars\maven-builder-support-3.9.9.jar
2025-07-21 14:14:55,743 [Worker-136: Launching Executing install in C__Users_vespe_OneDrive_Escritorio_ProyectosPersonales_Curso-Coder-Java_proyecto-main_crud_proyecto] INFO  o.eclipse.m2e.core.internal.Bundles - 	Entry: C:\Users\vespe\.p2\pool\plugins\org.eclipse.m2e.maven.runtime_3.9.900.20240824-1409\jars\maven-compat-3.9.9.jar
2025-07-21 14:14:55,743 [Worker-136: Launching Executing install in C__Users_vespe_OneDrive_Escritorio_ProyectosPersonales_Curso-Coder-Java_proyecto-main_crud_proyecto] INFO  o.eclipse.m2e.core.internal.Bundles - 	Entry: C:\Users\vespe\.p2\pool\plugins\org.eclipse.m2e.maven.runtime_3.9.900.20240824-1409\jars\maven-core-3.9.9.jar
2025-07-21 14:14:55,744 [Worker-136: Launching Executing install in C__Users_vespe_OneDrive_Escritorio_ProyectosPersonales_Curso-Coder-Java_proyecto-main_crud_proyecto] INFO  o.eclipse.m2e.core.internal.Bundles - 	Entry: C:\Users\vespe\.p2\pool\plugins\org.eclipse.m2e.maven.runtime_3.9.900.20240824-1409\jars\maven-embedder-3.9.9.jar
2025-07-21 14:14:55,744 [Worker-136: Launching Executing install in C__Users_vespe_OneDrive_Escritorio_ProyectosPersonales_Curso-Coder-Java_proyecto-main_crud_proyecto] INFO  o.eclipse.m2e.core.internal.Bundles - 	Entry: C:\Users\vespe\.p2\pool\plugins\org.eclipse.m2e.maven.runtime_3.9.900.20240824-1409\jars\maven-model-3.9.9.jar
2025-07-21 14:14:55,744 [Worker-136: Launching Executing install in C__Users_vespe_OneDrive_Escritorio_ProyectosPersonales_Curso-Coder-Java_proyecto-main_crud_proyecto] INFO  o.eclipse.m2e.core.internal.Bundles - 	Entry: C:\Users\vespe\.p2\pool\plugins\org.eclipse.m2e.maven.runtime_3.9.900.20240824-1409\jars\maven-model-builder-3.9.9.jar
2025-07-21 14:14:55,744 [Worker-136: Launching Executing install in C__Users_vespe_OneDrive_Escritorio_ProyectosPersonales_Curso-Coder-Java_proyecto-main_crud_proyecto] INFO  o.eclipse.m2e.core.internal.Bundles - 	Entry: C:\Users\vespe\.p2\pool\plugins\org.eclipse.m2e.maven.runtime_3.9.900.20240824-1409\jars\maven-plugin-api-3.9.9.jar
2025-07-21 14:14:55,744 [Worker-136: Launching Executing install in C__Users_vespe_OneDrive_Escritorio_ProyectosPersonales_Curso-Coder-Java_proyecto-main_crud_proyecto] INFO  o.eclipse.m2e.core.internal.Bundles - 	Entry: C:\Users\vespe\.p2\pool\plugins\org.eclipse.m2e.maven.runtime_3.9.900.20240824-1409\jars\maven-repository-metadata-3.9.9.jar
2025-07-21 14:14:55,745 [Worker-136: Launching Executing install in C__Users_vespe_OneDrive_Escritorio_ProyectosPersonales_Curso-Coder-Java_proyecto-main_crud_proyecto] INFO  o.eclipse.m2e.core.internal.Bundles - 	Entry: C:\Users\vespe\.p2\pool\plugins\org.eclipse.m2e.maven.runtime_3.9.900.20240824-1409\jars\maven-resolver-api-1.9.22.jar
2025-07-21 14:14:55,745 [Worker-136: Launching Executing install in C__Users_vespe_OneDrive_Escritorio_ProyectosPersonales_Curso-Coder-Java_proyecto-main_crud_proyecto] INFO  o.eclipse.m2e.core.internal.Bundles - 	Entry: C:\Users\vespe\.p2\pool\plugins\org.eclipse.m2e.maven.runtime_3.9.900.20240824-1409\jars\maven-resolver-connector-basic-1.9.22.jar
2025-07-21 14:14:55,745 [Worker-136: Launching Executing install in C__Users_vespe_OneDrive_Escritorio_ProyectosPersonales_Curso-Coder-Java_proyecto-main_crud_proyecto] INFO  o.eclipse.m2e.core.internal.Bundles - 	Entry: C:\Users\vespe\.p2\pool\plugins\org.eclipse.m2e.maven.runtime_3.9.900.20240824-1409\jars\maven-resolver-impl-1.9.22.jar
2025-07-21 14:14:55,745 [Worker-136: Launching Executing install in C__Users_vespe_OneDrive_Escritorio_ProyectosPersonales_Curso-Coder-Java_proyecto-main_crud_proyecto] INFO  o.eclipse.m2e.core.internal.Bundles - 	Entry: C:\Users\vespe\.p2\pool\plugins\org.eclipse.m2e.maven.runtime_3.9.900.20240824-1409\jars\maven-resolver-named-locks-1.9.22.jar
2025-07-21 14:14:55,745 [Worker-136: Launching Executing install in C__Users_vespe_OneDrive_Escritorio_ProyectosPersonales_Curso-Coder-Java_proyecto-main_crud_proyecto] INFO  o.eclipse.m2e.core.internal.Bundles - 	Entry: C:\Users\vespe\.p2\pool\plugins\org.eclipse.m2e.maven.runtime_3.9.900.20240824-1409\jars\maven-resolver-provider-3.9.9.jar
2025-07-21 14:14:55,745 [Worker-136: Launching Executing install in C__Users_vespe_OneDrive_Escritorio_ProyectosPersonales_Curso-Coder-Java_proyecto-main_crud_proyecto] INFO  o.eclipse.m2e.core.internal.Bundles - 	Entry: C:\Users\vespe\.p2\pool\plugins\org.eclipse.m2e.maven.runtime_3.9.900.20240824-1409\jars\maven-resolver-spi-1.9.22.jar
2025-07-21 14:14:55,745 [Worker-136: Launching Executing install in C__Users_vespe_OneDrive_Escritorio_ProyectosPersonales_Curso-Coder-Java_proyecto-main_crud_proyecto] INFO  o.eclipse.m2e.core.internal.Bundles - 	Entry: C:\Users\vespe\.p2\pool\plugins\org.eclipse.m2e.maven.runtime_3.9.900.20240824-1409\jars\maven-resolver-transport-file-1.9.22.jar
2025-07-21 14:14:55,745 [Worker-136: Launching Executing install in C__Users_vespe_OneDrive_Escritorio_ProyectosPersonales_Curso-Coder-Java_proyecto-main_crud_proyecto] INFO  o.eclipse.m2e.core.internal.Bundles - 	Entry: C:\Users\vespe\.p2\pool\plugins\org.eclipse.m2e.maven.runtime_3.9.900.20240824-1409\jars\maven-resolver-transport-http-1.9.22.jar
2025-07-21 14:14:55,745 [Worker-136: Launching Executing install in C__Users_vespe_OneDrive_Escritorio_ProyectosPersonales_Curso-Coder-Java_proyecto-main_crud_proyecto] INFO  o.eclipse.m2e.core.internal.Bundles - 	Entry: C:\Users\vespe\.p2\pool\plugins\org.eclipse.m2e.maven.runtime_3.9.900.20240824-1409\jars\maven-resolver-transport-wagon-1.9.22.jar
2025-07-21 14:14:55,745 [Worker-136: Launching Executing install in C__Users_vespe_OneDrive_Escritorio_ProyectosPersonales_Curso-Coder-Java_proyecto-main_crud_proyecto] INFO  o.eclipse.m2e.core.internal.Bundles - 	Entry: C:\Users\vespe\.p2\pool\plugins\org.eclipse.m2e.maven.runtime_3.9.900.20240824-1409\jars\maven-resolver-util-1.9.22.jar
2025-07-21 14:14:55,745 [Worker-136: Launching Executing install in C__Users_vespe_OneDrive_Escritorio_ProyectosPersonales_Curso-Coder-Java_proyecto-main_crud_proyecto] INFO  o.eclipse.m2e.core.internal.Bundles - 	Entry: C:\Users\vespe\.p2\pool\plugins\org.eclipse.m2e.maven.runtime_3.9.900.20240824-1409\jars\maven-settings-3.9.9.jar
2025-07-21 14:14:55,745 [Worker-136: Launching Executing install in C__Users_vespe_OneDrive_Escritorio_ProyectosPersonales_Curso-Coder-Java_proyecto-main_crud_proyecto] INFO  o.eclipse.m2e.core.internal.Bundles - 	Entry: C:\Users\vespe\.p2\pool\plugins\org.eclipse.m2e.maven.runtime_3.9.900.20240824-1409\jars\maven-settings-builder-3.9.9.jar
2025-07-21 14:14:55,746 [Worker-136: Launching Executing install in C__Users_vespe_OneDrive_Escritorio_ProyectosPersonales_Curso-Coder-Java_proyecto-main_crud_proyecto] INFO  o.eclipse.m2e.core.internal.Bundles - 	Entry: C:\Users\vespe\.p2\pool\plugins\org.eclipse.m2e.maven.runtime_3.9.900.20240824-1409\jars\maven-shared-utils-3.4.2.jar
2025-07-21 14:14:55,746 [Worker-136: Launching Executing install in C__Users_vespe_OneDrive_Escritorio_ProyectosPersonales_Curso-Coder-Java_proyecto-main_crud_proyecto] INFO  o.eclipse.m2e.core.internal.Bundles - 	Entry: C:\Users\vespe\.p2\pool\plugins\org.eclipse.m2e.maven.runtime_3.9.900.20240824-1409\jars\org.eclipse.sisu.inject-0.9.0.M3.jar
2025-07-21 14:14:55,746 [Worker-136: Launching Executing install in C__Users_vespe_OneDrive_Escritorio_ProyectosPersonales_Curso-Coder-Java_proyecto-main_crud_proyecto] INFO  o.eclipse.m2e.core.internal.Bundles - 	Entry: C:\Users\vespe\.p2\pool\plugins\org.eclipse.m2e.maven.runtime_3.9.900.20240824-1409\jars\org.eclipse.sisu.plexus-0.9.0.M3.jar
2025-07-21 14:14:55,746 [Worker-136: Launching Executing install in C__Users_vespe_OneDrive_Escritorio_ProyectosPersonales_Curso-Coder-Java_proyecto-main_crud_proyecto] INFO  o.eclipse.m2e.core.internal.Bundles - 	Entry: C:\Users\vespe\.p2\pool\plugins\org.eclipse.m2e.maven.runtime_3.9.900.20240824-1409\jars\plexus-build-api-0.0.7.jar
2025-07-21 14:14:55,746 [Worker-136: Launching Executing install in C__Users_vespe_OneDrive_Escritorio_ProyectosPersonales_Curso-Coder-Java_proyecto-main_crud_proyecto] INFO  o.eclipse.m2e.core.internal.Bundles - 	Entry: C:\Users\vespe\.p2\pool\plugins\org.eclipse.m2e.maven.runtime_3.9.900.20240824-1409\jars\plexus-build-api-1.2.0.jar
2025-07-21 14:14:55,746 [Worker-136: Launching Executing install in C__Users_vespe_OneDrive_Escritorio_ProyectosPersonales_Curso-Coder-Java_proyecto-main_crud_proyecto] INFO  o.eclipse.m2e.core.internal.Bundles - 	Entry: C:\Users\vespe\.p2\pool\plugins\org.eclipse.m2e.maven.runtime_3.9.900.20240824-1409\jars\plexus-cipher-2.0.jar
2025-07-21 14:14:55,746 [Worker-136: Launching Executing install in C__Users_vespe_OneDrive_Escritorio_ProyectosPersonales_Curso-Coder-Java_proyecto-main_crud_proyecto] INFO  o.eclipse.m2e.core.internal.Bundles - 	Entry: C:\Users\vespe\.p2\pool\plugins\org.eclipse.m2e.maven.runtime_3.9.900.20240824-1409\jars\plexus-classworlds-2.8.0.jar
2025-07-21 14:14:55,746 [Worker-136: Launching Executing install in C__Users_vespe_OneDrive_Escritorio_ProyectosPersonales_Curso-Coder-Java_proyecto-main_crud_proyecto] INFO  o.eclipse.m2e.core.internal.Bundles - 	Entry: C:\Users\vespe\.p2\pool\plugins\org.eclipse.m2e.maven.runtime_3.9.900.20240824-1409\jars\plexus-component-annotations-2.1.0.jar
2025-07-21 14:14:55,746 [Worker-136: Launching Executing install in C__Users_vespe_OneDrive_Escritorio_ProyectosPersonales_Curso-Coder-Java_proyecto-main_crud_proyecto] INFO  o.eclipse.m2e.core.internal.Bundles - 	Entry: C:\Users\vespe\.p2\pool\plugins\org.eclipse.m2e.maven.runtime_3.9.900.20240824-1409\jars\plexus-interpolation-1.27.jar
2025-07-21 14:14:55,746 [Worker-136: Launching Executing install in C__Users_vespe_OneDrive_Escritorio_ProyectosPersonales_Curso-Coder-Java_proyecto-main_crud_proyecto] INFO  o.eclipse.m2e.core.internal.Bundles - 	Entry: C:\Users\vespe\.p2\pool\plugins\org.eclipse.m2e.maven.runtime_3.9.900.20240824-1409\jars\plexus-sec-dispatcher-2.0.jar
2025-07-21 14:14:55,746 [Worker-136: Launching Executing install in C__Users_vespe_OneDrive_Escritorio_ProyectosPersonales_Curso-Coder-Java_proyecto-main_crud_proyecto] INFO  o.eclipse.m2e.core.internal.Bundles - 	Entry: C:\Users\vespe\.p2\pool\plugins\org.eclipse.m2e.maven.runtime_3.9.900.20240824-1409\jars\plexus-utils-3.5.1.jar
2025-07-21 14:14:55,746 [Worker-136: Launching Executing install in C__Users_vespe_OneDrive_Escritorio_ProyectosPersonales_Curso-Coder-Java_proyecto-main_crud_proyecto] INFO  o.eclipse.m2e.core.internal.Bundles - 	Entry: C:\Users\vespe\.p2\pool\plugins\org.eclipse.m2e.maven.runtime_3.9.900.20240824-1409\jars\plexus-xml-3.0.1.jar
2025-07-21 14:14:55,746 [Worker-136: Launching Executing install in C__Users_vespe_OneDrive_Escritorio_ProyectosPersonales_Curso-Coder-Java_proyecto-main_crud_proyecto] INFO  o.eclipse.m2e.core.internal.Bundles - 	Entry: C:\Users\vespe\.p2\pool\plugins\org.eclipse.m2e.maven.runtime_3.9.900.20240824-1409\jars\wagon-file-3.5.3.jar
2025-07-21 14:14:55,746 [Worker-136: Launching Executing install in C__Users_vespe_OneDrive_Escritorio_ProyectosPersonales_Curso-Coder-Java_proyecto-main_crud_proyecto] INFO  o.eclipse.m2e.core.internal.Bundles - 	Entry: C:\Users\vespe\.p2\pool\plugins\org.eclipse.m2e.maven.runtime_3.9.900.20240824-1409\jars\wagon-http-3.5.3.jar
2025-07-21 14:14:55,746 [Worker-136: Launching Executing install in C__Users_vespe_OneDrive_Escritorio_ProyectosPersonales_Curso-Coder-Java_proyecto-main_crud_proyecto] INFO  o.eclipse.m2e.core.internal.Bundles - 	Entry: C:\Users\vespe\.p2\pool\plugins\org.eclipse.m2e.maven.runtime_3.9.900.20240824-1409\jars\wagon-http-shared-3.5.3.jar
2025-07-21 14:14:55,746 [Worker-136: Launching Executing install in C__Users_vespe_OneDrive_Escritorio_ProyectosPersonales_Curso-Coder-Java_proyecto-main_crud_proyecto] INFO  o.eclipse.m2e.core.internal.Bundles - 	Entry: C:\Users\vespe\.p2\pool\plugins\org.eclipse.m2e.maven.runtime_3.9.900.20240824-1409\jars\wagon-provider-api-3.5.3.jar
2025-07-21 14:14:55,746 [Worker-136: Launching Executing install in C__Users_vespe_OneDrive_Escritorio_ProyectosPersonales_Curso-Coder-Java_proyecto-main_crud_proyecto] INFO  o.eclipse.m2e.core.internal.Bundles - getClasspathEntries(Bundle=com.google.guava_33.3.1.jre [16])
2025-07-21 14:14:55,746 [Worker-136: Launching Executing install in C__Users_vespe_OneDrive_Escritorio_ProyectosPersonales_Curso-Coder-Java_proyecto-main_crud_proyecto] INFO  o.eclipse.m2e.core.internal.Bundles - 	Entry: C:\Users\vespe\.p2\pool\plugins\com.google.guava_33.3.1.jre.jar
2025-07-21 14:14:55,746 [Worker-136: Launching Executing install in C__Users_vespe_OneDrive_Escritorio_ProyectosPersonales_Curso-Coder-Java_proyecto-main_crud_proyecto] INFO  o.eclipse.m2e.core.internal.Bundles - getClasspathEntries(Bundle=slf4j.api_2.0.16 [1005])
2025-07-21 14:14:55,748 [Worker-136: Launching Executing install in C__Users_vespe_OneDrive_Escritorio_ProyectosPersonales_Curso-Coder-Java_proyecto-main_crud_proyecto] INFO  o.eclipse.m2e.core.internal.Bundles - 	Entry: C:\Users\vespe\.p2\pool\plugins\slf4j.api_2.0.16.jar
2025-07-21 14:14:55,748 [Worker-136: Launching Executing install in C__Users_vespe_OneDrive_Escritorio_ProyectosPersonales_Curso-Coder-Java_proyecto-main_crud_proyecto] INFO  o.eclipse.m2e.core.internal.Bundles - getClasspathEntries(Bundle=jakarta.inject.jakarta.inject-api_1.0.5 [34])
2025-07-21 14:14:55,748 [Worker-136: Launching Executing install in C__Users_vespe_OneDrive_Escritorio_ProyectosPersonales_Curso-Coder-Java_proyecto-main_crud_proyecto] INFO  o.eclipse.m2e.core.internal.Bundles - 	Entry: C:\Users\vespe\.p2\pool\plugins\jakarta.inject.jakarta.inject-api_1.0.5.jar
2025-07-21 14:14:55,748 [Worker-136: Launching Executing install in C__Users_vespe_OneDrive_Escritorio_ProyectosPersonales_Curso-Coder-Java_proyecto-main_crud_proyecto] INFO  o.eclipse.m2e.core.internal.Bundles - getClasspathEntries(Bundle=jakarta.annotation-api_1.3.5 [29])
2025-07-21 14:14:55,748 [Worker-136: Launching Executing install in C__Users_vespe_OneDrive_Escritorio_ProyectosPersonales_Curso-Coder-Java_proyecto-main_crud_proyecto] INFO  o.eclipse.m2e.core.internal.Bundles - 	Entry: C:\Users\vespe\.p2\pool\plugins\jakarta.annotation-api_1.3.5.jar
2025-07-21 14:14:55,748 [Worker-136: Launching Executing install in C__Users_vespe_OneDrive_Escritorio_ProyectosPersonales_Curso-Coder-Java_proyecto-main_crud_proyecto] INFO  o.eclipse.m2e.core.internal.Bundles - getClasspathEntries(Bundle=org.apache.commons.cli_1.9.0 [75])
2025-07-21 14:14:55,748 [Worker-136: Launching Executing install in C__Users_vespe_OneDrive_Escritorio_ProyectosPersonales_Curso-Coder-Java_proyecto-main_crud_proyecto] INFO  o.eclipse.m2e.core.internal.Bundles - 	Entry: C:\Users\vespe\.p2\pool\plugins\org.apache.commons.cli_1.9.0.jar
2025-07-21 14:14:55,748 [Worker-136: Launching Executing install in C__Users_vespe_OneDrive_Escritorio_ProyectosPersonales_Curso-Coder-Java_proyecto-main_crud_proyecto] INFO  o.eclipse.m2e.core.internal.Bundles - getClasspathEntries(Bundle=org.apache.commons.commons-codec_1.16.0 [78])
2025-07-21 14:14:55,748 [Worker-136: Launching Executing install in C__Users_vespe_OneDrive_Escritorio_ProyectosPersonales_Curso-Coder-Java_proyecto-main_crud_proyecto] INFO  o.eclipse.m2e.core.internal.Bundles - 	Entry: C:\Users\vespe\.p2\pool\plugins\org.apache.commons.commons-codec_1.16.0.jar
2025-07-21 14:14:55,748 [Worker-136: Launching Executing install in C__Users_vespe_OneDrive_Escritorio_ProyectosPersonales_Curso-Coder-Java_proyecto-main_crud_proyecto] INFO  o.eclipse.m2e.core.internal.Bundles - getClasspathEntries(Bundle=com.google.guava.failureaccess_1.0.2 [17])
2025-07-21 14:14:55,748 [Worker-136: Launching Executing install in C__Users_vespe_OneDrive_Escritorio_ProyectosPersonales_Curso-Coder-Java_proyecto-main_crud_proyecto] INFO  o.eclipse.m2e.core.internal.Bundles - 	Entry: C:\Users\vespe\.p2\pool\plugins\com.google.guava.failureaccess_1.0.2.jar
2025-07-21 14:14:55,750 [Worker-136: Launching Executing install in C__Users_vespe_OneDrive_Escritorio_ProyectosPersonales_Curso-Coder-Java_proyecto-main_crud_proyecto] INFO  o.e.m.i.launch.MavenLaunchDelegate - Run build in "C:\Users\vespe\OneDrive\Escritorio\ProyectosPersonales\Curso-Coder-Java\proyecto-main\crud_proyecto":
2025-07-21 14:14:55,750 [Worker-136: Launching Executing install in C__Users_vespe_OneDrive_Escritorio_ProyectosPersonales_Curso-Coder-Java_proyecto-main_crud_proyecto] INFO  o.e.m.i.launch.MavenLaunchDelegate -  mvn  -B -Dstyle.color=always install
2025-07-21 14:16:36,994 [Worker-133: Launching Executing test in C__Users_vespe_OneDrive_Escritorio_ProyectosPersonales_Curso-Coder-Java_proyecto-main_crud_proyecto] INFO  o.eclipse.m2e.core.internal.Bundles - getClasspathEntries(Bundle=org.eclipse.m2e.maven.runtime_3.9.900.20240824-1409 [638])
2025-07-21 14:16:36,994 [Worker-133: Launching Executing test in C__Users_vespe_OneDrive_Escritorio_ProyectosPersonales_Curso-Coder-Java_proyecto-main_crud_proyecto] INFO  o.eclipse.m2e.core.internal.Bundles - 	Entry: C:\Users\vespe\.p2\pool\plugins\org.eclipse.m2e.maven.runtime_3.9.900.20240824-1409
2025-07-21 14:16:36,994 [Worker-133: Launching Executing test in C__Users_vespe_OneDrive_Escritorio_ProyectosPersonales_Curso-Coder-Java_proyecto-main_crud_proyecto] INFO  o.eclipse.m2e.core.internal.Bundles - 	Entry: C:\Users\vespe\.p2\pool\plugins\org.eclipse.m2e.maven.runtime_3.9.900.20240824-1409\jars\aopalliance-1.0.jar
2025-07-21 14:16:36,994 [Worker-133: Launching Executing test in C__Users_vespe_OneDrive_Escritorio_ProyectosPersonales_Curso-Coder-Java_proyecto-main_crud_proyecto] INFO  o.eclipse.m2e.core.internal.Bundles - 	Entry: C:\Users\vespe\.p2\pool\plugins\org.eclipse.m2e.maven.runtime_3.9.900.20240824-1409\jars\guice-5.1.0.jar
2025-07-21 14:16:36,995 [Worker-133: Launching Executing test in C__Users_vespe_OneDrive_Escritorio_ProyectosPersonales_Curso-Coder-Java_proyecto-main_crud_proyecto] INFO  o.eclipse.m2e.core.internal.Bundles - 	Entry: C:\Users\vespe\.p2\pool\plugins\org.eclipse.m2e.maven.runtime_3.9.900.20240824-1409\jars\httpclient-4.5.14.jar
2025-07-21 14:16:36,995 [Worker-133: Launching Executing test in C__Users_vespe_OneDrive_Escritorio_ProyectosPersonales_Curso-Coder-Java_proyecto-main_crud_proyecto] INFO  o.eclipse.m2e.core.internal.Bundles - 	Entry: C:\Users\vespe\.p2\pool\plugins\org.eclipse.m2e.maven.runtime_3.9.900.20240824-1409\jars\httpcore-4.4.16.jar
2025-07-21 14:16:36,995 [Worker-133: Launching Executing test in C__Users_vespe_OneDrive_Escritorio_ProyectosPersonales_Curso-Coder-Java_proyecto-main_crud_proyecto] INFO  o.eclipse.m2e.core.internal.Bundles - 	Entry: C:\Users\vespe\.p2\pool\plugins\org.eclipse.m2e.maven.runtime_3.9.900.20240824-1409\jars\jansi-2.4.1.jar
2025-07-21 14:16:36,995 [Worker-133: Launching Executing test in C__Users_vespe_OneDrive_Escritorio_ProyectosPersonales_Curso-Coder-Java_proyecto-main_crud_proyecto] INFO  o.eclipse.m2e.core.internal.Bundles - 	Entry: C:\Users\vespe\.p2\pool\plugins\org.eclipse.m2e.maven.runtime_3.9.900.20240824-1409\jars\jcl-over-slf4j-1.7.36.jar
2025-07-21 14:16:36,995 [Worker-133: Launching Executing test in C__Users_vespe_OneDrive_Escritorio_ProyectosPersonales_Curso-Coder-Java_proyecto-main_crud_proyecto] INFO  o.eclipse.m2e.core.internal.Bundles - 	Entry: C:\Users\vespe\.p2\pool\plugins\org.eclipse.m2e.maven.runtime_3.9.900.20240824-1409\jars\maven-artifact-3.9.9.jar
2025-07-21 14:16:36,995 [Worker-133: Launching Executing test in C__Users_vespe_OneDrive_Escritorio_ProyectosPersonales_Curso-Coder-Java_proyecto-main_crud_proyecto] INFO  o.eclipse.m2e.core.internal.Bundles - 	Entry: C:\Users\vespe\.p2\pool\plugins\org.eclipse.m2e.maven.runtime_3.9.900.20240824-1409\jars\maven-builder-support-3.9.9.jar
2025-07-21 14:16:36,995 [Worker-133: Launching Executing test in C__Users_vespe_OneDrive_Escritorio_ProyectosPersonales_Curso-Coder-Java_proyecto-main_crud_proyecto] INFO  o.eclipse.m2e.core.internal.Bundles - 	Entry: C:\Users\vespe\.p2\pool\plugins\org.eclipse.m2e.maven.runtime_3.9.900.20240824-1409\jars\maven-compat-3.9.9.jar
2025-07-21 14:16:36,996 [Worker-133: Launching Executing test in C__Users_vespe_OneDrive_Escritorio_ProyectosPersonales_Curso-Coder-Java_proyecto-main_crud_proyecto] INFO  o.eclipse.m2e.core.internal.Bundles - 	Entry: C:\Users\vespe\.p2\pool\plugins\org.eclipse.m2e.maven.runtime_3.9.900.20240824-1409\jars\maven-core-3.9.9.jar
2025-07-21 14:16:36,996 [Worker-133: Launching Executing test in C__Users_vespe_OneDrive_Escritorio_ProyectosPersonales_Curso-Coder-Java_proyecto-main_crud_proyecto] INFO  o.eclipse.m2e.core.internal.Bundles - 	Entry: C:\Users\vespe\.p2\pool\plugins\org.eclipse.m2e.maven.runtime_3.9.900.20240824-1409\jars\maven-embedder-3.9.9.jar
2025-07-21 14:16:36,996 [Worker-133: Launching Executing test in C__Users_vespe_OneDrive_Escritorio_ProyectosPersonales_Curso-Coder-Java_proyecto-main_crud_proyecto] INFO  o.eclipse.m2e.core.internal.Bundles - 	Entry: C:\Users\vespe\.p2\pool\plugins\org.eclipse.m2e.maven.runtime_3.9.900.20240824-1409\jars\maven-model-3.9.9.jar
2025-07-21 14:16:36,996 [Worker-133: Launching Executing test in C__Users_vespe_OneDrive_Escritorio_ProyectosPersonales_Curso-Coder-Java_proyecto-main_crud_proyecto] INFO  o.eclipse.m2e.core.internal.Bundles - 	Entry: C:\Users\vespe\.p2\pool\plugins\org.eclipse.m2e.maven.runtime_3.9.900.20240824-1409\jars\maven-model-builder-3.9.9.jar
2025-07-21 14:16:36,996 [Worker-133: Launching Executing test in C__Users_vespe_OneDrive_Escritorio_ProyectosPersonales_Curso-Coder-Java_proyecto-main_crud_proyecto] INFO  o.eclipse.m2e.core.internal.Bundles - 	Entry: C:\Users\vespe\.p2\pool\plugins\org.eclipse.m2e.maven.runtime_3.9.900.20240824-1409\jars\maven-plugin-api-3.9.9.jar
2025-07-21 14:16:36,996 [Worker-133: Launching Executing test in C__Users_vespe_OneDrive_Escritorio_ProyectosPersonales_Curso-Coder-Java_proyecto-main_crud_proyecto] INFO  o.eclipse.m2e.core.internal.Bundles - 	Entry: C:\Users\vespe\.p2\pool\plugins\org.eclipse.m2e.maven.runtime_3.9.900.20240824-1409\jars\maven-repository-metadata-3.9.9.jar
2025-07-21 14:16:36,996 [Worker-133: Launching Executing test in C__Users_vespe_OneDrive_Escritorio_ProyectosPersonales_Curso-Coder-Java_proyecto-main_crud_proyecto] INFO  o.eclipse.m2e.core.internal.Bundles - 	Entry: C:\Users\vespe\.p2\pool\plugins\org.eclipse.m2e.maven.runtime_3.9.900.20240824-1409\jars\maven-resolver-api-1.9.22.jar
2025-07-21 14:16:36,996 [Worker-133: Launching Executing test in C__Users_vespe_OneDrive_Escritorio_ProyectosPersonales_Curso-Coder-Java_proyecto-main_crud_proyecto] INFO  o.eclipse.m2e.core.internal.Bundles - 	Entry: C:\Users\vespe\.p2\pool\plugins\org.eclipse.m2e.maven.runtime_3.9.900.20240824-1409\jars\maven-resolver-connector-basic-1.9.22.jar
2025-07-21 14:16:36,996 [Worker-133: Launching Executing test in C__Users_vespe_OneDrive_Escritorio_ProyectosPersonales_Curso-Coder-Java_proyecto-main_crud_proyecto] INFO  o.eclipse.m2e.core.internal.Bundles - 	Entry: C:\Users\vespe\.p2\pool\plugins\org.eclipse.m2e.maven.runtime_3.9.900.20240824-1409\jars\maven-resolver-impl-1.9.22.jar
2025-07-21 14:16:36,996 [Worker-133: Launching Executing test in C__Users_vespe_OneDrive_Escritorio_ProyectosPersonales_Curso-Coder-Java_proyecto-main_crud_proyecto] INFO  o.eclipse.m2e.core.internal.Bundles - 	Entry: C:\Users\vespe\.p2\pool\plugins\org.eclipse.m2e.maven.runtime_3.9.900.20240824-1409\jars\maven-resolver-named-locks-1.9.22.jar
2025-07-21 14:16:36,996 [Worker-133: Launching Executing test in C__Users_vespe_OneDrive_Escritorio_ProyectosPersonales_Curso-Coder-Java_proyecto-main_crud_proyecto] INFO  o.eclipse.m2e.core.internal.Bundles - 	Entry: C:\Users\vespe\.p2\pool\plugins\org.eclipse.m2e.maven.runtime_3.9.900.20240824-1409\jars\maven-resolver-provider-3.9.9.jar
2025-07-21 14:16:36,996 [Worker-133: Launching Executing test in C__Users_vespe_OneDrive_Escritorio_ProyectosPersonales_Curso-Coder-Java_proyecto-main_crud_proyecto] INFO  o.eclipse.m2e.core.internal.Bundles - 	Entry: C:\Users\vespe\.p2\pool\plugins\org.eclipse.m2e.maven.runtime_3.9.900.20240824-1409\jars\maven-resolver-spi-1.9.22.jar
2025-07-21 14:16:36,996 [Worker-133: Launching Executing test in C__Users_vespe_OneDrive_Escritorio_ProyectosPersonales_Curso-Coder-Java_proyecto-main_crud_proyecto] INFO  o.eclipse.m2e.core.internal.Bundles - 	Entry: C:\Users\vespe\.p2\pool\plugins\org.eclipse.m2e.maven.runtime_3.9.900.20240824-1409\jars\maven-resolver-transport-file-1.9.22.jar
2025-07-21 14:16:36,997 [Worker-133: Launching Executing test in C__Users_vespe_OneDrive_Escritorio_ProyectosPersonales_Curso-Coder-Java_proyecto-main_crud_proyecto] INFO  o.eclipse.m2e.core.internal.Bundles - 	Entry: C:\Users\vespe\.p2\pool\plugins\org.eclipse.m2e.maven.runtime_3.9.900.20240824-1409\jars\maven-resolver-transport-http-1.9.22.jar
2025-07-21 14:16:36,997 [Worker-133: Launching Executing test in C__Users_vespe_OneDrive_Escritorio_ProyectosPersonales_Curso-Coder-Java_proyecto-main_crud_proyecto] INFO  o.eclipse.m2e.core.internal.Bundles - 	Entry: C:\Users\vespe\.p2\pool\plugins\org.eclipse.m2e.maven.runtime_3.9.900.20240824-1409\jars\maven-resolver-transport-wagon-1.9.22.jar
2025-07-21 14:16:36,997 [Worker-133: Launching Executing test in C__Users_vespe_OneDrive_Escritorio_ProyectosPersonales_Curso-Coder-Java_proyecto-main_crud_proyecto] INFO  o.eclipse.m2e.core.internal.Bundles - 	Entry: C:\Users\vespe\.p2\pool\plugins\org.eclipse.m2e.maven.runtime_3.9.900.20240824-1409\jars\maven-resolver-util-1.9.22.jar
2025-07-21 14:16:36,997 [Worker-133: Launching Executing test in C__Users_vespe_OneDrive_Escritorio_ProyectosPersonales_Curso-Coder-Java_proyecto-main_crud_proyecto] INFO  o.eclipse.m2e.core.internal.Bundles - 	Entry: C:\Users\vespe\.p2\pool\plugins\org.eclipse.m2e.maven.runtime_3.9.900.20240824-1409\jars\maven-settings-3.9.9.jar
2025-07-21 14:16:36,997 [Worker-133: Launching Executing test in C__Users_vespe_OneDrive_Escritorio_ProyectosPersonales_Curso-Coder-Java_proyecto-main_crud_proyecto] INFO  o.eclipse.m2e.core.internal.Bundles - 	Entry: C:\Users\vespe\.p2\pool\plugins\org.eclipse.m2e.maven.runtime_3.9.900.20240824-1409\jars\maven-settings-builder-3.9.9.jar
2025-07-21 14:16:36,997 [Worker-133: Launching Executing test in C__Users_vespe_OneDrive_Escritorio_ProyectosPersonales_Curso-Coder-Java_proyecto-main_crud_proyecto] INFO  o.eclipse.m2e.core.internal.Bundles - 	Entry: C:\Users\vespe\.p2\pool\plugins\org.eclipse.m2e.maven.runtime_3.9.900.20240824-1409\jars\maven-shared-utils-3.4.2.jar
2025-07-21 14:16:36,997 [Worker-133: Launching Executing test in C__Users_vespe_OneDrive_Escritorio_ProyectosPersonales_Curso-Coder-Java_proyecto-main_crud_proyecto] INFO  o.eclipse.m2e.core.internal.Bundles - 	Entry: C:\Users\vespe\.p2\pool\plugins\org.eclipse.m2e.maven.runtime_3.9.900.20240824-1409\jars\org.eclipse.sisu.inject-0.9.0.M3.jar
2025-07-21 14:16:36,997 [Worker-133: Launching Executing test in C__Users_vespe_OneDrive_Escritorio_ProyectosPersonales_Curso-Coder-Java_proyecto-main_crud_proyecto] INFO  o.eclipse.m2e.core.internal.Bundles - 	Entry: C:\Users\vespe\.p2\pool\plugins\org.eclipse.m2e.maven.runtime_3.9.900.20240824-1409\jars\org.eclipse.sisu.plexus-0.9.0.M3.jar
2025-07-21 14:16:36,997 [Worker-133: Launching Executing test in C__Users_vespe_OneDrive_Escritorio_ProyectosPersonales_Curso-Coder-Java_proyecto-main_crud_proyecto] INFO  o.eclipse.m2e.core.internal.Bundles - 	Entry: C:\Users\vespe\.p2\pool\plugins\org.eclipse.m2e.maven.runtime_3.9.900.20240824-1409\jars\plexus-build-api-0.0.7.jar
2025-07-21 14:16:36,997 [Worker-133: Launching Executing test in C__Users_vespe_OneDrive_Escritorio_ProyectosPersonales_Curso-Coder-Java_proyecto-main_crud_proyecto] INFO  o.eclipse.m2e.core.internal.Bundles - 	Entry: C:\Users\vespe\.p2\pool\plugins\org.eclipse.m2e.maven.runtime_3.9.900.20240824-1409\jars\plexus-build-api-1.2.0.jar
2025-07-21 14:16:36,997 [Worker-133: Launching Executing test in C__Users_vespe_OneDrive_Escritorio_ProyectosPersonales_Curso-Coder-Java_proyecto-main_crud_proyecto] INFO  o.eclipse.m2e.core.internal.Bundles - 	Entry: C:\Users\vespe\.p2\pool\plugins\org.eclipse.m2e.maven.runtime_3.9.900.20240824-1409\jars\plexus-cipher-2.0.jar
2025-07-21 14:16:36,997 [Worker-133: Launching Executing test in C__Users_vespe_OneDrive_Escritorio_ProyectosPersonales_Curso-Coder-Java_proyecto-main_crud_proyecto] INFO  o.eclipse.m2e.core.internal.Bundles - 	Entry: C:\Users\vespe\.p2\pool\plugins\org.eclipse.m2e.maven.runtime_3.9.900.20240824-1409\jars\plexus-classworlds-2.8.0.jar
2025-07-21 14:16:36,998 [Worker-133: Launching Executing test in C__Users_vespe_OneDrive_Escritorio_ProyectosPersonales_Curso-Coder-Java_proyecto-main_crud_proyecto] INFO  o.eclipse.m2e.core.internal.Bundles - 	Entry: C:\Users\vespe\.p2\pool\plugins\org.eclipse.m2e.maven.runtime_3.9.900.20240824-1409\jars\plexus-component-annotations-2.1.0.jar
2025-07-21 14:16:36,998 [Worker-133: Launching Executing test in C__Users_vespe_OneDrive_Escritorio_ProyectosPersonales_Curso-Coder-Java_proyecto-main_crud_proyecto] INFO  o.eclipse.m2e.core.internal.Bundles - 	Entry: C:\Users\vespe\.p2\pool\plugins\org.eclipse.m2e.maven.runtime_3.9.900.20240824-1409\jars\plexus-interpolation-1.27.jar
2025-07-21 14:16:36,998 [Worker-133: Launching Executing test in C__Users_vespe_OneDrive_Escritorio_ProyectosPersonales_Curso-Coder-Java_proyecto-main_crud_proyecto] INFO  o.eclipse.m2e.core.internal.Bundles - 	Entry: C:\Users\vespe\.p2\pool\plugins\org.eclipse.m2e.maven.runtime_3.9.900.20240824-1409\jars\plexus-sec-dispatcher-2.0.jar
2025-07-21 14:16:36,998 [Worker-133: Launching Executing test in C__Users_vespe_OneDrive_Escritorio_ProyectosPersonales_Curso-Coder-Java_proyecto-main_crud_proyecto] INFO  o.eclipse.m2e.core.internal.Bundles - 	Entry: C:\Users\vespe\.p2\pool\plugins\org.eclipse.m2e.maven.runtime_3.9.900.20240824-1409\jars\plexus-utils-3.5.1.jar
2025-07-21 14:16:36,998 [Worker-133: Launching Executing test in C__Users_vespe_OneDrive_Escritorio_ProyectosPersonales_Curso-Coder-Java_proyecto-main_crud_proyecto] INFO  o.eclipse.m2e.core.internal.Bundles - 	Entry: C:\Users\vespe\.p2\pool\plugins\org.eclipse.m2e.maven.runtime_3.9.900.20240824-1409\jars\plexus-xml-3.0.1.jar
2025-07-21 14:16:36,998 [Worker-133: Launching Executing test in C__Users_vespe_OneDrive_Escritorio_ProyectosPersonales_Curso-Coder-Java_proyecto-main_crud_proyecto] INFO  o.eclipse.m2e.core.internal.Bundles - 	Entry: C:\Users\vespe\.p2\pool\plugins\org.eclipse.m2e.maven.runtime_3.9.900.20240824-1409\jars\wagon-file-3.5.3.jar
2025-07-21 14:16:36,998 [Worker-133: Launching Executing test in C__Users_vespe_OneDrive_Escritorio_ProyectosPersonales_Curso-Coder-Java_proyecto-main_crud_proyecto] INFO  o.eclipse.m2e.core.internal.Bundles - 	Entry: C:\Users\vespe\.p2\pool\plugins\org.eclipse.m2e.maven.runtime_3.9.900.20240824-1409\jars\wagon-http-3.5.3.jar
2025-07-21 14:16:36,998 [Worker-133: Launching Executing test in C__Users_vespe_OneDrive_Escritorio_ProyectosPersonales_Curso-Coder-Java_proyecto-main_crud_proyecto] INFO  o.eclipse.m2e.core.internal.Bundles - 	Entry: C:\Users\vespe\.p2\pool\plugins\org.eclipse.m2e.maven.runtime_3.9.900.20240824-1409\jars\wagon-http-shared-3.5.3.jar
2025-07-21 14:16:36,998 [Worker-133: Launching Executing test in C__Users_vespe_OneDrive_Escritorio_ProyectosPersonales_Curso-Coder-Java_proyecto-main_crud_proyecto] INFO  o.eclipse.m2e.core.internal.Bundles - 	Entry: C:\Users\vespe\.p2\pool\plugins\org.eclipse.m2e.maven.runtime_3.9.900.20240824-1409\jars\wagon-provider-api-3.5.3.jar
2025-07-21 14:16:36,998 [Worker-133: Launching Executing test in C__Users_vespe_OneDrive_Escritorio_ProyectosPersonales_Curso-Coder-Java_proyecto-main_crud_proyecto] INFO  o.eclipse.m2e.core.internal.Bundles - getClasspathEntries(Bundle=com.google.guava_33.3.1.jre [16])
2025-07-21 14:16:36,999 [Worker-133: Launching Executing test in C__Users_vespe_OneDrive_Escritorio_ProyectosPersonales_Curso-Coder-Java_proyecto-main_crud_proyecto] INFO  o.eclipse.m2e.core.internal.Bundles - 	Entry: C:\Users\vespe\.p2\pool\plugins\com.google.guava_33.3.1.jre.jar
2025-07-21 14:16:36,999 [Worker-133: Launching Executing test in C__Users_vespe_OneDrive_Escritorio_ProyectosPersonales_Curso-Coder-Java_proyecto-main_crud_proyecto] INFO  o.eclipse.m2e.core.internal.Bundles - getClasspathEntries(Bundle=slf4j.api_2.0.16 [1005])
2025-07-21 14:16:36,999 [Worker-133: Launching Executing test in C__Users_vespe_OneDrive_Escritorio_ProyectosPersonales_Curso-Coder-Java_proyecto-main_crud_proyecto] INFO  o.eclipse.m2e.core.internal.Bundles - 	Entry: C:\Users\vespe\.p2\pool\plugins\slf4j.api_2.0.16.jar
2025-07-21 14:16:36,999 [Worker-133: Launching Executing test in C__Users_vespe_OneDrive_Escritorio_ProyectosPersonales_Curso-Coder-Java_proyecto-main_crud_proyecto] INFO  o.eclipse.m2e.core.internal.Bundles - getClasspathEntries(Bundle=jakarta.inject.jakarta.inject-api_1.0.5 [34])
2025-07-21 14:16:36,999 [Worker-133: Launching Executing test in C__Users_vespe_OneDrive_Escritorio_ProyectosPersonales_Curso-Coder-Java_proyecto-main_crud_proyecto] INFO  o.eclipse.m2e.core.internal.Bundles - 	Entry: C:\Users\vespe\.p2\pool\plugins\jakarta.inject.jakarta.inject-api_1.0.5.jar
2025-07-21 14:16:36,999 [Worker-133: Launching Executing test in C__Users_vespe_OneDrive_Escritorio_ProyectosPersonales_Curso-Coder-Java_proyecto-main_crud_proyecto] INFO  o.eclipse.m2e.core.internal.Bundles - getClasspathEntries(Bundle=jakarta.annotation-api_1.3.5 [29])
2025-07-21 14:16:36,999 [Worker-133: Launching Executing test in C__Users_vespe_OneDrive_Escritorio_ProyectosPersonales_Curso-Coder-Java_proyecto-main_crud_proyecto] INFO  o.eclipse.m2e.core.internal.Bundles - 	Entry: C:\Users\vespe\.p2\pool\plugins\jakarta.annotation-api_1.3.5.jar
2025-07-21 14:16:36,999 [Worker-133: Launching Executing test in C__Users_vespe_OneDrive_Escritorio_ProyectosPersonales_Curso-Coder-Java_proyecto-main_crud_proyecto] INFO  o.eclipse.m2e.core.internal.Bundles - getClasspathEntries(Bundle=org.apache.commons.cli_1.9.0 [75])
2025-07-21 14:16:36,999 [Worker-133: Launching Executing test in C__Users_vespe_OneDrive_Escritorio_ProyectosPersonales_Curso-Coder-Java_proyecto-main_crud_proyecto] INFO  o.eclipse.m2e.core.internal.Bundles - 	Entry: C:\Users\vespe\.p2\pool\plugins\org.apache.commons.cli_1.9.0.jar
2025-07-21 14:16:36,999 [Worker-133: Launching Executing test in C__Users_vespe_OneDrive_Escritorio_ProyectosPersonales_Curso-Coder-Java_proyecto-main_crud_proyecto] INFO  o.eclipse.m2e.core.internal.Bundles - getClasspathEntries(Bundle=org.apache.commons.commons-codec_1.16.0 [78])
2025-07-21 14:16:36,999 [Worker-133: Launching Executing test in C__Users_vespe_OneDrive_Escritorio_ProyectosPersonales_Curso-Coder-Java_proyecto-main_crud_proyecto] INFO  o.eclipse.m2e.core.internal.Bundles - 	Entry: C:\Users\vespe\.p2\pool\plugins\org.apache.commons.commons-codec_1.16.0.jar
2025-07-21 14:16:37,000 [Worker-133: Launching Executing test in C__Users_vespe_OneDrive_Escritorio_ProyectosPersonales_Curso-Coder-Java_proyecto-main_crud_proyecto] INFO  o.eclipse.m2e.core.internal.Bundles - getClasspathEntries(Bundle=com.google.guava.failureaccess_1.0.2 [17])
2025-07-21 14:16:37,000 [Worker-133: Launching Executing test in C__Users_vespe_OneDrive_Escritorio_ProyectosPersonales_Curso-Coder-Java_proyecto-main_crud_proyecto] INFO  o.eclipse.m2e.core.internal.Bundles - 	Entry: C:\Users\vespe\.p2\pool\plugins\com.google.guava.failureaccess_1.0.2.jar
2025-07-21 14:16:37,001 [Worker-133: Launching Executing test in C__Users_vespe_OneDrive_Escritorio_ProyectosPersonales_Curso-Coder-Java_proyecto-main_crud_proyecto] INFO  o.e.m.i.launch.MavenLaunchDelegate - Run build in "C:\Users\vespe\OneDrive\Escritorio\ProyectosPersonales\Curso-Coder-Java\proyecto-main\crud_proyecto":
2025-07-21 14:16:37,001 [Worker-133: Launching Executing test in C__Users_vespe_OneDrive_Escritorio_ProyectosPersonales_Curso-Coder-Java_proyecto-main_crud_proyecto] INFO  o.e.m.i.launch.MavenLaunchDelegate -  mvn  -B -Dstyle.color=always test
2025-07-21 23:00:38,357 [Worker-144: Building] INFO  o.a.m.s.f.DefaultMavenResourcesFiltering - Copying 0 resource from src\main\resources to target\classes
2025-07-21 23:00:38,361 [Worker-144: Building] INFO  o.a.m.s.f.DefaultMavenResourcesFiltering - Copying 1 resource from src\main\resources to target\classes
2025-07-21 23:00:38,368 [Worker-144: Building] INFO  o.a.m.s.f.DefaultMavenResourcesFiltering - skip non existing resourceDirectory C:\Users\vespe\OneDrive\Escritorio\ProyectosPersonales\Curso-Coder-Java\proyecto-main\crud_proyecto\src\test\resources
2025-07-21 23:00:52,678 [Worker-143: Building] INFO  o.a.m.s.f.DefaultMavenResourcesFiltering - Copying 0 resource from src\main\resources to target\classes
2025-07-21 23:00:52,680 [Worker-143: Building] INFO  o.a.m.s.f.DefaultMavenResourcesFiltering - Copying 1 resource from src\main\resources to target\classes
2025-07-21 23:00:52,686 [Worker-143: Building] INFO  o.a.m.s.f.DefaultMavenResourcesFiltering - skip non existing resourceDirectory C:\Users\vespe\OneDrive\Escritorio\ProyectosPersonales\Curso-Coder-Java\proyecto-main\crud_proyecto\src\test\resources
2025-07-21 23:01:07,592 [Worker-144: Building] INFO  o.a.m.s.f.DefaultMavenResourcesFiltering - Copying 0 resource from src\main\resources to target\classes
2025-07-21 23:01:07,594 [Worker-144: Building] INFO  o.a.m.s.f.DefaultMavenResourcesFiltering - Copying 1 resource from src\main\resources to target\classes
2025-07-21 23:01:07,600 [Worker-144: Building] INFO  o.a.m.s.f.DefaultMavenResourcesFiltering - skip non existing resourceDirectory C:\Users\vespe\OneDrive\Escritorio\ProyectosPersonales\Curso-Coder-Java\proyecto-main\crud_proyecto\src\test\resources
2025-07-21 23:02:07,480 [Worker-143: Building] INFO  o.a.m.s.f.DefaultMavenResourcesFiltering - Copying 0 resource from src\main\resources to target\classes
2025-07-21 23:02:07,482 [Worker-143: Building] INFO  o.a.m.s.f.DefaultMavenResourcesFiltering - Copying 1 resource from src\main\resources to target\classes
2025-07-21 23:02:07,486 [Worker-143: Building] INFO  o.a.m.s.f.DefaultMavenResourcesFiltering - skip non existing resourceDirectory C:\Users\vespe\OneDrive\Escritorio\ProyectosPersonales\Curso-Coder-Java\proyecto-main\crud_proyecto\src\test\resources
2025-07-21 23:02:43,388 [Worker-146: Building] INFO  o.a.m.s.f.DefaultMavenResourcesFiltering - Copying 0 resource from src\main\resources to target\classes
2025-07-21 23:02:43,390 [Worker-146: Building] INFO  o.a.m.s.f.DefaultMavenResourcesFiltering - Copying 1 resource from src\main\resources to target\classes
2025-07-21 23:02:43,398 [Worker-146: Building] INFO  o.a.m.s.f.DefaultMavenResourcesFiltering - skip non existing resourceDirectory C:\Users\vespe\OneDrive\Escritorio\ProyectosPersonales\Curso-Coder-Java\proyecto-main\crud_proyecto\src\test\resources
2025-07-21 23:03:05,744 [Worker-148: Building] INFO  o.a.m.s.f.DefaultMavenResourcesFiltering - Copying 0 resource from src\main\resources to target\classes
2025-07-21 23:03:05,747 [Worker-148: Building] INFO  o.a.m.s.f.DefaultMavenResourcesFiltering - Copying 1 resource from src\main\resources to target\classes
2025-07-21 23:03:05,753 [Worker-148: Building] INFO  o.a.m.s.f.DefaultMavenResourcesFiltering - skip non existing resourceDirectory C:\Users\vespe\OneDrive\Escritorio\ProyectosPersonales\Curso-Coder-Java\proyecto-main\crud_proyecto\src\test\resources
2025-07-21 23:05:58,596 [Worker-148: Building] INFO  o.a.m.s.f.DefaultMavenResourcesFiltering - Copying 0 resource from src\main\resources to target\classes
2025-07-21 23:05:58,599 [Worker-148: Building] INFO  o.a.m.s.f.DefaultMavenResourcesFiltering - Copying 1 resource from src\main\resources to target\classes
2025-07-21 23:05:58,603 [Worker-148: Building] INFO  o.a.m.s.f.DefaultMavenResourcesFiltering - skip non existing resourceDirectory C:\Users\vespe\OneDrive\Escritorio\ProyectosPersonales\Curso-Coder-Java\proyecto-main\crud_proyecto\src\test\resources
2025-07-21 23:26:32,353 [Worker-152: Building] INFO  o.a.m.s.f.DefaultMavenResourcesFiltering - Copying 0 resource from src\main\resources to target\classes
2025-07-21 23:26:32,355 [Worker-152: Building] INFO  o.a.m.s.f.DefaultMavenResourcesFiltering - Copying 1 resource from src\main\resources to target\classes
2025-07-21 23:26:32,359 [Worker-152: Building] INFO  o.a.m.s.f.DefaultMavenResourcesFiltering - skip non existing resourceDirectory C:\Users\vespe\OneDrive\Escritorio\ProyectosPersonales\Curso-Coder-Java\proyecto-main\crud_proyecto\src\test\resources
2025-07-21 23:26:51,381 [Worker-156: Building] INFO  o.a.m.s.f.DefaultMavenResourcesFiltering - Copying 0 resource from src\main\resources to target\classes
2025-07-21 23:26:51,384 [Worker-156: Building] INFO  o.a.m.s.f.DefaultMavenResourcesFiltering - Copying 1 resource from src\main\resources to target\classes
2025-07-21 23:26:51,389 [Worker-156: Building] INFO  o.a.m.s.f.DefaultMavenResourcesFiltering - skip non existing resourceDirectory C:\Users\vespe\OneDrive\Escritorio\ProyectosPersonales\Curso-Coder-Java\proyecto-main\crud_proyecto\src\test\resources
2025-07-21 23:27:04,113 [Worker-156: Building] INFO  o.a.m.s.f.DefaultMavenResourcesFiltering - Copying 0 resource from src\main\resources to target\classes
2025-07-21 23:27:04,115 [Worker-156: Building] INFO  o.a.m.s.f.DefaultMavenResourcesFiltering - Copying 1 resource from src\main\resources to target\classes
2025-07-21 23:27:04,120 [Worker-156: Building] INFO  o.a.m.s.f.DefaultMavenResourcesFiltering - skip non existing resourceDirectory C:\Users\vespe\OneDrive\Escritorio\ProyectosPersonales\Curso-Coder-Java\proyecto-main\crud_proyecto\src\test\resources
2025-07-22 13:41:23,690 [Worker-2: Loading available Gradle versions] INFO  o.e.b.c.i.u.g.PublishedGradleVersions - Gradle version information cache is out-of-date. Trying to update.
2025-07-22 13:41:24,222 [Worker-2: Loading available Gradle versions] INFO  o.e.b.c.i.u.g.PublishedGradleVersions - Updating Gradle version information cache failed. Using outdated cache.
2025-07-22 13:41:37,145 [Worker-0: Deferred Early Start] INFO  o.a.h.c.h.i.c.HttpRequestRetryExec - Recoverable I/O exception (java.net.SocketException) caught when processing request to {s}->https://www.eclipse.org:443
